{"timestamp":"2026-08-04T15:54:48.7454261-03:00","level":"INFO","instance_id":"c8cdef81-4371-4930-9db2-fa5421175f42","message":"[c8cdef81-4371-4930-9db2-fa5421175f42] Starting reconnection process - simulating restart"}
{"timestamp":"2026-08-04T15:54:48.7473876-03:00","level":"INFO","instance_id":"c8cdef81-4371-4930-9db2-fa5421175f42","message":"[c8cdef81-4371-4930-9db2-fa5421175f42] Cleaning up resources"}
{"timestamp":"2026-08-04T15:55:12.2569201-03:00","level":"INFO","instance_id":"c8cdef81-4371-4930-9db2-fa5421175f42","message":"[c8cdef81-4371-4930-9db2-fa5421175f42] UserInfo cache cleared for token: 81c6b9b6-084f-45a6-8372-f82d0c2f0c7b"}
{"timestamp":"2026-08-04T15:55:15.8859831-03:00","level":"INFO","instance_id":"c8cdef81-4371-4930-9db2-fa5421175f42","message":"[c8cdef81-4371-4930-9db2-fa5421175f42] Starting fresh instance"}
{"timestamp":"2026-08-04T15:55:16.2114061-03:00","level":"INFO","instance_id":"c8cdef81-4371-4930-9db2-fa5421175f42","message":"[c8cdef81-4371-4930-9db2-fa5421175f42] Starting client"}
{"timestamp":"2026-08-04T15:55:16.2114061-03:00","level":"WARN","instance_id":"c8cdef81-4371-4930-9db2-fa5421175f42","message":"[c8cdef81-4371-4930-9db2-fa5421175f42] Message type discarded: "}
{"timestamp":"2026-08-04T15:55:16.2114061-03:00","level":"INFO","instance_id":"c8cdef81-4371-4930-9db2-fa5421175f42","message":"Starting websocket connection to Whatsapp for user 'c8cdef81-4371-4930-9db2-fa5421175f42'"}
{"timestamp":"2026-08-04T15:55:16.6908637-03:00","level":"INFO","instance_id":"c8cdef81-4371-4930-9db2-fa5421175f42","message":"[c8cdef81-4371-4930-9db2-fa5421175f42] No client found, starting instance for QR code"}
{"timestamp":"2026-08-04T15:55:16.8544475-03:00","level":"INFO","instance_id":"c8cdef81-4371-4930-9db2-fa5421175f42","message":"[c8cdef81-4371-4930-9db2-fa5421175f42] Starting client"}
{"timestamp":"2026-08-04T15:55:16.8544475-03:00","level":"WARN","instance_id":"c8cdef81-4371-4930-9db2-fa5421175f42","message":"[c8cdef81-4371-4930-9db2-fa5421175f42] Message type discarded: "}
{"timestamp":"2026-08-04T15:55:16.8544475-03:00","level":"INFO","instance_id":"c8cdef81-4371-4930-9db2-fa5421175f42","message":"Starting websocket connection to Whatsapp for user 'c8cdef81-4371-4930-9db2-fa5421175f42'"}
{"timestamp":"2026-08-04T15:55:17.3124958-03:00","level":"WARN","instance_id":"c8cdef81-4371-4930-9db2-fa5421175f42","message":"[c8cdef81-4371-4930-9db2-fa5421175f42] No jid found. Creating new device"}
{"timestamp":"2026-08-04T15:55:17.5503284-03:00","level":"INFO","instance_id":"c8cdef81-4371-4930-9db2-fa5421175f42","message":"[c8cdef81-4371-4930-9db2-fa5421175f42] Setting whatsapp version from web to 2.3000.1044457895"}
{"timestamp":"2026-08-04T15:55:17.9279464-03:00","level":"WARN","instance_id":"c8cdef81-4371-4930-9db2-fa5421175f42","message":"[c8cdef81-4371-4930-9db2-fa5421175f42] No jid found. Creating new device"}
{"timestamp":"2026-08-04T15:55:17.9285596-03:00","level":"INFO","instance_id":"c8cdef81-4371-4930-9db2-fa5421175f42","message":"[c8cdef81-4371-4930-9db2-fa5421175f42] Setting whatsapp version from web to 2.3000.1044457895"}
{"timestamp":"2026-08-04T15:55:18.1365187-03:00","level":"INFO","instance_id":"c8cdef81-4371-4930-9db2-fa5421175f42","message":"[c8cdef81-4371-4930-9db2-fa5421175f42] QR code generated #1 (max: 5)"}
{"timestamp":"2026-08-04T15:55:18.5419739-03:00","level":"INFO","instance_id":"c8cdef81-4371-4930-9db2-fa5421175f42","message":"[c8cdef81-4371-4930-9db2-fa5421175f42] QR code generated #1 (max: 5)"}
{"timestamp":"2026-08-04T15:55:19.0948331-03:00","level":"WARN","instance_id":"c8cdef81-4371-4930-9db2-fa5421175f42","message":"[c8cdef81-4371-4930-9db2-fa5421175f42] Message type discarded: "}
{"timestamp":"2026-08-04T15:55:19.0954284-03:00","level":"INFO","instance_id":"c8cdef81-4371-4930-9db2-fa5421175f42","message":"[c8cdef81-4371-4930-9db2-fa5421175f42] subscriptions [] eventType QRCode"}
{"timestamp":"2026-08-04T15:55:19.2576446-03:00","level":"WARN","instance_id":"c8cdef81-4371-4930-9db2-fa5421175f42","message":"[c8cdef81-4371-4930-9db2-fa5421175f42] Message type discarded: "}
{"timestamp":"2026-08-04T15:55:19.2576446-03:00","level":"INFO","instance_id":"c8cdef81-4371-4930-9db2-fa5421175f42","message":"[c8cdef81-4371-4930-9db2-fa5421175f42] subscriptions [] eventType QRCode"}
{"timestamp":"2026-08-04T15:55:49.1699702-03:00","level":"INFO","instance_id":"c8cdef81-4371-4930-9db2-fa5421175f42","message":"QR Pair Success for user 'c8cdef81-4371-4930-9db2-fa5421175f42' with JID '556282016064:7@s.whatsapp.net' - '556282016064:7@s.whatsapp.net'"}
{"timestamp":"2026-08-04T15:55:49.6608141-03:00","level":"INFO","instance_id":"c8cdef81-4371-4930-9db2-fa5421175f42","message":"[c8cdef81-4371-4930-9db2-fa5421175f42] Updating JID: 556282016064:7@s.whatsapp.net in Instance: 556282016064:7@s.whatsapp.net"}
{"timestamp":"2026-08-04T15:55:49.6608141-03:00","level":"INFO","instance_id":"c8cdef81-4371-4930-9db2-fa5421175f42","message":"[c8cdef81-4371-4930-9db2-fa5421175f42] Attempting to update instance in DB: \u0026{Id:c8cdef81-4371-4930-9db2-fa5421175f42 Name:teste Token:81c6b9b6-084f-45a6-8372-f82d0c2f0c7b Webhook: RabbitmqEnable: WebSocketEnable: NatsEnable: Jid:556282016064:7@s.whatsapp.net Qrcode: Connected:true Expiration:0 DisconnectReason: Events: OsName: Proxy:null ClientName:evolution CreatedAt:2026-08-04 15:50:23.798902 -0300 -03 AlwaysOnline:false RejectCall:false MsgRejectCall: ReadMessages:false IgnoreGroups:false IgnoreStatus:false}"}
{"timestamp":"2026-08-04T15:55:50.3164572-03:00","level":"INFO","instance_id":"c8cdef81-4371-4930-9db2-fa5421175f42","message":"[c8cdef81-4371-4930-9db2-fa5421175f42] Instance successfully updated"}
{"timestamp":"2026-08-04T15:55:50.3172545-03:00","level":"INFO","instance_id":"c8cdef81-4371-4930-9db2-fa5421175f42","message":"[c8cdef81-4371-4930-9db2-fa5421175f42] User information set for user 'c8cdef81-4371-4930-9db2-fa5421175f42'"}
{"timestamp":"2026-08-04T15:55:50.3172545-03:00","level":"INFO","instance_id":"c8cdef81-4371-4930-9db2-fa5421175f42","message":"[c8cdef81-4371-4930-9db2-fa5421175f42] ===== DISPATCHING WEBHOOK ===== Event: PairSuccess, Queue: c8cdef81-4371-4930-9db2-fa5421175f42.pairsuccess, DataSize: 336 bytes"}
{"timestamp":"2026-08-04T15:55:50.3172545-03:00","level":"WARN","instance_id":"c8cdef81-4371-4930-9db2-fa5421175f42","message":"[c8cdef81-4371-4930-9db2-fa5421175f42] Message type discarded: "}
{"timestamp":"2026-08-04T15:55:50.3172545-03:00","level":"INFO","instance_id":"c8cdef81-4371-4930-9db2-fa5421175f42","message":"[c8cdef81-4371-4930-9db2-fa5421175f42] subscriptions [] eventType PairSuccess"}
{"timestamp":"2026-08-04T15:56:19.0950457-03:00","level":"INFO","instance_id":"c8cdef81-4371-4930-9db2-fa5421175f42","message":"[c8cdef81-4371-4930-9db2-fa5421175f42] QR code generated #2 (max: 5)"}
{"timestamp":"2026-08-04T15:56:19.748605-03:00","level":"WARN","instance_id":"c8cdef81-4371-4930-9db2-fa5421175f42","message":"[c8cdef81-4371-4930-9db2-fa5421175f42] Message type discarded: "}
{"timestamp":"2026-08-04T15:56:19.748605-03:00","level":"INFO","instance_id":"c8cdef81-4371-4930-9db2-fa5421175f42","message":"[c8cdef81-4371-4930-9db2-fa5421175f42] subscriptions [] eventType QRCode"}
{"timestamp":"2026-08-04T15:56:39.7488955-03:00","level":"INFO","instance_id":"c8cdef81-4371-4930-9db2-fa5421175f42","message":"[c8cdef81-4371-4930-9db2-fa5421175f42] QR code generated #3 (max: 5)"}
{"timestamp":"2026-08-04T15:56:40.4022902-03:00","level":"WARN","instance_id":"c8cdef81-4371-4930-9db2-fa5421175f42","message":"[c8cdef81-4371-4930-9db2-fa5421175f42] Message type discarded: "}
{"timestamp":"2026-08-04T15:56:40.4022902-03:00","level":"INFO","instance_id":"c8cdef81-4371-4930-9db2-fa5421175f42","message":"[c8cdef81-4371-4930-9db2-fa5421175f42] subscriptions [] eventType QRCode"}
{"timestamp":"2026-08-04T15:57:00.4025251-03:00","level":"INFO","instance_id":"c8cdef81-4371-4930-9db2-fa5421175f42","message":"[c8cdef81-4371-4930-9db2-fa5421175f42] QR code generated #4 (max: 5)"}
{"timestamp":"2026-08-04T15:57:01.0681917-03:00","level":"WARN","instance_id":"c8cdef81-4371-4930-9db2-fa5421175f42","message":"[c8cdef81-4371-4930-9db2-fa5421175f42] Message type discarded: "}
{"timestamp":"2026-08-04T15:57:01.0687121-03:00","level":"INFO","instance_id":"c8cdef81-4371-4930-9db2-fa5421175f42","message":"[c8cdef81-4371-4930-9db2-fa5421175f42] subscriptions [] eventType QRCode"}
{"timestamp":"2026-08-04T15:57:21.0686182-03:00","level":"INFO","instance_id":"c8cdef81-4371-4930-9db2-fa5421175f42","message":"[c8cdef81-4371-4930-9db2-fa5421175f42] QR code generated #5 (max: 5)"}
{"timestamp":"2026-08-04T15:57:21.0686182-03:00","level":"WARN","instance_id":"c8cdef81-4371-4930-9db2-fa5421175f42","message":"[c8cdef81-4371-4930-9db2-fa5421175f42] Maximum QR code count reached (5), forcing logout and QRTimeout"}
{"timestamp":"2026-08-04T15:57:21.0686182-03:00","level":"WARN","instance_id":"c8cdef81-4371-4930-9db2-fa5421175f42","message":"[c8cdef81-4371-4930-9db2-fa5421175f42] Error during forced logout: the store doesn't contain a device JID"}
{"timestamp":"2026-08-04T15:57:22.700138-03:00","level":"WARN","instance_id":"c8cdef81-4371-4930-9db2-fa5421175f42","message":"[c8cdef81-4371-4930-9db2-fa5421175f42] QR timeout — signaling kill channel"}
{"timestamp":"2026-08-04T15:57:22.700138-03:00","level":"WARN","instance_id":"c8cdef81-4371-4930-9db2-fa5421175f42","message":"[c8cdef81-4371-4930-9db2-fa5421175f42] Message type discarded: "}
{"timestamp":"2026-08-04T15:57:22.700138-03:00","level":"INFO","instance_id":"c8cdef81-4371-4930-9db2-fa5421175f42","message":"[c8cdef81-4371-4930-9db2-fa5421175f42] subscriptions [] eventType QRTimeout"}
{"timestamp":"2026-08-04T15:57:22.9276032-03:00","level":"INFO","instance_id":"c8cdef81-4371-4930-9db2-fa5421175f42","message":"Received kill signal for user 'c8cdef81-4371-4930-9db2-fa5421175f42'"}
{"timestamp":"2026-08-04T15:57:23.2086204-03:00","level":"INFO","instance_id":"c8cdef81-4371-4930-9db2-fa5421175f42","message":"[c8cdef81-4371-4930-9db2-fa5421175f42] UserInfo cache cleared for token: 81c6b9b6-084f-45a6-8372-f82d0c2f0c7b"}
{"timestamp":"2026-08-04T15:57:24.1870869-03:00","level":"INFO","instance_id":"c8cdef81-4371-4930-9db2-fa5421175f42","message":"[c8cdef81-4371-4930-9db2-fa5421175f42] Restarting client"}
{"timestamp":"2026-08-04T15:57:24.1870869-03:00","level":"WARN","instance_id":"c8cdef81-4371-4930-9db2-fa5421175f42","message":"[c8cdef81-4371-4930-9db2-fa5421175f42] Message type discarded: "}
{"timestamp":"2026-08-04T15:57:24.1870869-03:00","level":"INFO","instance_id":"c8cdef81-4371-4930-9db2-fa5421175f42","message":"Starting websocket connection to Whatsapp for user 'c8cdef81-4371-4930-9db2-fa5421175f42'"}
{"timestamp":"2026-08-04T15:57:24.1870869-03:00","level":"INFO","instance_id":"c8cdef81-4371-4930-9db2-fa5421175f42","message":"[c8cdef81-4371-4930-9db2-fa5421175f42] subscriptions [] eventType LoggedOut"}
{"timestamp":"2026-08-04T15:57:25.3414707-03:00","level":"WARN","instance_id":"c8cdef81-4371-4930-9db2-fa5421175f42","message":"[c8cdef81-4371-4930-9db2-fa5421175f42] No jid found. Creating new device"}
{"timestamp":"2026-08-04T15:57:25.3420636-03:00","level":"INFO","instance_id":"c8cdef81-4371-4930-9db2-fa5421175f42","message":"[c8cdef81-4371-4930-9db2-fa5421175f42] Setting whatsapp version from web to 2.3000.1044457895"}
{"timestamp":"2026-08-04T15:57:26.100972-03:00","level":"INFO","instance_id":"c8cdef81-4371-4930-9db2-fa5421175f42","message":"[c8cdef81-4371-4930-9db2-fa5421175f42] QR code generated #1 (max: 5)"}
{"timestamp":"2026-08-04T15:57:26.7544442-03:00","level":"WARN","instance_id":"c8cdef81-4371-4930-9db2-fa5421175f42","message":"[c8cdef81-4371-4930-9db2-fa5421175f42] Message type discarded: "}
{"timestamp":"2026-08-04T15:57:26.7544442-03:00","level":"INFO","instance_id":"c8cdef81-4371-4930-9db2-fa5421175f42","message":"[c8cdef81-4371-4930-9db2-fa5421175f42] subscriptions [] eventType QRCode"}
{"timestamp":"2026-08-04T15:58:00.9953679-03:00","level":"INFO","instance_id":"c8cdef81-4371-4930-9db2-fa5421175f42","message":"[c8cdef81-4371-4930-9db2-fa5421175f42] UserInfo cache cleared for token: 81c6b9b6-084f-45a6-8372-f82d0c2f0c7b"}
{"timestamp":"2026-08-04T15:58:02.1368221-03:00","level":"INFO","instance_id":"c8cdef81-4371-4930-9db2-fa5421175f42","message":"[c8cdef81-4371-4930-9db2-fa5421175f42] ===== DISPATCHING WEBHOOK ===== Event: Disconnected, Queue: c8cdef81-4371-4930-9db2-fa5421175f42.disconnected, DataSize: 164 bytes"}
{"timestamp":"2026-08-04T15:58:02.1368221-03:00","level":"INFO","instance_id":"c8cdef81-4371-4930-9db2-fa5421175f42","message":"[c8cdef81-4371-4930-9db2-fa5421175f42] Disconnected detected, restarting instance"}
{"timestamp":"2026-08-04T15:58:02.1368221-03:00","level":"WARN","instance_id":"c8cdef81-4371-4930-9db2-fa5421175f42","message":"[c8cdef81-4371-4930-9db2-fa5421175f42] Message type discarded: "}
{"timestamp":"2026-08-04T15:58:02.1368221-03:00","level":"INFO","instance_id":"c8cdef81-4371-4930-9db2-fa5421175f42","message":"[c8cdef81-4371-4930-9db2-fa5421175f42] Starting reconnection process - simulating restart"}
{"timestamp":"2026-08-04T15:58:02.1368221-03:00","level":"INFO","instance_id":"c8cdef81-4371-4930-9db2-fa5421175f42","message":"[c8cdef81-4371-4930-9db2-fa5421175f42] subscriptions [] eventType Disconnected"}
{"timestamp":"2026-08-04T15:58:02.1368221-03:00","level":"INFO","instance_id":"c8cdef81-4371-4930-9db2-fa5421175f42","message":"[c8cdef81-4371-4930-9db2-fa5421175f42] Disconnecting existing client"}
{"timestamp":"2026-08-04T15:58:02.4774391-03:00","level":"INFO","instance_id":"c8cdef81-4371-4930-9db2-fa5421175f42","message":"[c8cdef81-4371-4930-9db2-fa5421175f42] WebSocket disconnected"}
{"timestamp":"2026-08-04T15:58:02.4774391-03:00","level":"INFO","instance_id":"c8cdef81-4371-4930-9db2-fa5421175f42","message":"[c8cdef81-4371-4930-9db2-fa5421175f42] Event handler removed"}
{"timestamp":"2026-08-04T15:58:02.4774391-03:00","level":"INFO","instance_id":"c8cdef81-4371-4930-9db2-fa5421175f42","message":"[c8cdef81-4371-4930-9db2-fa5421175f42] Cleaning up resources"}
{"timestamp":"2026-08-04T15:58:02.6410038-03:00","level":"INFO","instance_id":"c8cdef81-4371-4930-9db2-fa5421175f42","message":"[c8cdef81-4371-4930-9db2-fa5421175f42] UserInfo cache cleared for token: 81c6b9b6-084f-45a6-8372-f82d0c2f0c7b"}
{"timestamp":"2026-08-04T15:58:05.782057-03:00","level":"INFO","instance_id":"c8cdef81-4371-4930-9db2-fa5421175f42","message":"[c8cdef81-4371-4930-9db2-fa5421175f42] Starting fresh instance"}
{"timestamp":"2026-08-04T15:58:06.1495073-03:00","level":"INFO","instance_id":"c8cdef81-4371-4930-9db2-fa5421175f42","message":"[c8cdef81-4371-4930-9db2-fa5421175f42] Starting client"}
{"timestamp":"2026-08-04T15:58:06.1507009-03:00","level":"WARN","instance_id":"c8cdef81-4371-4930-9db2-fa5421175f42","message":"[c8cdef81-4371-4930-9db2-fa5421175f42] Message type discarded: "}
{"timestamp":"2026-08-04T15:58:06.1507009-03:00","level":"INFO","instance_id":"c8cdef81-4371-4930-9db2-fa5421175f42","message":"Starting websocket connection to Whatsapp for user 'c8cdef81-4371-4930-9db2-fa5421175f42'"}
{"timestamp":"2026-08-04T15:58:07.2340211-03:00","level":"INFO","instance_id":"c8cdef81-4371-4930-9db2-fa5421175f42","message":"[c8cdef81-4371-4930-9db2-fa5421175f42] Jid found. Getting device store for jid: 556282016064:7@s.whatsapp.net"}
{"timestamp":"2026-08-04T15:58:07.5455016-03:00","level":"INFO","instance_id":"c8cdef81-4371-4930-9db2-fa5421175f42","message":"[c8cdef81-4371-4930-9db2-fa5421175f42] Setting whatsapp version from web to 2.3000.1044457895"}
{"timestamp":"2026-08-04T15:58:07.5455016-03:00","level":"INFO","instance_id":"c8cdef81-4371-4930-9db2-fa5421175f42","message":"[c8cdef81-4371-4930-9db2-fa5421175f42] Already logged in with JID: 556282016064:7@s.whatsapp.net"}
{"timestamp":"2026-08-04T15:58:12.0820797-03:00","level":"INFO","instance_id":"c8cdef81-4371-4930-9db2-fa5421175f42","message":"[c8cdef81-4371-4930-9db2-fa5421175f42] events.Connected to Whatsapp for user ''"}
{"timestamp":"2026-08-04T15:58:12.0820797-03:00","level":"WARN","instance_id":"c8cdef81-4371-4930-9db2-fa5421175f42","message":"[c8cdef81-4371-4930-9db2-fa5421175f42] ===== WEBHOOK SKIPPED ===== doWebhook=false"}
{"timestamp":"2026-08-04T15:58:12.3225823-03:00","level":"WARN","instance_id":"c8cdef81-4371-4930-9db2-fa5421175f42","message":"[c8cdef81-4371-4930-9db2-fa5421175f42] Unhandled event *events.OfflineSyncPreview: \u0026{Total:13 AppDataChanges:0 Messages:8 Notifications:3 Receipts:1}"}
{"timestamp":"2026-08-04T15:58:13.6862667-03:00","level":"WARN","instance_id":"c8cdef81-4371-4930-9db2-fa5421175f42","message":"[c8cdef81-4371-4930-9db2-fa5421175f42] Unhandled event *events.BusinessName: \u0026{JID:556282016064@s.whatsapp.net Message:0x260dac3d4a08 OldBusinessName: NewBusinessName:Jefferson Hipolito}"}
{"timestamp":"2026-08-04T15:58:16.0728152-03:00","level":"INFO","instance_id":"c8cdef81-4371-4930-9db2-fa5421175f42","message":"[c8cdef81-4371-4930-9db2-fa5421175f42] ===== MESSAGE RECEIVED ===== ID: A5E03AE46D5090E852D76102546625DA, From: 556282016064@s.whatsapp.net, Type: text, Size: unknown"}
{"timestamp":"2026-08-04T15:58:16.0728152-03:00","level":"INFO","instance_id":"c8cdef81-4371-4930-9db2-fa5421175f42","message":"[c8cdef81-4371-4930-9db2-fa5421175f42] Message ignored because it's a unknown protocol message"}
{"timestamp":"2026-08-04T15:58:17.3039838-03:00","level":"INFO","instance_id":"c8cdef81-4371-4930-9db2-fa5421175f42","message":"[c8cdef81-4371-4930-9db2-fa5421175f42] ===== MESSAGE RECEIVED ===== ID: A57427A05EC2C2B7064514DA24BE04DE, From: 556282016064@s.whatsapp.net, Type: text, Size: unknown"}
{"timestamp":"2026-08-04T15:58:17.3039838-03:00","level":"INFO","instance_id":"c8cdef81-4371-4930-9db2-fa5421175f42","message":"[c8cdef81-4371-4930-9db2-fa5421175f42] Message ignored because it's a unknown protocol message"}
{"timestamp":"2026-08-04T15:58:18.5361162-03:00","level":"INFO","instance_id":"c8cdef81-4371-4930-9db2-fa5421175f42","message":"[c8cdef81-4371-4930-9db2-fa5421175f42] ===== MESSAGE RECEIVED ===== ID: A5AD0C8BC3283C6C0FA250CA2340052A, From: 556282016064@s.whatsapp.net, Type: text, Size: unknown"}
{"timestamp":"2026-08-04T15:58:18.5361162-03:00","level":"INFO","instance_id":"c8cdef81-4371-4930-9db2-fa5421175f42","message":"[c8cdef81-4371-4930-9db2-fa5421175f42] Message ignored because it's a unknown protocol message"}
{"timestamp":"2026-08-04T15:58:20.5075658-03:00","level":"WARN","instance_id":"c8cdef81-4371-4930-9db2-fa5421175f42","message":"[c8cdef81-4371-4930-9db2-fa5421175f42] Undecryptable message received all: {\"Info\":{\"Chat\":\"120363303726390049@g.us\",\"Sender\":\"47309803008098:16@lid\",\"IsFromMe\":false,\"IsGroup\":true,\"AddressingMode\":\"lid\",\"SenderAlt\":\"556299727713:16@s.whatsapp.net\",\"RecipientAlt\":\"\",\"BroadcastListOwner\":\"\",\"BroadcastRecipients\":null,\"ID\":\"3EB0ED64716AB9399FAB21\",\"ServerID\":0,\"Type\":\"media\",\"PushName\":\"Viu Aqui Somente Divulgação\",\"Timestamp\":\"2026-08-04T15:55:41-03:00\",\"Category\":\"\",\"Multicast\":false,\"MediaType\":\"image\",\"Edit\":\"\",\"MsgBotInfo\":{\"EditType\":\"\",\"EditTargetID\":\"\",\"EditSenderTimestampMS\":\"0001-01-01T00:00:00Z\"},\"MsgMetaInfo\":{\"TargetID\":\"\",\"TargetSender\":\"\",\"TargetChat\":\"\",\"DeprecatedLIDSession\":null,\"ThreadMessageID\":\"\",\"ThreadMessageSenderJID\":\"\"},\"VerifiedName\":null,\"DeviceSentMeta\":null},\"IsUnavailable\":true,\"UnavailableType\":\"\",\"DecryptFailMode\":\"\"}"}
{"timestamp":"2026-08-04T15:58:20.5075658-03:00","level":"WARN","instance_id":"c8cdef81-4371-4930-9db2-fa5421175f42","message":"[c8cdef81-4371-4930-9db2-fa5421175f42] ID is not 66 or 67 or view_once, skipping"}
{"timestamp":"2026-08-04T15:58:20.5080688-03:00","level":"WARN","instance_id":"c8cdef81-4371-4930-9db2-fa5421175f42","message":"[c8cdef81-4371-4930-9db2-fa5421175f42] ===== WEBHOOK SKIPPED ===== doWebhook=false"}
{"timestamp":"2026-08-04T15:58:20.8344653-03:00","level":"INFO","instance_id":"c8cdef81-4371-4930-9db2-fa5421175f42","message":"[c8cdef81-4371-4930-9db2-fa5421175f42] ===== DISPATCHING WEBHOOK ===== Event: PushName, Queue: c8cdef81-4371-4930-9db2-fa5421175f42.pushname, DataSize: 1015 bytes"}
{"timestamp":"2026-08-04T15:58:20.8349907-03:00","level":"WARN","instance_id":"c8cdef81-4371-4930-9db2-fa5421175f42","message":"[c8cdef81-4371-4930-9db2-fa5421175f42] Message type discarded: "}
{"timestamp":"2026-08-04T15:58:20.8349907-03:00","level":"INFO","instance_id":"c8cdef81-4371-4930-9db2-fa5421175f42","message":"[c8cdef81-4371-4930-9db2-fa5421175f42] subscriptions [] eventType PushName"}
{"timestamp":"2026-08-04T15:58:22.47975-03:00","level":"INFO","instance_id":"c8cdef81-4371-4930-9db2-fa5421175f42","message":"[c8cdef81-4371-4930-9db2-fa5421175f42] ===== MESSAGE RECEIVED ===== ID: A5B6581D330E9DD8647629B65ED9DF94, From: 556282016064@s.whatsapp.net, Type: text, Size: unknown"}
{"timestamp":"2026-08-04T15:58:22.47975-03:00","level":"INFO","instance_id":"c8cdef81-4371-4930-9db2-fa5421175f42","message":"[c8cdef81-4371-4930-9db2-fa5421175f42] Message ignored because it's a unknown protocol message"}
{"timestamp":"2026-08-04T15:58:22.4870418-03:00","level":"INFO","instance_id":"c8cdef81-4371-4930-9db2-fa5421175f42","message":"[c8cdef81-4371-4930-9db2-fa5421175f42] History sync event received INITIAL_BOOTSTRAP"}
{"timestamp":"2026-08-04T15:58:22.4978984-03:00","level":"INFO","instance_id":"c8cdef81-4371-4930-9db2-fa5421175f42","message":"[c8cdef81-4371-4930-9db2-fa5421175f42] ===== DISPATCHING WEBHOOK ===== Event: HistorySync, Queue: c8cdef81-4371-4930-9db2-fa5421175f42.historysync, DataSize: 882505 bytes"}
{"timestamp":"2026-08-04T15:58:22.5060398-03:00","level":"WARN","instance_id":"c8cdef81-4371-4930-9db2-fa5421175f42","message":"[c8cdef81-4371-4930-9db2-fa5421175f42] Message type discarded: "}
{"timestamp":"2026-08-04T15:58:22.5060398-03:00","level":"INFO","instance_id":"c8cdef81-4371-4930-9db2-fa5421175f42","message":"[c8cdef81-4371-4930-9db2-fa5421175f42] subscriptions [] eventType HistorySync"}
{"timestamp":"2026-08-04T15:58:23.78775-03:00","level":"INFO","instance_id":"c8cdef81-4371-4930-9db2-fa5421175f42","message":"[c8cdef81-4371-4930-9db2-fa5421175f42] ===== MESSAGE RECEIVED ===== ID: A526FB06483026C8794248BA80951F44, From: 556282016064@s.whatsapp.net, Type: text, Size: unknown"}
{"timestamp":"2026-08-04T15:58:23.78775-03:00","level":"INFO","instance_id":"c8cdef81-4371-4930-9db2-fa5421175f42","message":"[c8cdef81-4371-4930-9db2-fa5421175f42] Message ignored because it's a unknown protocol message"}
{"timestamp":"2026-08-04T15:58:24.0452696-03:00","level":"INFO","instance_id":"c8cdef81-4371-4930-9db2-fa5421175f42","message":"[c8cdef81-4371-4930-9db2-fa5421175f42] History sync event received INITIAL_STATUS_V3"}
{"timestamp":"2026-08-04T15:58:24.0474213-03:00","level":"INFO","instance_id":"c8cdef81-4371-4930-9db2-fa5421175f42","message":"[c8cdef81-4371-4930-9db2-fa5421175f42] ===== DISPATCHING WEBHOOK ===== Event: HistorySync, Queue: c8cdef81-4371-4930-9db2-fa5421175f42.historysync, DataSize: 1067729 bytes"}
{"timestamp":"2026-08-04T15:58:24.0541725-03:00","level":"WARN","instance_id":"c8cdef81-4371-4930-9db2-fa5421175f42","message":"[c8cdef81-4371-4930-9db2-fa5421175f42] Message type discarded: "}
{"timestamp":"2026-08-04T15:58:24.0541725-03:00","level":"INFO","instance_id":"c8cdef81-4371-4930-9db2-fa5421175f42","message":"[c8cdef81-4371-4930-9db2-fa5421175f42] subscriptions [] eventType HistorySync"}
{"timestamp":"2026-08-04T15:58:26.7549572-03:00","level":"INFO","instance_id":"c8cdef81-4371-4930-9db2-fa5421175f42","message":"[c8cdef81-4371-4930-9db2-fa5421175f42] QR code generated #2 (max: 5)"}
{"timestamp":"2026-08-04T15:58:27.4103434-03:00","level":"WARN","instance_id":"c8cdef81-4371-4930-9db2-fa5421175f42","message":"[c8cdef81-4371-4930-9db2-fa5421175f42] Message type discarded: "}
{"timestamp":"2026-08-04T15:58:27.4110034-03:00","level":"INFO","instance_id":"c8cdef81-4371-4930-9db2-fa5421175f42","message":"[c8cdef81-4371-4930-9db2-fa5421175f42] subscriptions [] eventType QRCode"}
{"timestamp":"2026-08-04T15:58:41.5927269-03:00","level":"WARN","instance_id":"c8cdef81-4371-4930-9db2-fa5421175f42","message":"[c8cdef81-4371-4930-9db2-fa5421175f42] ===== WEBHOOK SKIPPED ===== doWebhook=false"}
{"timestamp":"2026-08-04T15:58:47.4106973-03:00","level":"INFO","instance_id":"c8cdef81-4371-4930-9db2-fa5421175f42","message":"[c8cdef81-4371-4930-9db2-fa5421175f42] QR code generated #3 (max: 5)"}
{"timestamp":"2026-08-04T15:58:48.0640311-03:00","level":"WARN","instance_id":"c8cdef81-4371-4930-9db2-fa5421175f42","message":"[c8cdef81-4371-4930-9db2-fa5421175f42] Message type discarded: "}
{"timestamp":"2026-08-04T15:58:48.0640311-03:00","level":"INFO","instance_id":"c8cdef81-4371-4930-9db2-fa5421175f42","message":"[c8cdef81-4371-4930-9db2-fa5421175f42] subscriptions [] eventType QRCode"}
{"timestamp":"2026-08-04T15:58:49.3459338-03:00","level":"WARN","instance_id":"c8cdef81-4371-4930-9db2-fa5421175f42","message":"[c8cdef81-4371-4930-9db2-fa5421175f42] Marked self as unavailable"}
{"timestamp":"2026-08-04T15:58:49.3459338-03:00","level":"WARN","instance_id":"c8cdef81-4371-4930-9db2-fa5421175f42","message":"[c8cdef81-4371-4930-9db2-fa5421175f42] ===== WEBHOOK SKIPPED ===== doWebhook=false"}
{"timestamp":"2026-08-04T15:59:05.4540061-03:00","level":"WARN","instance_id":"c8cdef81-4371-4930-9db2-fa5421175f42","message":"[c8cdef81-4371-4930-9db2-fa5421175f42] ===== WEBHOOK SKIPPED ===== doWebhook=false"}
{"timestamp":"2026-08-04T15:59:08.0643692-03:00","level":"INFO","instance_id":"c8cdef81-4371-4930-9db2-fa5421175f42","message":"[c8cdef81-4371-4930-9db2-fa5421175f42] QR code generated #4 (max: 5)"}
{"timestamp":"2026-08-04T15:59:09.2941678-03:00","level":"WARN","instance_id":"c8cdef81-4371-4930-9db2-fa5421175f42","message":"[c8cdef81-4371-4930-9db2-fa5421175f42] Message type discarded: "}
{"timestamp":"2026-08-04T15:59:09.2941678-03:00","level":"INFO","instance_id":"c8cdef81-4371-4930-9db2-fa5421175f42","message":"[c8cdef81-4371-4930-9db2-fa5421175f42] subscriptions [] eventType QRCode"}
{"timestamp":"2026-08-04T15:59:29.2945646-03:00","level":"INFO","instance_id":"c8cdef81-4371-4930-9db2-fa5421175f42","message":"[c8cdef81-4371-4930-9db2-fa5421175f42] QR code generated #5 (max: 5)"}
{"timestamp":"2026-08-04T15:59:29.2945646-03:00","level":"WARN","instance_id":"c8cdef81-4371-4930-9db2-fa5421175f42","message":"[c8cdef81-4371-4930-9db2-fa5421175f42] Maximum QR code count reached (5), forcing logout and QRTimeout"}
{"timestamp":"2026-08-04T15:59:31.1339012-03:00","level":"WARN","instance_id":"c8cdef81-4371-4930-9db2-fa5421175f42","message":"[c8cdef81-4371-4930-9db2-fa5421175f42] QR timeout — signaling kill channel"}
{"timestamp":"2026-08-04T15:59:31.1339012-03:00","level":"WARN","instance_id":"c8cdef81-4371-4930-9db2-fa5421175f42","message":"[c8cdef81-4371-4930-9db2-fa5421175f42] Message type discarded: "}
{"timestamp":"2026-08-04T15:59:31.1339012-03:00","level":"INFO","instance_id":"c8cdef81-4371-4930-9db2-fa5421175f42","message":"[c8cdef81-4371-4930-9db2-fa5421175f42] subscriptions [] eventType QRTimeout"}
{"timestamp":"2026-08-04T15:59:31.387464-03:00","level":"INFO","instance_id":"c8cdef81-4371-4930-9db2-fa5421175f42","message":"Received kill signal for user 'c8cdef81-4371-4930-9db2-fa5421175f42'"}
{"timestamp":"2026-08-04T15:59:31.387464-03:00","level":"INFO","instance_id":"c8cdef81-4371-4930-9db2-fa5421175f42","message":"[c8cdef81-4371-4930-9db2-fa5421175f42] UserInfo cache cleared for token: 81c6b9b6-084f-45a6-8372-f82d0c2f0c7b"}
{"timestamp":"2026-08-04T15:59:32.3132105-03:00","level":"INFO","instance_id":"c8cdef81-4371-4930-9db2-fa5421175f42","message":"[c8cdef81-4371-4930-9db2-fa5421175f42] Restarting client"}
{"timestamp":"2026-08-04T15:59:32.3132105-03:00","level":"WARN","instance_id":"c8cdef81-4371-4930-9db2-fa5421175f42","message":"[c8cdef81-4371-4930-9db2-fa5421175f42] Message type discarded: "}
{"timestamp":"2026-08-04T15:59:32.3132105-03:00","level":"INFO","instance_id":"c8cdef81-4371-4930-9db2-fa5421175f42","message":"Starting websocket connection to Whatsapp for user 'c8cdef81-4371-4930-9db2-fa5421175f42'"}
{"timestamp":"2026-08-04T15:59:32.3132105-03:00","level":"INFO","instance_id":"c8cdef81-4371-4930-9db2-fa5421175f42","message":"[c8cdef81-4371-4930-9db2-fa5421175f42] subscriptions [] eventType LoggedOut"}
{"timestamp":"2026-08-04T15:59:33.3970186-03:00","level":"WARN","instance_id":"c8cdef81-4371-4930-9db2-fa5421175f42","message":"[c8cdef81-4371-4930-9db2-fa5421175f42] No jid found. Creating new device"}
{"timestamp":"2026-08-04T15:59:33.3978167-03:00","level":"INFO","instance_id":"c8cdef81-4371-4930-9db2-fa5421175f42","message":"[c8cdef81-4371-4930-9db2-fa5421175f42] Setting whatsapp version from web to 2.3000.1044457895"}
{"timestamp":"2026-08-04T15:59:34.1984449-03:00","level":"INFO","instance_id":"c8cdef81-4371-4930-9db2-fa5421175f42","message":"[c8cdef81-4371-4930-9db2-fa5421175f42] QR code generated #1 (max: 5)"}
{"timestamp":"2026-08-04T15:59:34.8147779-03:00","level":"WARN","instance_id":"c8cdef81-4371-4930-9db2-fa5421175f42","message":"[c8cdef81-4371-4930-9db2-fa5421175f42] Message type discarded: "}
{"timestamp":"2026-08-04T15:59:34.8147779-03:00","level":"INFO","instance_id":"c8cdef81-4371-4930-9db2-fa5421175f42","message":"[c8cdef81-4371-4930-9db2-fa5421175f42] subscriptions [] eventType QRCode"}
{"timestamp":"2026-08-04T16:00:24.7681895-03:00","level":"INFO","instance_id":"c8cdef81-4371-4930-9db2-fa5421175f42","message":"[c8cdef81-4371-4930-9db2-fa5421175f42] events.Connected to Whatsapp for user ''"}
{"timestamp":"2026-08-04T16:00:24.7681895-03:00","level":"WARN","instance_id":"c8cdef81-4371-4930-9db2-fa5421175f42","message":"[c8cdef81-4371-4930-9db2-fa5421175f42] ===== WEBHOOK SKIPPED ===== doWebhook=false"}
{"timestamp":"2026-08-04T16:00:34.8151132-03:00","level":"INFO","instance_id":"c8cdef81-4371-4930-9db2-fa5421175f42","message":"[c8cdef81-4371-4930-9db2-fa5421175f42] QR code generated #2 (max: 5)"}
{"timestamp":"2026-08-04T16:00:36.0285064-03:00","level":"WARN","instance_id":"c8cdef81-4371-4930-9db2-fa5421175f42","message":"[c8cdef81-4371-4930-9db2-fa5421175f42] Message type discarded: "}
{"timestamp":"2026-08-04T16:00:36.0285064-03:00","level":"INFO","instance_id":"c8cdef81-4371-4930-9db2-fa5421175f42","message":"[c8cdef81-4371-4930-9db2-fa5421175f42] subscriptions [] eventType QRCode"}
{"timestamp":"2026-08-04T16:00:50.7781019-03:00","level":"INFO","instance_id":"c8cdef81-4371-4930-9db2-fa5421175f42","message":"[c8cdef81-4371-4930-9db2-fa5421175f42] Starting reconnection process - simulating restart"}
{"timestamp":"2026-08-04T16:00:50.7781019-03:00","level":"INFO","instance_id":"c8cdef81-4371-4930-9db2-fa5421175f42","message":"[c8cdef81-4371-4930-9db2-fa5421175f42] Disconnecting existing client"}
{"timestamp":"2026-08-04T16:00:51.1207985-03:00","level":"INFO","instance_id":"c8cdef81-4371-4930-9db2-fa5421175f42","message":"[c8cdef81-4371-4930-9db2-fa5421175f42] WebSocket disconnected"}
{"timestamp":"2026-08-04T16:00:51.1207985-03:00","level":"INFO","instance_id":"c8cdef81-4371-4930-9db2-fa5421175f42","message":"[c8cdef81-4371-4930-9db2-fa5421175f42] Event handler removed"}
{"timestamp":"2026-08-04T16:00:51.1207985-03:00","level":"INFO","instance_id":"c8cdef81-4371-4930-9db2-fa5421175f42","message":"[c8cdef81-4371-4930-9db2-fa5421175f42] Cleaning up resources"}
{"timestamp":"2026-08-04T16:00:51.42229-03:00","level":"INFO","instance_id":"c8cdef81-4371-4930-9db2-fa5421175f42","message":"[c8cdef81-4371-4930-9db2-fa5421175f42] UserInfo cache cleared for token: 81c6b9b6-084f-45a6-8372-f82d0c2f0c7b"}
{"timestamp":"2026-08-04T16:00:54.778912-03:00","level":"INFO","instance_id":"c8cdef81-4371-4930-9db2-fa5421175f42","message":"[c8cdef81-4371-4930-9db2-fa5421175f42] Starting fresh instance"}
{"timestamp":"2026-08-04T16:00:55.0799525-03:00","level":"INFO","instance_id":"c8cdef81-4371-4930-9db2-fa5421175f42","message":"[c8cdef81-4371-4930-9db2-fa5421175f42] Starting client"}
{"timestamp":"2026-08-04T16:00:55.0799525-03:00","level":"WARN","instance_id":"c8cdef81-4371-4930-9db2-fa5421175f42","message":"[c8cdef81-4371-4930-9db2-fa5421175f42] Message type discarded: "}
{"timestamp":"2026-08-04T16:00:55.0799525-03:00","level":"INFO","instance_id":"c8cdef81-4371-4930-9db2-fa5421175f42","message":"Starting websocket connection to Whatsapp for user 'c8cdef81-4371-4930-9db2-fa5421175f42'"}
{"timestamp":"2026-08-04T16:00:55.235639-03:00","level":"INFO","instance_id":"c8cdef81-4371-4930-9db2-fa5421175f42","message":"[c8cdef81-4371-4930-9db2-fa5421175f42] No client found, starting instance for QR code"}
{"timestamp":"2026-08-04T16:00:55.3865451-03:00","level":"INFO","instance_id":"c8cdef81-4371-4930-9db2-fa5421175f42","message":"[c8cdef81-4371-4930-9db2-fa5421175f42] Starting client"}
{"timestamp":"2026-08-04T16:00:55.3865451-03:00","level":"WARN","instance_id":"c8cdef81-4371-4930-9db2-fa5421175f42","message":"[c8cdef81-4371-4930-9db2-fa5421175f42] Message type discarded: "}
{"timestamp":"2026-08-04T16:00:55.3865451-03:00","level":"INFO","instance_id":"c8cdef81-4371-4930-9db2-fa5421175f42","message":"Starting websocket connection to Whatsapp for user 'c8cdef81-4371-4930-9db2-fa5421175f42'"}
{"timestamp":"2026-08-04T16:00:56.0290133-03:00","level":"INFO","instance_id":"c8cdef81-4371-4930-9db2-fa5421175f42","message":"[c8cdef81-4371-4930-9db2-fa5421175f42] QR code generated #3 (max: 5)"}
{"timestamp":"2026-08-04T16:00:56.1549661-03:00","level":"INFO","instance_id":"c8cdef81-4371-4930-9db2-fa5421175f42","message":"[c8cdef81-4371-4930-9db2-fa5421175f42] Jid found. Getting device store for jid: 556282016064:7@s.whatsapp.net"}
{"timestamp":"2026-08-04T16:00:56.4602492-03:00","level":"INFO","instance_id":"c8cdef81-4371-4930-9db2-fa5421175f42","message":"[c8cdef81-4371-4930-9db2-fa5421175f42] Setting whatsapp version from web to 2.3000.1044457895"}
{"timestamp":"2026-08-04T16:00:56.4602492-03:00","level":"INFO","instance_id":"c8cdef81-4371-4930-9db2-fa5421175f42","message":"[c8cdef81-4371-4930-9db2-fa5421175f42] Already logged in with JID: 556282016064:7@s.whatsapp.net"}
{"timestamp":"2026-08-04T16:00:56.4847907-03:00","level":"WARN","instance_id":"c8cdef81-4371-4930-9db2-fa5421175f42","message":"[c8cdef81-4371-4930-9db2-fa5421175f42] Message type discarded: "}
{"timestamp":"2026-08-04T16:00:56.4847907-03:00","level":"INFO","instance_id":"c8cdef81-4371-4930-9db2-fa5421175f42","message":"[c8cdef81-4371-4930-9db2-fa5421175f42] subscriptions [] eventType QRCode"}
{"timestamp":"2026-08-04T16:00:56.4903972-03:00","level":"INFO","instance_id":"c8cdef81-4371-4930-9db2-fa5421175f42","message":"[c8cdef81-4371-4930-9db2-fa5421175f42] Jid found. Getting device store for jid: 556282016064:7@s.whatsapp.net"}
{"timestamp":"2026-08-04T16:00:56.8035813-03:00","level":"INFO","instance_id":"c8cdef81-4371-4930-9db2-fa5421175f42","message":"[c8cdef81-4371-4930-9db2-fa5421175f42] Setting whatsapp version from web to 2.3000.1044457895"}
{"timestamp":"2026-08-04T16:00:56.8035813-03:00","level":"INFO","instance_id":"c8cdef81-4371-4930-9db2-fa5421175f42","message":"[c8cdef81-4371-4930-9db2-fa5421175f42] Already logged in with JID: 556282016064:7@s.whatsapp.net"}
{"timestamp":"2026-08-04T16:00:57.5897726-03:00","level":"INFO","instance_id":"c8cdef81-4371-4930-9db2-fa5421175f42","message":"[c8cdef81-4371-4930-9db2-fa5421175f42] Received StreamReplaced event"}
{"timestamp":"2026-08-04T16:00:57.6267235-03:00","level":"INFO","instance_id":"c8cdef81-4371-4930-9db2-fa5421175f42","message":"[c8cdef81-4371-4930-9db2-fa5421175f42] UserInfo cache cleared for token: 81c6b9b6-084f-45a6-8372-f82d0c2f0c7b"}
{"timestamp":"2026-08-04T16:00:57.7222126-03:00","level":"INFO","instance_id":"c8cdef81-4371-4930-9db2-fa5421175f42","message":"[c8cdef81-4371-4930-9db2-fa5421175f42] events.Connected to Whatsapp for user 'Jefferson Hipolito'"}
{"timestamp":"2026-08-04T16:00:57.7222126-03:00","level":"WARN","instance_id":"c8cdef81-4371-4930-9db2-fa5421175f42","message":"[c8cdef81-4371-4930-9db2-fa5421175f42] Failed to send unavailable presence websocket not connected"}
{"timestamp":"2026-08-04T16:00:58.6819829-03:00","level":"INFO","instance_id":"c8cdef81-4371-4930-9db2-fa5421175f42","message":"[c8cdef81-4371-4930-9db2-fa5421175f42] ===== DISPATCHING WEBHOOK ===== Event: Disconnected, Queue: c8cdef81-4371-4930-9db2-fa5421175f42.disconnected, DataSize: 164 bytes"}
{"timestamp":"2026-08-04T16:00:58.6819829-03:00","level":"INFO","instance_id":"c8cdef81-4371-4930-9db2-fa5421175f42","message":"[c8cdef81-4371-4930-9db2-fa5421175f42] Disconnected detected, restarting instance"}
{"timestamp":"2026-08-04T16:00:58.6819829-03:00","level":"WARN","instance_id":"c8cdef81-4371-4930-9db2-fa5421175f42","message":"[c8cdef81-4371-4930-9db2-fa5421175f42] Message type discarded: "}
{"timestamp":"2026-08-04T16:00:58.6819829-03:00","level":"INFO","instance_id":"c8cdef81-4371-4930-9db2-fa5421175f42","message":"[c8cdef81-4371-4930-9db2-fa5421175f42] Starting reconnection process - simulating restart"}
{"timestamp":"2026-08-04T16:00:58.6819829-03:00","level":"INFO","instance_id":"c8cdef81-4371-4930-9db2-fa5421175f42","message":"[c8cdef81-4371-4930-9db2-fa5421175f42] subscriptions [] eventType Disconnected"}
{"timestamp":"2026-08-04T16:00:58.6819829-03:00","level":"INFO","instance_id":"c8cdef81-4371-4930-9db2-fa5421175f42","message":"[c8cdef81-4371-4930-9db2-fa5421175f42] Disconnecting existing client"}
{"timestamp":"2026-08-04T16:00:58.9879219-03:00","level":"INFO","instance_id":"c8cdef81-4371-4930-9db2-fa5421175f42","message":"[c8cdef81-4371-4930-9db2-fa5421175f42] WebSocket disconnected"}
{"timestamp":"2026-08-04T16:00:58.9879219-03:00","level":"INFO","instance_id":"c8cdef81-4371-4930-9db2-fa5421175f42","message":"[c8cdef81-4371-4930-9db2-fa5421175f42] Event handler removed"}
{"timestamp":"2026-08-04T16:00:58.9879219-03:00","level":"INFO","instance_id":"c8cdef81-4371-4930-9db2-fa5421175f42","message":"[c8cdef81-4371-4930-9db2-fa5421175f42] Cleaning up resources"}
{"timestamp":"2026-08-04T16:00:59.1402428-03:00","level":"INFO","instance_id":"c8cdef81-4371-4930-9db2-fa5421175f42","message":"[c8cdef81-4371-4930-9db2-fa5421175f42] UserInfo cache cleared for token: 81c6b9b6-084f-45a6-8372-f82d0c2f0c7b"}
{"timestamp":"2026-08-04T16:01:00.5123642-03:00","level":"INFO","instance_id":"c8cdef81-4371-4930-9db2-fa5421175f42","message":"[c8cdef81-4371-4930-9db2-fa5421175f42] ===== DISPATCHING WEBHOOK ===== Event: Connected, Queue: c8cdef81-4371-4930-9db2-fa5421175f42.connected, DataSize: 246 bytes"}
{"timestamp":"2026-08-04T16:01:00.5123642-03:00","level":"WARN","instance_id":"c8cdef81-4371-4930-9db2-fa5421175f42","message":"[c8cdef81-4371-4930-9db2-fa5421175f42] Message type discarded: "}
{"timestamp":"2026-08-04T16:01:00.5123642-03:00","level":"INFO","instance_id":"c8cdef81-4371-4930-9db2-fa5421175f42","message":"[c8cdef81-4371-4930-9db2-fa5421175f42] subscriptions [] eventType Connected"}
{"timestamp":"2026-08-04T16:01:02.2107712-03:00","level":"INFO","instance_id":"c8cdef81-4371-4930-9db2-fa5421175f42","message":"[c8cdef81-4371-4930-9db2-fa5421175f42] Starting fresh instance"}
{"timestamp":"2026-08-04T16:01:02.6634409-03:00","level":"INFO","instance_id":"c8cdef81-4371-4930-9db2-fa5421175f42","message":"[c8cdef81-4371-4930-9db2-fa5421175f42] Starting client"}
{"timestamp":"2026-08-04T16:01:02.6634409-03:00","level":"WARN","instance_id":"c8cdef81-4371-4930-9db2-fa5421175f42","message":"[c8cdef81-4371-4930-9db2-fa5421175f42] Message type discarded: "}
{"timestamp":"2026-08-04T16:01:02.6634409-03:00","level":"INFO","instance_id":"c8cdef81-4371-4930-9db2-fa5421175f42","message":"Starting websocket connection to Whatsapp for user 'c8cdef81-4371-4930-9db2-fa5421175f42'"}
{"timestamp":"2026-08-04T16:01:03.8151602-03:00","level":"INFO","instance_id":"c8cdef81-4371-4930-9db2-fa5421175f42","message":"[c8cdef81-4371-4930-9db2-fa5421175f42] Jid found. Getting device store for jid: 556282016064:7@s.whatsapp.net"}
{"timestamp":"2026-08-04T16:01:04.141568-03:00","level":"INFO","instance_id":"c8cdef81-4371-4930-9db2-fa5421175f42","message":"[c8cdef81-4371-4930-9db2-fa5421175f42] Setting whatsapp version from web to 2.3000.1044457895"}
{"timestamp":"2026-08-04T16:01:04.141568-03:00","level":"INFO","instance_id":"c8cdef81-4371-4930-9db2-fa5421175f42","message":"[c8cdef81-4371-4930-9db2-fa5421175f42] Already logged in with JID: 556282016064:7@s.whatsapp.net"}
{"timestamp":"2026-08-04T16:01:08.7003775-03:00","level":"INFO","instance_id":"c8cdef81-4371-4930-9db2-fa5421175f42","message":"[c8cdef81-4371-4930-9db2-fa5421175f42] events.Connected to Whatsapp for user 'Jefferson Hipolito'"}
{"timestamp":"2026-08-04T16:01:08.7003775-03:00","level":"INFO","instance_id":"c8cdef81-4371-4930-9db2-fa5421175f42","message":"[c8cdef81-4371-4930-9db2-fa5421175f42] Marked self as unavailable (alwaysOnline=false)"}
{"timestamp":"2026-08-04T16:01:08.8185538-03:00","level":"WARN","instance_id":"c8cdef81-4371-4930-9db2-fa5421175f42","message":"[c8cdef81-4371-4930-9db2-fa5421175f42] Unhandled event *events.OfflineSyncPreview: \u0026{Total:9 AppDataChanges:0 Messages:5 Notifications:2 Receipts:1}"}
{"timestamp":"2026-08-04T16:01:10.2130326-03:00","level":"INFO","instance_id":"c8cdef81-4371-4930-9db2-fa5421175f42","message":"[c8cdef81-4371-4930-9db2-fa5421175f42] ===== DISPATCHING WEBHOOK ===== Event: Connected, Queue: c8cdef81-4371-4930-9db2-fa5421175f42.connected, DataSize: 246 bytes"}
{"timestamp":"2026-08-04T16:01:10.2130326-03:00","level":"WARN","instance_id":"c8cdef81-4371-4930-9db2-fa5421175f42","message":"[c8cdef81-4371-4930-9db2-fa5421175f42] Message type discarded: "}
{"timestamp":"2026-08-04T16:01:10.2130326-03:00","level":"INFO","instance_id":"c8cdef81-4371-4930-9db2-fa5421175f42","message":"[c8cdef81-4371-4930-9db2-fa5421175f42] subscriptions [] eventType Connected"}
{"timestamp":"2026-08-04T16:01:14.6209177-03:00","level":"INFO","instance_id":"c8cdef81-4371-4930-9db2-fa5421175f42","message":"[c8cdef81-4371-4930-9db2-fa5421175f42] ===== MESSAGE RECEIVED ===== ID: A5E83E92E17DA7EE4843EAAFFDCF21C3, From: 556282016064@s.whatsapp.net, Type: text, Size: unknown"}
{"timestamp":"2026-08-04T16:01:14.6209177-03:00","level":"INFO","instance_id":"c8cdef81-4371-4930-9db2-fa5421175f42","message":"[c8cdef81-4371-4930-9db2-fa5421175f42] Message ignored because it's a unknown protocol message"}
{"timestamp":"2026-08-04T16:01:14.622122-03:00","level":"INFO","instance_id":"c8cdef81-4371-4930-9db2-fa5421175f42","message":"[c8cdef81-4371-4930-9db2-fa5421175f42] History sync event received PUSH_NAME"}
{"timestamp":"2026-08-04T16:01:14.6226457-03:00","level":"INFO","instance_id":"c8cdef81-4371-4930-9db2-fa5421175f42","message":"[c8cdef81-4371-4930-9db2-fa5421175f42] ===== DISPATCHING WEBHOOK ===== Event: HistorySync, Queue: c8cdef81-4371-4930-9db2-fa5421175f42.historysync, DataSize: 123947 bytes"}
{"timestamp":"2026-08-04T16:01:14.6237119-03:00","level":"WARN","instance_id":"c8cdef81-4371-4930-9db2-fa5421175f42","message":"[c8cdef81-4371-4930-9db2-fa5421175f42] Message type discarded: "}
{"timestamp":"2026-08-04T16:01:14.6237119-03:00","level":"INFO","instance_id":"c8cdef81-4371-4930-9db2-fa5421175f42","message":"[c8cdef81-4371-4930-9db2-fa5421175f42] subscriptions [] eventType HistorySync"}
{"timestamp":"2026-08-04T16:01:15.9301762-03:00","level":"INFO","instance_id":"c8cdef81-4371-4930-9db2-fa5421175f42","message":"[c8cdef81-4371-4930-9db2-fa5421175f42] ===== MESSAGE RECEIVED ===== ID: A55526C02CDBBE9C9EEEABED444F10B4, From: 556282016064@s.whatsapp.net, Type: text, Size: unknown"}
{"timestamp":"2026-08-04T16:01:15.9301762-03:00","level":"INFO","instance_id":"c8cdef81-4371-4930-9db2-fa5421175f42","message":"[c8cdef81-4371-4930-9db2-fa5421175f42] Message ignored because it's a unknown protocol message"}
{"timestamp":"2026-08-04T16:01:16.484953-03:00","level":"INFO","instance_id":"c8cdef81-4371-4930-9db2-fa5421175f42","message":"[c8cdef81-4371-4930-9db2-fa5421175f42] QR code generated #4 (max: 5)"}
{"timestamp":"2026-08-04T16:01:16.5397271-03:00","level":"INFO","instance_id":"c8cdef81-4371-4930-9db2-fa5421175f42","message":"[c8cdef81-4371-4930-9db2-fa5421175f42] History sync event received NON_BLOCKING_DATA"}
{"timestamp":"2026-08-04T16:01:16.5402574-03:00","level":"INFO","instance_id":"c8cdef81-4371-4930-9db2-fa5421175f42","message":"[c8cdef81-4371-4930-9db2-fa5421175f42] ===== DISPATCHING WEBHOOK ===== Event: HistorySync, Queue: c8cdef81-4371-4930-9db2-fa5421175f42.historysync, DataSize: 122229 bytes"}
{"timestamp":"2026-08-04T16:01:16.5418361-03:00","level":"WARN","instance_id":"c8cdef81-4371-4930-9db2-fa5421175f42","message":"[c8cdef81-4371-4930-9db2-fa5421175f42] Message type discarded: "}
{"timestamp":"2026-08-04T16:01:16.5418361-03:00","level":"INFO","instance_id":"c8cdef81-4371-4930-9db2-fa5421175f42","message":"[c8cdef81-4371-4930-9db2-fa5421175f42] subscriptions [] eventType HistorySync"}
{"timestamp":"2026-08-04T16:01:17.1067164-03:00","level":"WARN","instance_id":"c8cdef81-4371-4930-9db2-fa5421175f42","message":"[c8cdef81-4371-4930-9db2-fa5421175f42] Message type discarded: "}
{"timestamp":"2026-08-04T16:01:17.1077375-03:00","level":"INFO","instance_id":"c8cdef81-4371-4930-9db2-fa5421175f42","message":"[c8cdef81-4371-4930-9db2-fa5421175f42] subscriptions [] eventType QRCode"}
{"timestamp":"2026-08-04T16:01:27.4592435-03:00","level":"INFO","instance_id":"c8cdef81-4371-4930-9db2-fa5421175f42","message":"[c8cdef81-4371-4930-9db2-fa5421175f42] Getting advanced settings"}
{"timestamp":"2026-08-04T16:01:27.9156142-03:00","level":"INFO","instance_id":"c8cdef81-4371-4930-9db2-fa5421175f42","message":"[c8cdef81-4371-4930-9db2-fa5421175f42] Getting advanced settings"}
{"timestamp":"2026-08-04T16:01:37.1070492-03:00","level":"INFO","instance_id":"c8cdef81-4371-4930-9db2-fa5421175f42","message":"[c8cdef81-4371-4930-9db2-fa5421175f42] QR code generated #5 (max: 5)"}
{"timestamp":"2026-08-04T16:01:37.1070492-03:00","level":"WARN","instance_id":"c8cdef81-4371-4930-9db2-fa5421175f42","message":"[c8cdef81-4371-4930-9db2-fa5421175f42] Maximum QR code count reached (5), forcing logout and QRTimeout"}
{"timestamp":"2026-08-04T16:01:38.6140566-03:00","level":"WARN","instance_id":"c8cdef81-4371-4930-9db2-fa5421175f42","message":"[c8cdef81-4371-4930-9db2-fa5421175f42] QR timeout — signaling kill channel"}
{"timestamp":"2026-08-04T16:01:38.6140566-03:00","level":"WARN","instance_id":"c8cdef81-4371-4930-9db2-fa5421175f42","message":"[c8cdef81-4371-4930-9db2-fa5421175f42] Message type discarded: "}
{"timestamp":"2026-08-04T16:01:38.6140566-03:00","level":"INFO","instance_id":"c8cdef81-4371-4930-9db2-fa5421175f42","message":"[c8cdef81-4371-4930-9db2-fa5421175f42] subscriptions [] eventType QRTimeout"}
{"timestamp":"2026-08-04T16:01:38.8749941-03:00","level":"INFO","instance_id":"c8cdef81-4371-4930-9db2-fa5421175f42","message":"Received kill signal for user 'c8cdef81-4371-4930-9db2-fa5421175f42'"}
{"timestamp":"2026-08-04T16:01:38.8749941-03:00","level":"INFO","instance_id":"c8cdef81-4371-4930-9db2-fa5421175f42","message":"[c8cdef81-4371-4930-9db2-fa5421175f42] UserInfo cache cleared for token: 81c6b9b6-084f-45a6-8372-f82d0c2f0c7b"}
{"timestamp":"2026-08-04T16:01:39.8281868-03:00","level":"INFO","instance_id":"c8cdef81-4371-4930-9db2-fa5421175f42","message":"[c8cdef81-4371-4930-9db2-fa5421175f42] Restarting client"}
{"timestamp":"2026-08-04T16:01:39.8281868-03:00","level":"WARN","instance_id":"c8cdef81-4371-4930-9db2-fa5421175f42","message":"[c8cdef81-4371-4930-9db2-fa5421175f42] Message type discarded: "}
{"timestamp":"2026-08-04T16:01:39.8281868-03:00","level":"INFO","instance_id":"c8cdef81-4371-4930-9db2-fa5421175f42","message":"Starting websocket connection to Whatsapp for user 'c8cdef81-4371-4930-9db2-fa5421175f42'"}
{"timestamp":"2026-08-04T16:01:39.8281868-03:00","level":"INFO","instance_id":"c8cdef81-4371-4930-9db2-fa5421175f42","message":"[c8cdef81-4371-4930-9db2-fa5421175f42] subscriptions [] eventType LoggedOut"}
{"timestamp":"2026-08-04T16:01:40.9194033-03:00","level":"WARN","instance_id":"c8cdef81-4371-4930-9db2-fa5421175f42","message":"[c8cdef81-4371-4930-9db2-fa5421175f42] No jid found. Creating new device"}
{"timestamp":"2026-08-04T16:01:40.9194033-03:00","level":"INFO","instance_id":"c8cdef81-4371-4930-9db2-fa5421175f42","message":"[c8cdef81-4371-4930-9db2-fa5421175f42] Setting whatsapp version from web to 2.3000.1044457895"}
{"timestamp":"2026-08-04T16:01:41.6596742-03:00","level":"INFO","instance_id":"c8cdef81-4371-4930-9db2-fa5421175f42","message":"[c8cdef81-4371-4930-9db2-fa5421175f42] QR code generated #1 (max: 5)"}
{"timestamp":"2026-08-04T16:01:42.3473138-03:00","level":"WARN","instance_id":"c8cdef81-4371-4930-9db2-fa5421175f42","message":"[c8cdef81-4371-4930-9db2-fa5421175f42] Message type discarded: "}
{"timestamp":"2026-08-04T16:01:42.3473138-03:00","level":"INFO","instance_id":"c8cdef81-4371-4930-9db2-fa5421175f42","message":"[c8cdef81-4371-4930-9db2-fa5421175f42] subscriptions [] eventType QRCode"}
{"timestamp":"2026-08-04T16:02:33.8623454-03:00","level":"WARN","instance_id":"c8cdef81-4371-4930-9db2-fa5421175f42","message":"[c8cdef81-4371-4930-9db2-fa5421175f42] ===== WEBHOOK SKIPPED ===== doWebhook=false"}
{"timestamp":"2026-08-04T16:02:42.3478279-03:00","level":"INFO","instance_id":"c8cdef81-4371-4930-9db2-fa5421175f42","message":"[c8cdef81-4371-4930-9db2-fa5421175f42] QR code generated #2 (max: 5)"}
{"timestamp":"2026-08-04T16:02:42.9600367-03:00","level":"WARN","instance_id":"c8cdef81-4371-4930-9db2-fa5421175f42","message":"[c8cdef81-4371-4930-9db2-fa5421175f42] Message type discarded: "}
{"timestamp":"2026-08-04T16:02:42.9600367-03:00","level":"INFO","instance_id":"c8cdef81-4371-4930-9db2-fa5421175f42","message":"[c8cdef81-4371-4930-9db2-fa5421175f42] subscriptions [] eventType QRCode"}
{"timestamp":"2026-08-04T16:02:43.1284015-03:00","level":"INFO","instance_id":"c8cdef81-4371-4930-9db2-fa5421175f42","message":"[c8cdef81-4371-4930-9db2-fa5421175f42] Checking client connection status - Client exists: true"}
{"timestamp":"2026-08-04T16:02:43.1284015-03:00","level":"INFO","instance_id":"c8cdef81-4371-4930-9db2-fa5421175f42","message":"[c8cdef81-4371-4930-9db2-fa5421175f42] Client successfully validated - Connected: true"}
{"timestamp":"2026-08-04T16:02:43.6063907-03:00","level":"INFO","instance_id":"c8cdef81-4371-4930-9db2-fa5421175f42","message":"[c8cdef81-4371-4930-9db2-fa5421175f42] Checking client connection status - Client exists: true"}
{"timestamp":"2026-08-04T16:02:43.6063907-03:00","level":"INFO","instance_id":"c8cdef81-4371-4930-9db2-fa5421175f42","message":"[c8cdef81-4371-4930-9db2-fa5421175f42] Client successfully validated - Connected: true"}
{"timestamp":"2026-08-04T16:02:45.0854649-03:00","level":"INFO","instance_id":"c8cdef81-4371-4930-9db2-fa5421175f42","message":"[c8cdef81-4371-4930-9db2-fa5421175f42] Checking client connection status - Client exists: true"}
{"timestamp":"2026-08-04T16:02:45.0854649-03:00","level":"INFO","instance_id":"c8cdef81-4371-4930-9db2-fa5421175f42","message":"[c8cdef81-4371-4930-9db2-fa5421175f42] Client successfully validated - Connected: true"}
{"timestamp":"2026-08-04T16:02:47.1934343-03:00","level":"INFO","instance_id":"c8cdef81-4371-4930-9db2-fa5421175f42","message":"[c8cdef81-4371-4930-9db2-fa5421175f42] Checking client connection status - Client exists: true"}
{"timestamp":"2026-08-04T16:02:47.1934343-03:00","level":"INFO","instance_id":"c8cdef81-4371-4930-9db2-fa5421175f42","message":"[c8cdef81-4371-4930-9db2-fa5421175f42] Client successfully validated - Connected: true"}
{"timestamp":"2026-08-04T16:02:48.6948567-03:00","level":"INFO","instance_id":"c8cdef81-4371-4930-9db2-fa5421175f42","message":"[c8cdef81-4371-4930-9db2-fa5421175f42] Checking client connection status - Client exists: true"}
{"timestamp":"2026-08-04T16:02:48.6948567-03:00","level":"INFO","instance_id":"c8cdef81-4371-4930-9db2-fa5421175f42","message":"[c8cdef81-4371-4930-9db2-fa5421175f42] Client successfully validated - Connected: true"}
{"timestamp":"2026-08-04T16:02:50.7966785-03:00","level":"INFO","instance_id":"c8cdef81-4371-4930-9db2-fa5421175f42","message":"[c8cdef81-4371-4930-9db2-fa5421175f42] Checking client connection status - Client exists: true"}
{"timestamp":"2026-08-04T16:02:50.7966785-03:00","level":"INFO","instance_id":"c8cdef81-4371-4930-9db2-fa5421175f42","message":"[c8cdef81-4371-4930-9db2-fa5421175f42] Client successfully validated - Connected: true"}
{"timestamp":"2026-08-04T16:02:52.283764-03:00","level":"INFO","instance_id":"c8cdef81-4371-4930-9db2-fa5421175f42","message":"[c8cdef81-4371-4930-9db2-fa5421175f42] Checking client connection status - Client exists: true"}
{"timestamp":"2026-08-04T16:02:52.283764-03:00","level":"INFO","instance_id":"c8cdef81-4371-4930-9db2-fa5421175f42","message":"[c8cdef81-4371-4930-9db2-fa5421175f42] Client successfully validated - Connected: true"}
{"timestamp":"2026-08-04T16:02:54.0103039-03:00","level":"INFO","instance_id":"c8cdef81-4371-4930-9db2-fa5421175f42","message":"[c8cdef81-4371-4930-9db2-fa5421175f42] ===== MESSAGE RECEIVED ===== ID: A5B5B0B0FC192F1384AD4884D37BD192, From: 556282016064@s.whatsapp.net, Type: text, Size: unknown"}
{"timestamp":"2026-08-04T16:02:54.0103039-03:00","level":"INFO","instance_id":"c8cdef81-4371-4930-9db2-fa5421175f42","message":"[c8cdef81-4371-4930-9db2-fa5421175f42] Message ignored because it's a unknown protocol message"}
{"timestamp":"2026-08-04T16:02:54.3992425-03:00","level":"INFO","instance_id":"c8cdef81-4371-4930-9db2-fa5421175f42","message":"[c8cdef81-4371-4930-9db2-fa5421175f42] Checking client connection status - Client exists: true"}
{"timestamp":"2026-08-04T16:02:54.3992425-03:00","level":"INFO","instance_id":"c8cdef81-4371-4930-9db2-fa5421175f42","message":"[c8cdef81-4371-4930-9db2-fa5421175f42] Client successfully validated - Connected: true"}
{"timestamp":"2026-08-04T16:02:54.4091761-03:00","level":"INFO","instance_id":"c8cdef81-4371-4930-9db2-fa5421175f42","message":"[c8cdef81-4371-4930-9db2-fa5421175f42] History sync event received RECENT"}
{"timestamp":"2026-08-04T16:02:54.4156273-03:00","level":"INFO","instance_id":"c8cdef81-4371-4930-9db2-fa5421175f42","message":"[c8cdef81-4371-4930-9db2-fa5421175f42] ===== DISPATCHING WEBHOOK ===== Event: HistorySync, Queue: c8cdef81-4371-4930-9db2-fa5421175f42.historysync, DataSize: 1765260 bytes"}
{"timestamp":"2026-08-04T16:02:54.4282416-03:00","level":"WARN","instance_id":"c8cdef81-4371-4930-9db2-fa5421175f42","message":"[c8cdef81-4371-4930-9db2-fa5421175f42] Message type discarded: "}
{"timestamp":"2026-08-04T16:02:54.4282416-03:00","level":"INFO","instance_id":"c8cdef81-4371-4930-9db2-fa5421175f42","message":"[c8cdef81-4371-4930-9db2-fa5421175f42] subscriptions [] eventType HistorySync"}
{"timestamp":"2026-08-04T16:02:55.3545889-03:00","level":"INFO","instance_id":"c8cdef81-4371-4930-9db2-fa5421175f42","message":"[c8cdef81-4371-4930-9db2-fa5421175f42] Checking client connection status - Client exists: true"}
{"timestamp":"2026-08-04T16:02:55.3545889-03:00","level":"INFO","instance_id":"c8cdef81-4371-4930-9db2-fa5421175f42","message":"[c8cdef81-4371-4930-9db2-fa5421175f42] Client successfully validated - Connected: true"}
{"timestamp":"2026-08-04T16:02:56.2253976-03:00","level":"INFO","instance_id":"c8cdef81-4371-4930-9db2-fa5421175f42","message":"[c8cdef81-4371-4930-9db2-fa5421175f42] Checking client connection status - Client exists: true"}
{"timestamp":"2026-08-04T16:02:56.2253976-03:00","level":"INFO","instance_id":"c8cdef81-4371-4930-9db2-fa5421175f42","message":"[c8cdef81-4371-4930-9db2-fa5421175f42] Client successfully validated - Connected: true"}
{"timestamp":"2026-08-04T16:02:57.715148-03:00","level":"INFO","instance_id":"c8cdef81-4371-4930-9db2-fa5421175f42","message":"[c8cdef81-4371-4930-9db2-fa5421175f42] Checking client connection status - Client exists: true"}
{"timestamp":"2026-08-04T16:02:57.715148-03:00","level":"INFO","instance_id":"c8cdef81-4371-4930-9db2-fa5421175f42","message":"[c8cdef81-4371-4930-9db2-fa5421175f42] Client successfully validated - Connected: true"}
{"timestamp":"2026-08-04T16:02:59.3857563-03:00","level":"INFO","instance_id":"c8cdef81-4371-4930-9db2-fa5421175f42","message":"[c8cdef81-4371-4930-9db2-fa5421175f42] Checking client connection status - Client exists: true"}
{"timestamp":"2026-08-04T16:02:59.3857563-03:00","level":"INFO","instance_id":"c8cdef81-4371-4930-9db2-fa5421175f42","message":"[c8cdef81-4371-4930-9db2-fa5421175f42] Client successfully validated - Connected: true"}
{"timestamp":"2026-08-04T16:02:59.625239-03:00","level":"INFO","instance_id":"c8cdef81-4371-4930-9db2-fa5421175f42","message":"[c8cdef81-4371-4930-9db2-fa5421175f42] Checking client connection status - Client exists: true"}
{"timestamp":"2026-08-04T16:02:59.625239-03:00","level":"INFO","instance_id":"c8cdef81-4371-4930-9db2-fa5421175f42","message":"[c8cdef81-4371-4930-9db2-fa5421175f42] Client successfully validated - Connected: true"}
{"timestamp":"2026-08-04T16:03:01.0929819-03:00","level":"INFO","instance_id":"c8cdef81-4371-4930-9db2-fa5421175f42","message":"[c8cdef81-4371-4930-9db2-fa5421175f42] Checking client connection status - Client exists: true"}
{"timestamp":"2026-08-04T16:03:01.0929819-03:00","level":"INFO","instance_id":"c8cdef81-4371-4930-9db2-fa5421175f42","message":"[c8cdef81-4371-4930-9db2-fa5421175f42] Client successfully validated - Connected: true"}
{"timestamp":"2026-08-04T16:03:01.4514689-03:00","level":"INFO","instance_id":"c8cdef81-4371-4930-9db2-fa5421175f42","message":"[c8cdef81-4371-4930-9db2-fa5421175f42] Checking client connection status - Client exists: true"}
{"timestamp":"2026-08-04T16:03:01.4514689-03:00","level":"INFO","instance_id":"c8cdef81-4371-4930-9db2-fa5421175f42","message":"[c8cdef81-4371-4930-9db2-fa5421175f42] Client successfully validated - Connected: true"}
{"timestamp":"2026-08-04T16:03:02.3409147-03:00","level":"INFO","instance_id":"c8cdef81-4371-4930-9db2-fa5421175f42","message":"[c8cdef81-4371-4930-9db2-fa5421175f42] Checking client connection status - Client exists: true"}
{"timestamp":"2026-08-04T16:03:02.3409147-03:00","level":"INFO","instance_id":"c8cdef81-4371-4930-9db2-fa5421175f42","message":"[c8cdef81-4371-4930-9db2-fa5421175f42] Client successfully validated - Connected: true"}
{"timestamp":"2026-08-04T16:03:02.9346131-03:00","level":"INFO","instance_id":"c8cdef81-4371-4930-9db2-fa5421175f42","message":"[c8cdef81-4371-4930-9db2-fa5421175f42] Checking client connection status - Client exists: true"}
{"timestamp":"2026-08-04T16:03:02.9346131-03:00","level":"INFO","instance_id":"c8cdef81-4371-4930-9db2-fa5421175f42","message":"[c8cdef81-4371-4930-9db2-fa5421175f42] Client successfully validated - Connected: true"}
{"timestamp":"2026-08-04T16:03:02.9604179-03:00","level":"INFO","instance_id":"c8cdef81-4371-4930-9db2-fa5421175f42","message":"[c8cdef81-4371-4930-9db2-fa5421175f42] QR code generated #3 (max: 5)"}
{"timestamp":"2026-08-04T16:03:03.4144728-03:00","level":"WARN","instance_id":"c8cdef81-4371-4930-9db2-fa5421175f42","message":"[c8cdef81-4371-4930-9db2-fa5421175f42] Message type discarded: "}
{"timestamp":"2026-08-04T16:03:03.4144728-03:00","level":"INFO","instance_id":"c8cdef81-4371-4930-9db2-fa5421175f42","message":"[c8cdef81-4371-4930-9db2-fa5421175f42] subscriptions [] eventType QRCode"}
{"timestamp":"2026-08-04T16:03:04.468582-03:00","level":"INFO","instance_id":"c8cdef81-4371-4930-9db2-fa5421175f42","message":"[c8cdef81-4371-4930-9db2-fa5421175f42] Checking client connection status - Client exists: true"}
{"timestamp":"2026-08-04T16:03:04.468582-03:00","level":"INFO","instance_id":"c8cdef81-4371-4930-9db2-fa5421175f42","message":"[c8cdef81-4371-4930-9db2-fa5421175f42] Client successfully validated - Connected: true"}
{"timestamp":"2026-08-04T16:03:04.7425058-03:00","level":"INFO","instance_id":"c8cdef81-4371-4930-9db2-fa5421175f42","message":"[c8cdef81-4371-4930-9db2-fa5421175f42] Checking client connection status - Client exists: true"}
{"timestamp":"2026-08-04T16:03:04.7425058-03:00","level":"INFO","instance_id":"c8cdef81-4371-4930-9db2-fa5421175f42","message":"[c8cdef81-4371-4930-9db2-fa5421175f42] Client successfully validated - Connected: true"}
{"timestamp":"2026-08-04T16:03:06.9956557-03:00","level":"INFO","instance_id":"c8cdef81-4371-4930-9db2-fa5421175f42","message":"[c8cdef81-4371-4930-9db2-fa5421175f42] Checking client connection status - Client exists: true"}
{"timestamp":"2026-08-04T16:03:06.9956557-03:00","level":"INFO","instance_id":"c8cdef81-4371-4930-9db2-fa5421175f42","message":"[c8cdef81-4371-4930-9db2-fa5421175f42] Client successfully validated - Connected: true"}
{"timestamp":"2026-08-04T16:03:08.481244-03:00","level":"INFO","instance_id":"c8cdef81-4371-4930-9db2-fa5421175f42","message":"[c8cdef81-4371-4930-9db2-fa5421175f42] Checking client connection status - Client exists: true"}
{"timestamp":"2026-08-04T16:03:08.481244-03:00","level":"INFO","instance_id":"c8cdef81-4371-4930-9db2-fa5421175f42","message":"[c8cdef81-4371-4930-9db2-fa5421175f42] Client successfully validated - Connected: true"}
{"timestamp":"2026-08-04T16:03:23.4150209-03:00","level":"INFO","instance_id":"c8cdef81-4371-4930-9db2-fa5421175f42","message":"[c8cdef81-4371-4930-9db2-fa5421175f42] QR code generated #4 (max: 5)"}
{"timestamp":"2026-08-04T16:03:24.0194869-03:00","level":"WARN","instance_id":"c8cdef81-4371-4930-9db2-fa5421175f42","message":"[c8cdef81-4371-4930-9db2-fa5421175f42] Message type discarded: "}
{"timestamp":"2026-08-04T16:03:24.0194869-03:00","level":"INFO","instance_id":"c8cdef81-4371-4930-9db2-fa5421175f42","message":"[c8cdef81-4371-4930-9db2-fa5421175f42] subscriptions [] eventType QRCode"}
{"timestamp":"2026-08-04T16:03:25.685874-03:00","level":"INFO","instance_id":"c8cdef81-4371-4930-9db2-fa5421175f42","message":"[c8cdef81-4371-4930-9db2-fa5421175f42] Checking client connection status - Client exists: true"}
{"timestamp":"2026-08-04T16:03:25.685874-03:00","level":"INFO","instance_id":"c8cdef81-4371-4930-9db2-fa5421175f42","message":"[c8cdef81-4371-4930-9db2-fa5421175f42] Client successfully validated - Connected: true"}
{"timestamp":"2026-08-04T16:03:25.8402658-03:00","level":"INFO","instance_id":"c8cdef81-4371-4930-9db2-fa5421175f42","message":"[c8cdef81-4371-4930-9db2-fa5421175f42] Checking client connection status - Client exists: true"}
{"timestamp":"2026-08-04T16:03:25.8402658-03:00","level":"INFO","instance_id":"c8cdef81-4371-4930-9db2-fa5421175f42","message":"[c8cdef81-4371-4930-9db2-fa5421175f42] Client successfully validated - Connected: true"}
{"timestamp":"2026-08-04T16:03:27.4907052-03:00","level":"INFO","instance_id":"c8cdef81-4371-4930-9db2-fa5421175f42","message":"[c8cdef81-4371-4930-9db2-fa5421175f42] Checking client connection status - Client exists: true"}
{"timestamp":"2026-08-04T16:03:27.4907052-03:00","level":"INFO","instance_id":"c8cdef81-4371-4930-9db2-fa5421175f42","message":"[c8cdef81-4371-4930-9db2-fa5421175f42] Client successfully validated - Connected: true"}
{"timestamp":"2026-08-04T16:03:28.9809727-03:00","level":"INFO","instance_id":"c8cdef81-4371-4930-9db2-fa5421175f42","message":"[c8cdef81-4371-4930-9db2-fa5421175f42] Checking client connection status - Client exists: true"}
{"timestamp":"2026-08-04T16:03:28.9809727-03:00","level":"INFO","instance_id":"c8cdef81-4371-4930-9db2-fa5421175f42","message":"[c8cdef81-4371-4930-9db2-fa5421175f42] Client successfully validated - Connected: true"}
{"timestamp":"2026-08-04T16:03:31.0898827-03:00","level":"INFO","instance_id":"c8cdef81-4371-4930-9db2-fa5421175f42","message":"[c8cdef81-4371-4930-9db2-fa5421175f42] Checking client connection status - Client exists: true"}
{"timestamp":"2026-08-04T16:03:31.0898827-03:00","level":"INFO","instance_id":"c8cdef81-4371-4930-9db2-fa5421175f42","message":"[c8cdef81-4371-4930-9db2-fa5421175f42] Client successfully validated - Connected: true"}
{"timestamp":"2026-08-04T16:03:32.6064243-03:00","level":"INFO","instance_id":"c8cdef81-4371-4930-9db2-fa5421175f42","message":"[c8cdef81-4371-4930-9db2-fa5421175f42] Checking client connection status - Client exists: true"}
{"timestamp":"2026-08-04T16:03:32.6064243-03:00","level":"INFO","instance_id":"c8cdef81-4371-4930-9db2-fa5421175f42","message":"[c8cdef81-4371-4930-9db2-fa5421175f42] Client successfully validated - Connected: true"}
{"timestamp":"2026-08-04T16:03:34.6757621-03:00","level":"INFO","instance_id":"c8cdef81-4371-4930-9db2-fa5421175f42","message":"[c8cdef81-4371-4930-9db2-fa5421175f42] Checking client connection status - Client exists: true"}
{"timestamp":"2026-08-04T16:03:34.6757621-03:00","level":"INFO","instance_id":"c8cdef81-4371-4930-9db2-fa5421175f42","message":"[c8cdef81-4371-4930-9db2-fa5421175f42] Client successfully validated - Connected: true"}
{"timestamp":"2026-08-04T16:03:34.9671376-03:00","level":"INFO","instance_id":"c8cdef81-4371-4930-9db2-fa5421175f42","message":"[c8cdef81-4371-4930-9db2-fa5421175f42] Checking client connection status - Client exists: true"}
{"timestamp":"2026-08-04T16:03:34.9671376-03:00","level":"INFO","instance_id":"c8cdef81-4371-4930-9db2-fa5421175f42","message":"[c8cdef81-4371-4930-9db2-fa5421175f42] Client successfully validated - Connected: true"}
{"timestamp":"2026-08-04T16:03:36.2093859-03:00","level":"INFO","instance_id":"c8cdef81-4371-4930-9db2-fa5421175f42","message":"[c8cdef81-4371-4930-9db2-fa5421175f42] Checking client connection status - Client exists: true"}
{"timestamp":"2026-08-04T16:03:36.2093859-03:00","level":"INFO","instance_id":"c8cdef81-4371-4930-9db2-fa5421175f42","message":"[c8cdef81-4371-4930-9db2-fa5421175f42] Client successfully validated - Connected: true"}
{"timestamp":"2026-08-04T16:03:38.3250019-03:00","level":"INFO","instance_id":"c8cdef81-4371-4930-9db2-fa5421175f42","message":"[c8cdef81-4371-4930-9db2-fa5421175f42] Checking client connection status - Client exists: true"}
{"timestamp":"2026-08-04T16:03:38.3250019-03:00","level":"INFO","instance_id":"c8cdef81-4371-4930-9db2-fa5421175f42","message":"[c8cdef81-4371-4930-9db2-fa5421175f42] Client successfully validated - Connected: true"}
{"timestamp":"2026-08-04T16:03:39.8055827-03:00","level":"INFO","instance_id":"c8cdef81-4371-4930-9db2-fa5421175f42","message":"[c8cdef81-4371-4930-9db2-fa5421175f42] Checking client connection status - Client exists: true"}
{"timestamp":"2026-08-04T16:03:39.8055827-03:00","level":"INFO","instance_id":"c8cdef81-4371-4930-9db2-fa5421175f42","message":"[c8cdef81-4371-4930-9db2-fa5421175f42] Client successfully validated - Connected: true"}
{"timestamp":"2026-08-04T16:03:41.9162588-03:00","level":"INFO","instance_id":"c8cdef81-4371-4930-9db2-fa5421175f42","message":"[c8cdef81-4371-4930-9db2-fa5421175f42] Checking client connection status - Client exists: true"}
{"timestamp":"2026-08-04T16:03:41.9162588-03:00","level":"INFO","instance_id":"c8cdef81-4371-4930-9db2-fa5421175f42","message":"[c8cdef81-4371-4930-9db2-fa5421175f42] Client successfully validated - Connected: true"}
{"timestamp":"2026-08-04T16:03:43.4054801-03:00","level":"INFO","instance_id":"c8cdef81-4371-4930-9db2-fa5421175f42","message":"[c8cdef81-4371-4930-9db2-fa5421175f42] Checking client connection status - Client exists: true"}
{"timestamp":"2026-08-04T16:03:43.4054801-03:00","level":"INFO","instance_id":"c8cdef81-4371-4930-9db2-fa5421175f42","message":"[c8cdef81-4371-4930-9db2-fa5421175f42] Client successfully validated - Connected: true"}
{"timestamp":"2026-08-04T16:03:44.0197541-03:00","level":"INFO","instance_id":"c8cdef81-4371-4930-9db2-fa5421175f42","message":"[c8cdef81-4371-4930-9db2-fa5421175f42] QR code generated #5 (max: 5)"}
{"timestamp":"2026-08-04T16:03:44.0197541-03:00","level":"WARN","instance_id":"c8cdef81-4371-4930-9db2-fa5421175f42","message":"[c8cdef81-4371-4930-9db2-fa5421175f42] Maximum QR code count reached (5), forcing logout and QRTimeout"}
{"timestamp":"2026-08-04T16:03:44.0197541-03:00","level":"WARN","instance_id":"c8cdef81-4371-4930-9db2-fa5421175f42","message":"[c8cdef81-4371-4930-9db2-fa5421175f42] Error during forced logout: the store doesn't contain a device JID"}
{"timestamp":"2026-08-04T16:03:45.4895107-03:00","level":"INFO","instance_id":"c8cdef81-4371-4930-9db2-fa5421175f42","message":"[c8cdef81-4371-4930-9db2-fa5421175f42] Checking client connection status - Client exists: true"}
{"timestamp":"2026-08-04T16:03:45.4895107-03:00","level":"INFO","instance_id":"c8cdef81-4371-4930-9db2-fa5421175f42","message":"[c8cdef81-4371-4930-9db2-fa5421175f42] Client successfully validated - Connected: true"}
{"timestamp":"2026-08-04T16:03:46.0043501-03:00","level":"WARN","instance_id":"c8cdef81-4371-4930-9db2-fa5421175f42","message":"[c8cdef81-4371-4930-9db2-fa5421175f42] QR timeout — signaling kill channel"}
{"timestamp":"2026-08-04T16:03:46.0043501-03:00","level":"WARN","instance_id":"c8cdef81-4371-4930-9db2-fa5421175f42","message":"[c8cdef81-4371-4930-9db2-fa5421175f42] Message type discarded: "}
{"timestamp":"2026-08-04T16:03:46.0043501-03:00","level":"INFO","instance_id":"c8cdef81-4371-4930-9db2-fa5421175f42","message":"[c8cdef81-4371-4930-9db2-fa5421175f42] subscriptions [] eventType QRTimeout"}
{"timestamp":"2026-08-04T16:03:46.2011687-03:00","level":"INFO","instance_id":"c8cdef81-4371-4930-9db2-fa5421175f42","message":"Received kill signal for user 'c8cdef81-4371-4930-9db2-fa5421175f42'"}
{"timestamp":"2026-08-04T16:03:46.2011687-03:00","level":"INFO","instance_id":"c8cdef81-4371-4930-9db2-fa5421175f42","message":"[c8cdef81-4371-4930-9db2-fa5421175f42] UserInfo cache cleared for token: 81c6b9b6-084f-45a6-8372-f82d0c2f0c7b"}
{"timestamp":"2026-08-04T16:03:46.9854428-03:00","level":"INFO","instance_id":"c8cdef81-4371-4930-9db2-fa5421175f42","message":"[c8cdef81-4371-4930-9db2-fa5421175f42] Checking client connection status - Client exists: false"}
{"timestamp":"2026-08-04T16:03:46.9854428-03:00","level":"INFO","instance_id":"c8cdef81-4371-4930-9db2-fa5421175f42","message":"[c8cdef81-4371-4930-9db2-fa5421175f42] No client found, attempting to start new instance"}
{"timestamp":"2026-08-04T16:03:47.1373873-03:00","level":"INFO","instance_id":"c8cdef81-4371-4930-9db2-fa5421175f42","message":"[c8cdef81-4371-4930-9db2-fa5421175f42] Starting client"}
{"timestamp":"2026-08-04T16:03:47.1373873-03:00","level":"WARN","instance_id":"c8cdef81-4371-4930-9db2-fa5421175f42","message":"[c8cdef81-4371-4930-9db2-fa5421175f42] Message type discarded: "}
{"timestamp":"2026-08-04T16:03:47.1373873-03:00","level":"INFO","instance_id":"c8cdef81-4371-4930-9db2-fa5421175f42","message":"[c8cdef81-4371-4930-9db2-fa5421175f42] Instance started, waiting 2 seconds..."}
{"timestamp":"2026-08-04T16:03:47.1373873-03:00","level":"INFO","instance_id":"c8cdef81-4371-4930-9db2-fa5421175f42","message":"Starting websocket connection to Whatsapp for user 'c8cdef81-4371-4930-9db2-fa5421175f42'"}
{"timestamp":"2026-08-04T16:03:47.1821203-03:00","level":"INFO","instance_id":"c8cdef81-4371-4930-9db2-fa5421175f42","message":"[c8cdef81-4371-4930-9db2-fa5421175f42] Restarting client"}
{"timestamp":"2026-08-04T16:03:47.1821203-03:00","level":"WARN","instance_id":"c8cdef81-4371-4930-9db2-fa5421175f42","message":"[c8cdef81-4371-4930-9db2-fa5421175f42] Message type discarded: "}
{"timestamp":"2026-08-04T16:03:47.1821203-03:00","level":"INFO","instance_id":"c8cdef81-4371-4930-9db2-fa5421175f42","message":"Starting websocket connection to Whatsapp for user 'c8cdef81-4371-4930-9db2-fa5421175f42'"}
{"timestamp":"2026-08-04T16:03:47.1821203-03:00","level":"INFO","instance_id":"c8cdef81-4371-4930-9db2-fa5421175f42","message":"[c8cdef81-4371-4930-9db2-fa5421175f42] subscriptions [] eventType LoggedOut"}
{"timestamp":"2026-08-04T16:03:48.2330209-03:00","level":"INFO","instance_id":"c8cdef81-4371-4930-9db2-fa5421175f42","message":"[c8cdef81-4371-4930-9db2-fa5421175f42] Jid found. Getting device store for jid: 556282016064:7@s.whatsapp.net"}
{"timestamp":"2026-08-04T16:03:48.2542399-03:00","level":"INFO","instance_id":"c8cdef81-4371-4930-9db2-fa5421175f42","message":"[c8cdef81-4371-4930-9db2-fa5421175f42] Jid found. Getting device store for jid: 556282016064:7@s.whatsapp.net"}
{"timestamp":"2026-08-04T16:03:48.5446365-03:00","level":"INFO","instance_id":"c8cdef81-4371-4930-9db2-fa5421175f42","message":"[c8cdef81-4371-4930-9db2-fa5421175f42] Setting whatsapp version from web to 2.3000.1044457895"}
{"timestamp":"2026-08-04T16:03:48.5446365-03:00","level":"INFO","instance_id":"c8cdef81-4371-4930-9db2-fa5421175f42","message":"[c8cdef81-4371-4930-9db2-fa5421175f42] Already logged in with JID: 556282016064:7@s.whatsapp.net"}
{"timestamp":"2026-08-04T16:03:48.558484-03:00","level":"INFO","instance_id":"c8cdef81-4371-4930-9db2-fa5421175f42","message":"[c8cdef81-4371-4930-9db2-fa5421175f42] Setting whatsapp version from web to 2.3000.1044457895"}
{"timestamp":"2026-08-04T16:03:48.558484-03:00","level":"INFO","instance_id":"c8cdef81-4371-4930-9db2-fa5421175f42","message":"[c8cdef81-4371-4930-9db2-fa5421175f42] Already logged in with JID: 556282016064:7@s.whatsapp.net"}
{"timestamp":"2026-08-04T16:03:49.1375696-03:00","level":"INFO","instance_id":"c8cdef81-4371-4930-9db2-fa5421175f42","message":"[c8cdef81-4371-4930-9db2-fa5421175f42] Checking new client - Exists: true, Connected: true"}
{"timestamp":"2026-08-04T16:03:49.1375696-03:00","level":"INFO","instance_id":"c8cdef81-4371-4930-9db2-fa5421175f42","message":"[c8cdef81-4371-4930-9db2-fa5421175f42] Client successfully validated - Connected: true"}
{"timestamp":"2026-08-04T16:03:49.7011987-03:00","level":"INFO","instance_id":"c8cdef81-4371-4930-9db2-fa5421175f42","message":"[c8cdef81-4371-4930-9db2-fa5421175f42] UserInfo cache cleared for token: 81c6b9b6-084f-45a6-8372-f82d0c2f0c7b"}
{"timestamp":"2026-08-04T16:03:49.733744-03:00","level":"INFO","instance_id":"c8cdef81-4371-4930-9db2-fa5421175f42","message":"[c8cdef81-4371-4930-9db2-fa5421175f42] Received StreamReplaced event"}
{"timestamp":"2026-08-04T16:03:49.7808298-03:00","level":"INFO","instance_id":"c8cdef81-4371-4930-9db2-fa5421175f42","message":"[c8cdef81-4371-4930-9db2-fa5421175f42] Checking client connection status - Client exists: true"}
{"timestamp":"2026-08-04T16:03:49.78192-03:00","level":"INFO","instance_id":"c8cdef81-4371-4930-9db2-fa5421175f42","message":"[c8cdef81-4371-4930-9db2-fa5421175f42] Client successfully validated - Connected: true"}
{"timestamp":"2026-08-04T16:03:50.3646249-03:00","level":"INFO","instance_id":"c8cdef81-4371-4930-9db2-fa5421175f42","message":"[c8cdef81-4371-4930-9db2-fa5421175f42] events.Connected to Whatsapp for user 'Jefferson Hipolito'"}
{"timestamp":"2026-08-04T16:03:50.3646249-03:00","level":"INFO","instance_id":"c8cdef81-4371-4930-9db2-fa5421175f42","message":"[c8cdef81-4371-4930-9db2-fa5421175f42] Marked self as unavailable (alwaysOnline=false)"}
{"timestamp":"2026-08-04T16:03:50.4287672-03:00","level":"WARN","instance_id":"c8cdef81-4371-4930-9db2-fa5421175f42","message":"[c8cdef81-4371-4930-9db2-fa5421175f42] Unhandled event *events.OfflineSyncPreview: \u0026{Total:11 AppDataChanges:0 Messages:3 Notifications:6 Receipts:1}"}
{"timestamp":"2026-08-04T16:03:50.4393252-03:00","level":"INFO","instance_id":"c8cdef81-4371-4930-9db2-fa5421175f42","message":"[c8cdef81-4371-4930-9db2-fa5421175f42] Checking client connection status - Client exists: true"}
{"timestamp":"2026-08-04T16:03:50.4393252-03:00","level":"ERROR","instance_id":"c8cdef81-4371-4930-9db2-fa5421175f42","message":"[c8cdef81-4371-4930-9db2-fa5421175f42] Existing client is disconnected - Connected status: false"}
{"timestamp":"2026-08-04T16:03:50.5598174-03:00","level":"INFO","instance_id":"c8cdef81-4371-4930-9db2-fa5421175f42","message":"[c8cdef81-4371-4930-9db2-fa5421175f42] Receipt received with ID: 3EB0A034D50966D0172941 from 139561019670752:55@lid in 120363426278941464@g.us with type "}
{"timestamp":"2026-08-04T16:03:50.56033-03:00","level":"INFO","instance_id":"c8cdef81-4371-4930-9db2-fa5421175f42","message":"[c8cdef81-4371-4930-9db2-fa5421175f42] Message delivered to 139561019670752:55@lid in 120363426278941464@g.us"}
{"timestamp":"2026-08-04T16:03:50.56033-03:00","level":"INFO","instance_id":"c8cdef81-4371-4930-9db2-fa5421175f42","message":"[c8cdef81-4371-4930-9db2-fa5421175f42] ===== DISPATCHING WEBHOOK ===== Event: Receipt, Queue: c8cdef81-4371-4930-9db2-fa5421175f42.receipt, DataSize: 490 bytes"}
{"timestamp":"2026-08-04T16:03:50.56033-03:00","level":"WARN","instance_id":"c8cdef81-4371-4930-9db2-fa5421175f42","message":"[c8cdef81-4371-4930-9db2-fa5421175f42] Message type discarded: "}
{"timestamp":"2026-08-04T16:03:50.56033-03:00","level":"INFO","instance_id":"c8cdef81-4371-4930-9db2-fa5421175f42","message":"[c8cdef81-4371-4930-9db2-fa5421175f42] subscriptions [] eventType Receipt"}
{"timestamp":"2026-08-04T16:03:50.5909246-03:00","level":"INFO","instance_id":"c8cdef81-4371-4930-9db2-fa5421175f42","message":"[c8cdef81-4371-4930-9db2-fa5421175f42] events.Connected to Whatsapp for user 'Jefferson Hipolito'"}
{"timestamp":"2026-08-04T16:03:50.5909246-03:00","level":"WARN","instance_id":"c8cdef81-4371-4930-9db2-fa5421175f42","message":"[c8cdef81-4371-4930-9db2-fa5421175f42] Failed to send unavailable presence websocket not connected"}
{"timestamp":"2026-08-04T16:03:50.8173531-03:00","level":"INFO","instance_id":"c8cdef81-4371-4930-9db2-fa5421175f42","message":"[c8cdef81-4371-4930-9db2-fa5421175f42] Disconnected detected, restarting instance"}
{"timestamp":"2026-08-04T16:03:50.8173531-03:00","level":"INFO","instance_id":"c8cdef81-4371-4930-9db2-fa5421175f42","message":"[c8cdef81-4371-4930-9db2-fa5421175f42] ===== DISPATCHING WEBHOOK ===== Event: Disconnected, Queue: c8cdef81-4371-4930-9db2-fa5421175f42.disconnected, DataSize: 164 bytes"}
{"timestamp":"2026-08-04T16:03:50.8173531-03:00","level":"WARN","instance_id":"c8cdef81-4371-4930-9db2-fa5421175f42","message":"[c8cdef81-4371-4930-9db2-fa5421175f42] Message type discarded: "}
{"timestamp":"2026-08-04T16:03:50.8173531-03:00","level":"INFO","instance_id":"c8cdef81-4371-4930-9db2-fa5421175f42","message":"[c8cdef81-4371-4930-9db2-fa5421175f42] subscriptions [] eventType Disconnected"}
{"timestamp":"2026-08-04T16:03:52.271437-03:00","level":"INFO","instance_id":"c8cdef81-4371-4930-9db2-fa5421175f42","message":"[c8cdef81-4371-4930-9db2-fa5421175f42] ===== DISPATCHING WEBHOOK ===== Event: Connected, Queue: c8cdef81-4371-4930-9db2-fa5421175f42.connected, DataSize: 246 bytes"}
{"timestamp":"2026-08-04T16:03:52.271437-03:00","level":"INFO","instance_id":"c8cdef81-4371-4930-9db2-fa5421175f42","message":"[c8cdef81-4371-4930-9db2-fa5421175f42] Starting reconnection process - simulating restart"}
{"timestamp":"2026-08-04T16:03:52.271437-03:00","level":"WARN","instance_id":"c8cdef81-4371-4930-9db2-fa5421175f42","message":"[c8cdef81-4371-4930-9db2-fa5421175f42] Message type discarded: "}
{"timestamp":"2026-08-04T16:03:52.2721939-03:00","level":"INFO","instance_id":"c8cdef81-4371-4930-9db2-fa5421175f42","message":"[c8cdef81-4371-4930-9db2-fa5421175f42] Disconnecting existing client"}
{"timestamp":"2026-08-04T16:03:52.2721939-03:00","level":"INFO","instance_id":"c8cdef81-4371-4930-9db2-fa5421175f42","message":"[c8cdef81-4371-4930-9db2-fa5421175f42] subscriptions [] eventType Connected"}
{"timestamp":"2026-08-04T16:03:52.2721939-03:00","level":"INFO","instance_id":"c8cdef81-4371-4930-9db2-fa5421175f42","message":"[c8cdef81-4371-4930-9db2-fa5421175f42] Event handler removed"}
{"timestamp":"2026-08-04T16:03:52.2721939-03:00","level":"INFO","instance_id":"c8cdef81-4371-4930-9db2-fa5421175f42","message":"[c8cdef81-4371-4930-9db2-fa5421175f42] Cleaning up resources"}
{"timestamp":"2026-08-04T16:03:52.6049542-03:00","level":"INFO","instance_id":"c8cdef81-4371-4930-9db2-fa5421175f42","message":"[c8cdef81-4371-4930-9db2-fa5421175f42] UserInfo cache cleared for token: 81c6b9b6-084f-45a6-8372-f82d0c2f0c7b"}
{"timestamp":"2026-08-04T16:03:53.0696797-03:00","level":"INFO","instance_id":"c8cdef81-4371-4930-9db2-fa5421175f42","message":"[c8cdef81-4371-4930-9db2-fa5421175f42] Checking client connection status - Client exists: false"}
{"timestamp":"2026-08-04T16:03:53.0696797-03:00","level":"INFO","instance_id":"c8cdef81-4371-4930-9db2-fa5421175f42","message":"[c8cdef81-4371-4930-9db2-fa5421175f42] No client found, attempting to start new instance"}
{"timestamp":"2026-08-04T16:03:53.2202712-03:00","level":"WARN","instance_id":"c8cdef81-4371-4930-9db2-fa5421175f42","message":"[c8cdef81-4371-4930-9db2-fa5421175f42] Unhandled event *events.BusinessName: \u0026{JID:47309803008098:16@lid Message:0x260dad361b88 OldBusinessName: NewBusinessName:Viu Aqui Somente Divulgação}"}
{"timestamp":"2026-08-04T16:03:53.2268962-03:00","level":"INFO","instance_id":"c8cdef81-4371-4930-9db2-fa5421175f42","message":"[c8cdef81-4371-4930-9db2-fa5421175f42] Starting client"}
{"timestamp":"2026-08-04T16:03:53.2268962-03:00","level":"WARN","instance_id":"c8cdef81-4371-4930-9db2-fa5421175f42","message":"[c8cdef81-4371-4930-9db2-fa5421175f42] Message type discarded: "}
{"timestamp":"2026-08-04T16:03:53.2268962-03:00","level":"INFO","instance_id":"c8cdef81-4371-4930-9db2-fa5421175f42","message":"[c8cdef81-4371-4930-9db2-fa5421175f42] Instance started, waiting 2 seconds..."}
{"timestamp":"2026-08-04T16:03:53.2268962-03:00","level":"INFO","instance_id":"c8cdef81-4371-4930-9db2-fa5421175f42","message":"Starting websocket connection to Whatsapp for user 'c8cdef81-4371-4930-9db2-fa5421175f42'"}
{"timestamp":"2026-08-04T16:03:54.2932816-03:00","level":"INFO","instance_id":"c8cdef81-4371-4930-9db2-fa5421175f42","message":"[c8cdef81-4371-4930-9db2-fa5421175f42] ===== DISPATCHING WEBHOOK ===== Event: Connected, Queue: c8cdef81-4371-4930-9db2-fa5421175f42.connected, DataSize: 246 bytes"}
{"timestamp":"2026-08-04T16:03:54.2932816-03:00","level":"WARN","instance_id":"c8cdef81-4371-4930-9db2-fa5421175f42","message":"[c8cdef81-4371-4930-9db2-fa5421175f42] Message type discarded: "}
{"timestamp":"2026-08-04T16:03:54.2932816-03:00","level":"INFO","instance_id":"c8cdef81-4371-4930-9db2-fa5421175f42","message":"[c8cdef81-4371-4930-9db2-fa5421175f42] subscriptions [] eventType Connected"}
{"timestamp":"2026-08-04T16:03:54.5897981-03:00","level":"INFO","instance_id":"c8cdef81-4371-4930-9db2-fa5421175f42","message":"[c8cdef81-4371-4930-9db2-fa5421175f42] ===== MESSAGE RECEIVED ===== ID: 3EB0B8DC1D19CF5C6773CC, From: 120363303726390049@g.us, Type: media, Size: unknown"}
{"timestamp":"2026-08-04T16:03:54.5897981-03:00","level":"INFO","instance_id":"c8cdef81-4371-4930-9db2-fa5421175f42","message":"[c8cdef81-4371-4930-9db2-fa5421175f42] Detected LID/WhatsApp JID swap case - Sender: 47309803008098:16@lid, SenderAlt: 556299727713:16@s.whatsapp.net"}
{"timestamp":"2026-08-04T16:03:54.5897981-03:00","level":"INFO","instance_id":"c8cdef81-4371-4930-9db2-fa5421175f42","message":"[c8cdef81-4371-4930-9db2-fa5421175f42] JID swap completed - New Sender: 556299727713@s.whatsapp.net, New SenderAlt: 47309803008098@lid, New Chat: 120363303726390049@g.us"}
{"timestamp":"2026-08-04T16:03:54.5897981-03:00","level":"INFO","instance_id":"c8cdef81-4371-4930-9db2-fa5421175f42","message":"[c8cdef81-4371-4930-9db2-fa5421175f42] Message ignored because it's a unknown protocol message"}
{"timestamp":"2026-08-04T16:03:55.2272927-03:00","level":"INFO","instance_id":"c8cdef81-4371-4930-9db2-fa5421175f42","message":"[c8cdef81-4371-4930-9db2-fa5421175f42] Checking new client - Exists: false, Connected: false"}
{"timestamp":"2026-08-04T16:03:55.2272927-03:00","level":"ERROR","instance_id":"c8cdef81-4371-4930-9db2-fa5421175f42","message":"[c8cdef81-4371-4930-9db2-fa5421175f42] New client validation failed - Exists: false, Connected: false"}
{"timestamp":"2026-08-04T16:03:55.2623163-03:00","level":"INFO","instance_id":"c8cdef81-4371-4930-9db2-fa5421175f42","message":"[c8cdef81-4371-4930-9db2-fa5421175f42] Jid found. Getting device store for jid: 556282016064:7@s.whatsapp.net"}
{"timestamp":"2026-08-04T16:03:55.5291375-03:00","level":"INFO","instance_id":"c8cdef81-4371-4930-9db2-fa5421175f42","message":"[c8cdef81-4371-4930-9db2-fa5421175f42] ===== MESSAGE RECEIVED ===== ID: 3EB0B8DC1D19CF5C6773CC, From: 120363303726390049@g.us, Type: media, Size: 27149 bytes"}
{"timestamp":"2026-08-04T16:03:55.5300204-03:00","level":"INFO","instance_id":"c8cdef81-4371-4930-9db2-fa5421175f42","message":"[c8cdef81-4371-4930-9db2-fa5421175f42] Detected LID/WhatsApp JID swap case - Sender: 47309803008098:16@lid, SenderAlt: 556299727713:16@s.whatsapp.net"}
{"timestamp":"2026-08-04T16:03:55.5300204-03:00","level":"INFO","instance_id":"c8cdef81-4371-4930-9db2-fa5421175f42","message":"[c8cdef81-4371-4930-9db2-fa5421175f42] JID swap completed - New Sender: 556299727713@s.whatsapp.net, New SenderAlt: 47309803008098@lid, New Chat: 120363303726390049@g.us"}
{"timestamp":"2026-08-04T16:03:55.5300204-03:00","level":"INFO","instance_id":"c8cdef81-4371-4930-9db2-fa5421175f42","message":"[c8cdef81-4371-4930-9db2-fa5421175f42] Processing media message - ID: 3EB0B8DC1D19CF5C6773CC"}
{"timestamp":"2026-08-04T16:03:55.5305245-03:00","level":"INFO","instance_id":"c8cdef81-4371-4930-9db2-fa5421175f42","message":"[c8cdef81-4371-4930-9db2-fa5421175f42] Downloading image - ID: 3EB0B8DC1D19CF5C6773CC"}
{"timestamp":"2026-08-04T16:03:55.5592016-03:00","level":"INFO","instance_id":"c8cdef81-4371-4930-9db2-fa5421175f42","message":"[c8cdef81-4371-4930-9db2-fa5421175f42] Checking client connection status - Client exists: false"}
{"timestamp":"2026-08-04T16:03:55.5592016-03:00","level":"INFO","instance_id":"c8cdef81-4371-4930-9db2-fa5421175f42","message":"[c8cdef81-4371-4930-9db2-fa5421175f42] No client found, attempting to start new instance"}
{"timestamp":"2026-08-04T16:03:55.727088-03:00","level":"INFO","instance_id":"c8cdef81-4371-4930-9db2-fa5421175f42","message":"[c8cdef81-4371-4930-9db2-fa5421175f42] Starting client"}
{"timestamp":"2026-08-04T16:03:55.727088-03:00","level":"WARN","instance_id":"c8cdef81-4371-4930-9db2-fa5421175f42","message":"[c8cdef81-4371-4930-9db2-fa5421175f42] Message type discarded: "}
{"timestamp":"2026-08-04T16:03:55.727088-03:00","level":"INFO","instance_id":"c8cdef81-4371-4930-9db2-fa5421175f42","message":"[c8cdef81-4371-4930-9db2-fa5421175f42] Instance started, waiting 2 seconds..."}
{"timestamp":"2026-08-04T16:03:55.727088-03:00","level":"INFO","instance_id":"c8cdef81-4371-4930-9db2-fa5421175f42","message":"Starting websocket connection to Whatsapp for user 'c8cdef81-4371-4930-9db2-fa5421175f42'"}
{"timestamp":"2026-08-04T16:03:55.9492559-03:00","level":"INFO","instance_id":"c8cdef81-4371-4930-9db2-fa5421175f42","message":"[c8cdef81-4371-4930-9db2-fa5421175f42] Setting whatsapp version from web to 2.3000.1044457895"}
{"timestamp":"2026-08-04T16:03:55.9492559-03:00","level":"INFO","instance_id":"c8cdef81-4371-4930-9db2-fa5421175f42","message":"[c8cdef81-4371-4930-9db2-fa5421175f42] Already logged in with JID: 556282016064:7@s.whatsapp.net"}
{"timestamp":"2026-08-04T16:03:56.8261566-03:00","level":"INFO","instance_id":"c8cdef81-4371-4930-9db2-fa5421175f42","message":"[c8cdef81-4371-4930-9db2-fa5421175f42] Media download successful - ID: 3EB0B8DC1D19CF5C6773CC, Expected: 27149 bytes, Actual: 27149 bytes, Duration: 1.2956321s"}
{"timestamp":"2026-08-04T16:03:56.8261566-03:00","level":"INFO","instance_id":"c8cdef81-4371-4930-9db2-fa5421175f42","message":"[c8cdef81-4371-4930-9db2-fa5421175f42] Encoding to base64 - ID: 3EB0B8DC1D19CF5C6773CC, Size: 27149 bytes"}
{"timestamp":"2026-08-04T16:03:56.8261566-03:00","level":"INFO","instance_id":"c8cdef81-4371-4930-9db2-fa5421175f42","message":"[c8cdef81-4371-4930-9db2-fa5421175f42] Base64 encoding completed - ID: 3EB0B8DC1D19CF5C6773CC, Original: 27149 bytes, Encoded: 36200 chars, Duration: 0s"}
{"timestamp":"2026-08-04T16:03:56.8311875-03:00","level":"INFO","instance_id":"c8cdef81-4371-4930-9db2-fa5421175f42","message":"[c8cdef81-4371-4930-9db2-fa5421175f42] Starting fresh instance"}
{"timestamp":"2026-08-04T16:03:57.1021509-03:00","level":"INFO","instance_id":"c8cdef81-4371-4930-9db2-fa5421175f42","message":"[c8cdef81-4371-4930-9db2-fa5421175f42] UserInfo cache cleared for token: 81c6b9b6-084f-45a6-8372-f82d0c2f0c7b"}
{"timestamp":"2026-08-04T16:03:57.1595823-03:00","level":"INFO","instance_id":"c8cdef81-4371-4930-9db2-fa5421175f42","message":"[c8cdef81-4371-4930-9db2-fa5421175f42] Starting client"}
{"timestamp":"2026-08-04T16:03:57.1599994-03:00","level":"WARN","instance_id":"c8cdef81-4371-4930-9db2-fa5421175f42","message":"[c8cdef81-4371-4930-9db2-fa5421175f42] Message type discarded: "}
{"timestamp":"2026-08-04T16:03:57.1599994-03:00","level":"INFO","instance_id":"c8cdef81-4371-4930-9db2-fa5421175f42","message":"Starting websocket connection to Whatsapp for user 'c8cdef81-4371-4930-9db2-fa5421175f42'"}
{"timestamp":"2026-08-04T16:03:57.3210283-03:00","level":"INFO","instance_id":"c8cdef81-4371-4930-9db2-fa5421175f42","message":"[c8cdef81-4371-4930-9db2-fa5421175f42] Jid found. Getting device store for jid: 556282016064:7@s.whatsapp.net"}
{"timestamp":"2026-08-04T16:03:57.5066579-03:00","level":"INFO","instance_id":"c8cdef81-4371-4930-9db2-fa5421175f42","message":"[c8cdef81-4371-4930-9db2-fa5421175f42] events.Connected to Whatsapp for user 'Jefferson Hipolito'"}
{"timestamp":"2026-08-04T16:03:57.5066579-03:00","level":"INFO","instance_id":"c8cdef81-4371-4930-9db2-fa5421175f42","message":"[c8cdef81-4371-4930-9db2-fa5421175f42] Marked self as unavailable (alwaysOnline=false)"}
{"timestamp":"2026-08-04T16:03:57.5604034-03:00","level":"WARN","instance_id":"c8cdef81-4371-4930-9db2-fa5421175f42","message":"[c8cdef81-4371-4930-9db2-fa5421175f42] Unhandled event *events.OfflineSyncPreview: \u0026{Total:10 AppDataChanges:0 Messages:3 Notifications:6 Receipts:0}"}
{"timestamp":"2026-08-04T16:03:57.6331705-03:00","level":"INFO","instance_id":"c8cdef81-4371-4930-9db2-fa5421175f42","message":"[c8cdef81-4371-4930-9db2-fa5421175f42] Setting whatsapp version from web to 2.3000.1044457895"}
{"timestamp":"2026-08-04T16:03:57.7274375-03:00","level":"INFO","instance_id":"c8cdef81-4371-4930-9db2-fa5421175f42","message":"[c8cdef81-4371-4930-9db2-fa5421175f42] Checking new client - Exists: true, Connected: false"}
{"timestamp":"2026-08-04T16:03:57.7274375-03:00","level":"ERROR","instance_id":"c8cdef81-4371-4930-9db2-fa5421175f42","message":"[c8cdef81-4371-4930-9db2-fa5421175f42] New client validation failed - Exists: true, Connected: false"}
{"timestamp":"2026-08-04T16:03:58.1743427-03:00","level":"INFO","instance_id":"c8cdef81-4371-4930-9db2-fa5421175f42","message":"[c8cdef81-4371-4930-9db2-fa5421175f42] ===== DISPATCHING WEBHOOK ===== Event: Disconnected, Queue: c8cdef81-4371-4930-9db2-fa5421175f42.disconnected, DataSize: 164 bytes"}
{"timestamp":"2026-08-04T16:03:58.1743427-03:00","level":"INFO","instance_id":"c8cdef81-4371-4930-9db2-fa5421175f42","message":"[c8cdef81-4371-4930-9db2-fa5421175f42] Disconnected detected, restarting instance"}
{"timestamp":"2026-08-04T16:03:58.1743427-03:00","level":"WARN","instance_id":"c8cdef81-4371-4930-9db2-fa5421175f42","message":"[c8cdef81-4371-4930-9db2-fa5421175f42] Message type discarded: "}
{"timestamp":"2026-08-04T16:03:58.1743427-03:00","level":"INFO","instance_id":"c8cdef81-4371-4930-9db2-fa5421175f42","message":"[c8cdef81-4371-4930-9db2-fa5421175f42] subscriptions [] eventType Disconnected"}
{"timestamp":"2026-08-04T16:03:58.3447369-03:00","level":"INFO","instance_id":"c8cdef81-4371-4930-9db2-fa5421175f42","message":"[c8cdef81-4371-4930-9db2-fa5421175f42] Checking client connection status - Client exists: true"}
{"timestamp":"2026-08-04T16:03:58.3447369-03:00","level":"ERROR","instance_id":"c8cdef81-4371-4930-9db2-fa5421175f42","message":"[c8cdef81-4371-4930-9db2-fa5421175f42] Existing client is disconnected - Connected status: false"}
{"timestamp":"2026-08-04T16:03:58.499287-03:00","level":"INFO","instance_id":"c8cdef81-4371-4930-9db2-fa5421175f42","message":"[c8cdef81-4371-4930-9db2-fa5421175f42] Checking client connection status - Client exists: true"}
{"timestamp":"2026-08-04T16:03:58.499287-03:00","level":"ERROR","instance_id":"c8cdef81-4371-4930-9db2-fa5421175f42","message":"[c8cdef81-4371-4930-9db2-fa5421175f42] Existing client is disconnected - Connected status: false"}
{"timestamp":"2026-08-04T16:03:58.9826935-03:00","level":"INFO","instance_id":"c8cdef81-4371-4930-9db2-fa5421175f42","message":"[c8cdef81-4371-4930-9db2-fa5421175f42] ===== DISPATCHING WEBHOOK ===== Event: Connected, Queue: c8cdef81-4371-4930-9db2-fa5421175f42.connected, DataSize: 246 bytes"}
{"timestamp":"2026-08-04T16:03:58.9826935-03:00","level":"INFO","instance_id":"c8cdef81-4371-4930-9db2-fa5421175f42","message":"[c8cdef81-4371-4930-9db2-fa5421175f42] Already logged in with JID: 556282016064:7@s.whatsapp.net"}
{"timestamp":"2026-08-04T16:03:58.9826935-03:00","level":"WARN","instance_id":"c8cdef81-4371-4930-9db2-fa5421175f42","message":"[c8cdef81-4371-4930-9db2-fa5421175f42] Message type discarded: "}
{"timestamp":"2026-08-04T16:03:58.9826935-03:00","level":"INFO","instance_id":"c8cdef81-4371-4930-9db2-fa5421175f42","message":"[c8cdef81-4371-4930-9db2-fa5421175f42] Starting reconnection process - simulating restart"}
{"timestamp":"2026-08-04T16:03:58.9826935-03:00","level":"INFO","instance_id":"c8cdef81-4371-4930-9db2-fa5421175f42","message":"[c8cdef81-4371-4930-9db2-fa5421175f42] subscriptions [] eventType Connected"}
{"timestamp":"2026-08-04T16:03:58.9826935-03:00","level":"INFO","instance_id":"c8cdef81-4371-4930-9db2-fa5421175f42","message":"[c8cdef81-4371-4930-9db2-fa5421175f42] Disconnecting existing client"}
{"timestamp":"2026-08-04T16:03:59.4940774-03:00","level":"INFO","instance_id":"c8cdef81-4371-4930-9db2-fa5421175f42","message":"[c8cdef81-4371-4930-9db2-fa5421175f42] WebSocket disconnected"}
{"timestamp":"2026-08-04T16:03:59.4940774-03:00","level":"INFO","instance_id":"c8cdef81-4371-4930-9db2-fa5421175f42","message":"[c8cdef81-4371-4930-9db2-fa5421175f42] Event handler removed"}
{"timestamp":"2026-08-04T16:03:59.4940774-03:00","level":"INFO","instance_id":"c8cdef81-4371-4930-9db2-fa5421175f42","message":"[c8cdef81-4371-4930-9db2-fa5421175f42] Cleaning up resources"}
{"timestamp":"2026-08-04T16:03:59.8253927-03:00","level":"INFO","instance_id":"c8cdef81-4371-4930-9db2-fa5421175f42","message":"[c8cdef81-4371-4930-9db2-fa5421175f42] UserInfo cache cleared for token: 81c6b9b6-084f-45a6-8372-f82d0c2f0c7b"}
{"timestamp":"2026-08-04T16:04:00.2786311-03:00","level":"INFO","instance_id":"c8cdef81-4371-4930-9db2-fa5421175f42","message":"[c8cdef81-4371-4930-9db2-fa5421175f42] Checking client connection status - Client exists: false"}
{"timestamp":"2026-08-04T16:04:00.2786311-03:00","level":"INFO","instance_id":"c8cdef81-4371-4930-9db2-fa5421175f42","message":"[c8cdef81-4371-4930-9db2-fa5421175f42] No client found, attempting to start new instance"}
{"timestamp":"2026-08-04T16:04:00.4330711-03:00","level":"INFO","instance_id":"c8cdef81-4371-4930-9db2-fa5421175f42","message":"[c8cdef81-4371-4930-9db2-fa5421175f42] Starting client"}
{"timestamp":"2026-08-04T16:04:00.4330711-03:00","level":"WARN","instance_id":"c8cdef81-4371-4930-9db2-fa5421175f42","message":"[c8cdef81-4371-4930-9db2-fa5421175f42] Message type discarded: "}
{"timestamp":"2026-08-04T16:04:00.4330711-03:00","level":"INFO","instance_id":"c8cdef81-4371-4930-9db2-fa5421175f42","message":"[c8cdef81-4371-4930-9db2-fa5421175f42] Instance started, waiting 2 seconds..."}
{"timestamp":"2026-08-04T16:04:00.4330711-03:00","level":"INFO","instance_id":"c8cdef81-4371-4930-9db2-fa5421175f42","message":"Starting websocket connection to Whatsapp for user 'c8cdef81-4371-4930-9db2-fa5421175f42'"}
{"timestamp":"2026-08-04T16:04:00.7477628-03:00","level":"INFO","instance_id":"c8cdef81-4371-4930-9db2-fa5421175f42","message":"[c8cdef81-4371-4930-9db2-fa5421175f42] ===== MESSAGE RECEIVED ===== ID: 3EB0D97FDDCC652AC7FCE4, From: 120363303726390049@g.us, Type: media, Size: 29859 bytes"}
{"timestamp":"2026-08-04T16:04:00.7477628-03:00","level":"INFO","instance_id":"c8cdef81-4371-4930-9db2-fa5421175f42","message":"[c8cdef81-4371-4930-9db2-fa5421175f42] Detected LID/WhatsApp JID swap case - Sender: 47309803008098:16@lid, SenderAlt: 556299727713:16@s.whatsapp.net"}
{"timestamp":"2026-08-04T16:04:00.7477628-03:00","level":"INFO","instance_id":"c8cdef81-4371-4930-9db2-fa5421175f42","message":"[c8cdef81-4371-4930-9db2-fa5421175f42] JID swap completed - New Sender: 556299727713@s.whatsapp.net, New SenderAlt: 47309803008098@lid, New Chat: 120363303726390049@g.us"}
{"timestamp":"2026-08-04T16:04:00.7477628-03:00","level":"INFO","instance_id":"c8cdef81-4371-4930-9db2-fa5421175f42","message":"[c8cdef81-4371-4930-9db2-fa5421175f42] Processing media message - ID: 3EB0D97FDDCC652AC7FCE4"}
{"timestamp":"2026-08-04T16:04:00.7477628-03:00","level":"INFO","instance_id":"c8cdef81-4371-4930-9db2-fa5421175f42","message":"[c8cdef81-4371-4930-9db2-fa5421175f42] Downloading image - ID: 3EB0D97FDDCC652AC7FCE4"}
{"timestamp":"2026-08-04T16:04:01.004665-03:00","level":"INFO","instance_id":"c8cdef81-4371-4930-9db2-fa5421175f42","message":"[c8cdef81-4371-4930-9db2-fa5421175f42] Media download successful - ID: 3EB0D97FDDCC652AC7FCE4, Expected: 29859 bytes, Actual: 29859 bytes, Duration: 256.9022ms"}
{"timestamp":"2026-08-04T16:04:01.004665-03:00","level":"INFO","instance_id":"c8cdef81-4371-4930-9db2-fa5421175f42","message":"[c8cdef81-4371-4930-9db2-fa5421175f42] Encoding to base64 - ID: 3EB0D97FDDCC652AC7FCE4, Size: 29859 bytes"}
{"timestamp":"2026-08-04T16:04:01.004665-03:00","level":"INFO","instance_id":"c8cdef81-4371-4930-9db2-fa5421175f42","message":"[c8cdef81-4371-4930-9db2-fa5421175f42] Base64 encoding completed - ID: 3EB0D97FDDCC652AC7FCE4, Original: 29859 bytes, Encoded: 39812 chars, Duration: 0s"}
{"timestamp":"2026-08-04T16:04:01.5792043-03:00","level":"INFO","instance_id":"c8cdef81-4371-4930-9db2-fa5421175f42","message":"[c8cdef81-4371-4930-9db2-fa5421175f42] Jid found. Getting device store for jid: 556282016064:7@s.whatsapp.net"}
{"timestamp":"2026-08-04T16:04:01.9041104-03:00","level":"INFO","instance_id":"c8cdef81-4371-4930-9db2-fa5421175f42","message":"[c8cdef81-4371-4930-9db2-fa5421175f42] Setting whatsapp version from web to 2.3000.1044457895"}
{"timestamp":"2026-08-04T16:04:01.9041104-03:00","level":"INFO","instance_id":"c8cdef81-4371-4930-9db2-fa5421175f42","message":"[c8cdef81-4371-4930-9db2-fa5421175f42] Already logged in with JID: 556282016064:7@s.whatsapp.net"}
{"timestamp":"2026-08-04T16:04:02.1030435-03:00","level":"INFO","instance_id":"c8cdef81-4371-4930-9db2-fa5421175f42","message":"[c8cdef81-4371-4930-9db2-fa5421175f42] ===== MESSAGE PROCESSING COMPLETED ===== ID: 3EB0B8DC1D19CF5C6773CC, From: 120363303726390049@g.us, Type: media, Webhook: true"}
{"timestamp":"2026-08-04T16:04:02.1030435-03:00","level":"INFO","instance_id":"c8cdef81-4371-4930-9db2-fa5421175f42","message":"[c8cdef81-4371-4930-9db2-fa5421175f42] ===== DISPATCHING WEBHOOK ===== Event: Message, Queue: c8cdef81-4371-4930-9db2-fa5421175f42.message, DataSize: 38757 bytes"}
{"timestamp":"2026-08-04T16:04:02.1037103-03:00","level":"WARN","instance_id":"c8cdef81-4371-4930-9db2-fa5421175f42","message":"[c8cdef81-4371-4930-9db2-fa5421175f42] Message type discarded: "}
{"timestamp":"2026-08-04T16:04:02.1037103-03:00","level":"INFO","instance_id":"c8cdef81-4371-4930-9db2-fa5421175f42","message":"[c8cdef81-4371-4930-9db2-fa5421175f42] subscriptions [] eventType Message"}
{"timestamp":"2026-08-04T16:04:02.4331018-03:00","level":"INFO","instance_id":"c8cdef81-4371-4930-9db2-fa5421175f42","message":"[c8cdef81-4371-4930-9db2-fa5421175f42] Checking new client - Exists: true, Connected: true"}
{"timestamp":"2026-08-04T16:04:02.4331018-03:00","level":"INFO","instance_id":"c8cdef81-4371-4930-9db2-fa5421175f42","message":"[c8cdef81-4371-4930-9db2-fa5421175f42] Client successfully validated - Connected: true"}
{"timestamp":"2026-08-04T16:04:02.7665681-03:00","level":"INFO","instance_id":"c8cdef81-4371-4930-9db2-fa5421175f42","message":"[c8cdef81-4371-4930-9db2-fa5421175f42] Checking client connection status - Client exists: true"}
{"timestamp":"2026-08-04T16:04:02.7665681-03:00","level":"INFO","instance_id":"c8cdef81-4371-4930-9db2-fa5421175f42","message":"[c8cdef81-4371-4930-9db2-fa5421175f42] Client successfully validated - Connected: true"}
{"timestamp":"2026-08-04T16:04:02.9783121-03:00","level":"INFO","instance_id":"c8cdef81-4371-4930-9db2-fa5421175f42","message":"[c8cdef81-4371-4930-9db2-fa5421175f42] Starting fresh instance"}
{"timestamp":"2026-08-04T16:04:03.2172769-03:00","level":"INFO","instance_id":"c8cdef81-4371-4930-9db2-fa5421175f42","message":"[c8cdef81-4371-4930-9db2-fa5421175f42] Starting client"}
{"timestamp":"2026-08-04T16:04:03.2172769-03:00","level":"WARN","instance_id":"c8cdef81-4371-4930-9db2-fa5421175f42","message":"[c8cdef81-4371-4930-9db2-fa5421175f42] Message type discarded: "}
{"timestamp":"2026-08-04T16:04:03.2179152-03:00","level":"INFO","instance_id":"c8cdef81-4371-4930-9db2-fa5421175f42","message":"Starting websocket connection to Whatsapp for user 'c8cdef81-4371-4930-9db2-fa5421175f42'"}
{"timestamp":"2026-08-04T16:04:03.2608901-03:00","level":"INFO","instance_id":"c8cdef81-4371-4930-9db2-fa5421175f42","message":"[c8cdef81-4371-4930-9db2-fa5421175f42] UserInfo cache cleared for token: 81c6b9b6-084f-45a6-8372-f82d0c2f0c7b"}
{"timestamp":"2026-08-04T16:04:03.4966129-03:00","level":"INFO","instance_id":"c8cdef81-4371-4930-9db2-fa5421175f42","message":"[c8cdef81-4371-4930-9db2-fa5421175f42] Checking client connection status - Client exists: true"}
{"timestamp":"2026-08-04T16:04:03.4966129-03:00","level":"INFO","instance_id":"c8cdef81-4371-4930-9db2-fa5421175f42","message":"[c8cdef81-4371-4930-9db2-fa5421175f42] Client successfully validated - Connected: true"}
{"timestamp":"2026-08-04T16:04:04.2547443-03:00","level":"INFO","instance_id":"c8cdef81-4371-4930-9db2-fa5421175f42","message":"[c8cdef81-4371-4930-9db2-fa5421175f42] ===== DISPATCHING WEBHOOK ===== Event: Disconnected, Queue: c8cdef81-4371-4930-9db2-fa5421175f42.disconnected, DataSize: 164 bytes"}
{"timestamp":"2026-08-04T16:04:04.2547443-03:00","level":"INFO","instance_id":"c8cdef81-4371-4930-9db2-fa5421175f42","message":"[c8cdef81-4371-4930-9db2-fa5421175f42] Disconnected detected, restarting instance"}
{"timestamp":"2026-08-04T16:04:04.2547443-03:00","level":"WARN","instance_id":"c8cdef81-4371-4930-9db2-fa5421175f42","message":"[c8cdef81-4371-4930-9db2-fa5421175f42] Message type discarded: "}
{"timestamp":"2026-08-04T16:04:04.2547443-03:00","level":"INFO","instance_id":"c8cdef81-4371-4930-9db2-fa5421175f42","message":"[c8cdef81-4371-4930-9db2-fa5421175f42] Starting reconnection process - simulating restart"}
{"timestamp":"2026-08-04T16:04:04.2547443-03:00","level":"INFO","instance_id":"c8cdef81-4371-4930-9db2-fa5421175f42","message":"[c8cdef81-4371-4930-9db2-fa5421175f42] subscriptions [] eventType Disconnected"}
{"timestamp":"2026-08-04T16:04:04.2547443-03:00","level":"INFO","instance_id":"c8cdef81-4371-4930-9db2-fa5421175f42","message":"[c8cdef81-4371-4930-9db2-fa5421175f42] Disconnecting existing client"}
{"timestamp":"2026-08-04T16:04:04.6484005-03:00","level":"INFO","instance_id":"c8cdef81-4371-4930-9db2-fa5421175f42","message":"[c8cdef81-4371-4930-9db2-fa5421175f42] WebSocket disconnected"}
{"timestamp":"2026-08-04T16:04:04.6484005-03:00","level":"INFO","instance_id":"c8cdef81-4371-4930-9db2-fa5421175f42","message":"[c8cdef81-4371-4930-9db2-fa5421175f42] Event handler removed"}
{"timestamp":"2026-08-04T16:04:04.6484005-03:00","level":"INFO","instance_id":"c8cdef81-4371-4930-9db2-fa5421175f42","message":"[c8cdef81-4371-4930-9db2-fa5421175f42] Cleaning up resources"}
{"timestamp":"2026-08-04T16:04:04.8127338-03:00","level":"INFO","instance_id":"c8cdef81-4371-4930-9db2-fa5421175f42","message":"[c8cdef81-4371-4930-9db2-fa5421175f42] UserInfo cache cleared for token: 81c6b9b6-084f-45a6-8372-f82d0c2f0c7b"}
{"timestamp":"2026-08-04T16:04:04.9880119-03:00","level":"INFO","instance_id":"c8cdef81-4371-4930-9db2-fa5421175f42","message":"[c8cdef81-4371-4930-9db2-fa5421175f42] Checking client connection status - Client exists: false"}
{"timestamp":"2026-08-04T16:04:04.9880119-03:00","level":"INFO","instance_id":"c8cdef81-4371-4930-9db2-fa5421175f42","message":"[c8cdef81-4371-4930-9db2-fa5421175f42] No client found, attempting to start new instance"}
{"timestamp":"2026-08-04T16:04:05.1445341-03:00","level":"INFO","instance_id":"c8cdef81-4371-4930-9db2-fa5421175f42","message":"[c8cdef81-4371-4930-9db2-fa5421175f42] Starting client"}
{"timestamp":"2026-08-04T16:04:05.1445341-03:00","level":"WARN","instance_id":"c8cdef81-4371-4930-9db2-fa5421175f42","message":"[c8cdef81-4371-4930-9db2-fa5421175f42] Message type discarded: "}
{"timestamp":"2026-08-04T16:04:05.1445341-03:00","level":"INFO","instance_id":"c8cdef81-4371-4930-9db2-fa5421175f42","message":"[c8cdef81-4371-4930-9db2-fa5421175f42] Instance started, waiting 2 seconds..."}
{"timestamp":"2026-08-04T16:04:05.1445341-03:00","level":"INFO","instance_id":"c8cdef81-4371-4930-9db2-fa5421175f42","message":"Starting websocket connection to Whatsapp for user 'c8cdef81-4371-4930-9db2-fa5421175f42'"}
{"timestamp":"2026-08-04T16:04:06.7665933-03:00","level":"INFO","instance_id":"c8cdef81-4371-4930-9db2-fa5421175f42","message":"[c8cdef81-4371-4930-9db2-fa5421175f42] Jid found. Getting device store for jid: 556282016064:7@s.whatsapp.net"}
{"timestamp":"2026-08-04T16:04:07.0846054-03:00","level":"INFO","instance_id":"c8cdef81-4371-4930-9db2-fa5421175f42","message":"[c8cdef81-4371-4930-9db2-fa5421175f42] Setting whatsapp version from web to 2.3000.1044457895"}
{"timestamp":"2026-08-04T16:04:07.0846054-03:00","level":"INFO","instance_id":"c8cdef81-4371-4930-9db2-fa5421175f42","message":"[c8cdef81-4371-4930-9db2-fa5421175f42] Already logged in with JID: 556282016064:7@s.whatsapp.net"}
{"timestamp":"2026-08-04T16:04:07.6017778-03:00","level":"INFO","instance_id":"c8cdef81-4371-4930-9db2-fa5421175f42","message":"[c8cdef81-4371-4930-9db2-fa5421175f42] Checking new client - Exists: true, Connected: true"}
{"timestamp":"2026-08-04T16:04:07.6025208-03:00","level":"INFO","instance_id":"c8cdef81-4371-4930-9db2-fa5421175f42","message":"[c8cdef81-4371-4930-9db2-fa5421175f42] Client successfully validated - Connected: true"}
{"timestamp":"2026-08-04T16:04:07.9940583-03:00","level":"INFO","instance_id":"c8cdef81-4371-4930-9db2-fa5421175f42","message":"[c8cdef81-4371-4930-9db2-fa5421175f42] Starting fresh instance"}
{"timestamp":"2026-08-04T16:04:08.2518757-03:00","level":"INFO","instance_id":"c8cdef81-4371-4930-9db2-fa5421175f42","message":"[c8cdef81-4371-4930-9db2-fa5421175f42] Checking client connection status - Client exists: true"}
{"timestamp":"2026-08-04T16:04:08.2518757-03:00","level":"INFO","instance_id":"c8cdef81-4371-4930-9db2-fa5421175f42","message":"[c8cdef81-4371-4930-9db2-fa5421175f42] Client successfully validated - Connected: true"}
{"timestamp":"2026-08-04T16:04:08.3038067-03:00","level":"INFO","instance_id":"c8cdef81-4371-4930-9db2-fa5421175f42","message":"[c8cdef81-4371-4930-9db2-fa5421175f42] Starting client"}
{"timestamp":"2026-08-04T16:04:08.3038067-03:00","level":"WARN","instance_id":"c8cdef81-4371-4930-9db2-fa5421175f42","message":"[c8cdef81-4371-4930-9db2-fa5421175f42] Message type discarded: "}
{"timestamp":"2026-08-04T16:04:08.3038067-03:00","level":"INFO","instance_id":"c8cdef81-4371-4930-9db2-fa5421175f42","message":"Starting websocket connection to Whatsapp for user 'c8cdef81-4371-4930-9db2-fa5421175f42'"}
{"timestamp":"2026-08-04T16:04:08.4506041-03:00","level":"INFO","instance_id":"c8cdef81-4371-4930-9db2-fa5421175f42","message":"[c8cdef81-4371-4930-9db2-fa5421175f42] Checking client connection status - Client exists: true"}
{"timestamp":"2026-08-04T16:04:08.4506041-03:00","level":"INFO","instance_id":"c8cdef81-4371-4930-9db2-fa5421175f42","message":"[c8cdef81-4371-4930-9db2-fa5421175f42] Client successfully validated - Connected: true"}
{"timestamp":"2026-08-04T16:04:09.8656192-03:00","level":"INFO","instance_id":"c8cdef81-4371-4930-9db2-fa5421175f42","message":"[c8cdef81-4371-4930-9db2-fa5421175f42] events.Connected to Whatsapp for user 'Jefferson Hipolito'"}
{"timestamp":"2026-08-04T16:04:09.8656192-03:00","level":"INFO","instance_id":"c8cdef81-4371-4930-9db2-fa5421175f42","message":"[c8cdef81-4371-4930-9db2-fa5421175f42] Marked self as unavailable (alwaysOnline=false)"}
{"timestamp":"2026-08-04T16:04:10.0154141-03:00","level":"WARN","instance_id":"c8cdef81-4371-4930-9db2-fa5421175f42","message":"[c8cdef81-4371-4930-9db2-fa5421175f42] Unhandled event *events.OfflineSyncPreview: \u0026{Total:9 AppDataChanges:0 Messages:2 Notifications:6 Receipts:0}"}
{"timestamp":"2026-08-04T16:04:10.7162017-03:00","level":"INFO","instance_id":"c8cdef81-4371-4930-9db2-fa5421175f42","message":"[c8cdef81-4371-4930-9db2-fa5421175f42] Checking client connection status - Client exists: true"}
{"timestamp":"2026-08-04T16:04:10.7162017-03:00","level":"INFO","instance_id":"c8cdef81-4371-4930-9db2-fa5421175f42","message":"[c8cdef81-4371-4930-9db2-fa5421175f42] Client successfully validated - Connected: true"}
{"timestamp":"2026-08-04T16:04:11.4104214-03:00","level":"INFO","instance_id":"c8cdef81-4371-4930-9db2-fa5421175f42","message":"[c8cdef81-4371-4930-9db2-fa5421175f42] ===== DISPATCHING WEBHOOK ===== Event: GroupInfo, Queue: c8cdef81-4371-4930-9db2-fa5421175f42.groupinfo, DataSize: 709 bytes"}
{"timestamp":"2026-08-04T16:04:11.4104214-03:00","level":"WARN","instance_id":"c8cdef81-4371-4930-9db2-fa5421175f42","message":"[c8cdef81-4371-4930-9db2-fa5421175f42] Message type discarded: "}
{"timestamp":"2026-08-04T16:04:11.4104214-03:00","level":"INFO","instance_id":"c8cdef81-4371-4930-9db2-fa5421175f42","message":"[c8cdef81-4371-4930-9db2-fa5421175f42] subscriptions [] eventType GroupInfo"}
{"timestamp":"2026-08-04T16:04:11.594321-03:00","level":"INFO","instance_id":"c8cdef81-4371-4930-9db2-fa5421175f42","message":"[c8cdef81-4371-4930-9db2-fa5421175f42] ===== DISPATCHING WEBHOOK ===== Event: Connected, Queue: c8cdef81-4371-4930-9db2-fa5421175f42.connected, DataSize: 246 bytes"}
{"timestamp":"2026-08-04T16:04:11.594321-03:00","level":"WARN","instance_id":"c8cdef81-4371-4930-9db2-fa5421175f42","message":"[c8cdef81-4371-4930-9db2-fa5421175f42] Message type discarded: "}
{"timestamp":"2026-08-04T16:04:11.594321-03:00","level":"INFO","instance_id":"c8cdef81-4371-4930-9db2-fa5421175f42","message":"[c8cdef81-4371-4930-9db2-fa5421175f42] subscriptions [] eventType Connected"}
{"timestamp":"2026-08-04T16:04:12.0531106-03:00","level":"INFO","instance_id":"c8cdef81-4371-4930-9db2-fa5421175f42","message":"[c8cdef81-4371-4930-9db2-fa5421175f42] Checking client connection status - Client exists: true"}
{"timestamp":"2026-08-04T16:04:12.0531106-03:00","level":"INFO","instance_id":"c8cdef81-4371-4930-9db2-fa5421175f42","message":"[c8cdef81-4371-4930-9db2-fa5421175f42] Client successfully validated - Connected: true"}
{"timestamp":"2026-08-04T16:04:14.3190567-03:00","level":"INFO","instance_id":"c8cdef81-4371-4930-9db2-fa5421175f42","message":"[c8cdef81-4371-4930-9db2-fa5421175f42] Checking client connection status - Client exists: true"}
{"timestamp":"2026-08-04T16:04:14.3190567-03:00","level":"INFO","instance_id":"c8cdef81-4371-4930-9db2-fa5421175f42","message":"[c8cdef81-4371-4930-9db2-fa5421175f42] Client successfully validated - Connected: true"}
{"timestamp":"2026-08-04T16:04:15.6122387-03:00","level":"INFO","instance_id":"c8cdef81-4371-4930-9db2-fa5421175f42","message":"[c8cdef81-4371-4930-9db2-fa5421175f42] ===== MESSAGE RECEIVED ===== ID: A56983E6A25203EC763210CBE232219F, From: 556282016064@s.whatsapp.net, Type: text, Size: unknown"}
{"timestamp":"2026-08-04T16:04:15.6122387-03:00","level":"INFO","instance_id":"c8cdef81-4371-4930-9db2-fa5421175f42","message":"[c8cdef81-4371-4930-9db2-fa5421175f42] Message ignored because it's a unknown protocol message"}
{"timestamp":"2026-08-04T16:04:15.6122387-03:00","level":"INFO","instance_id":"c8cdef81-4371-4930-9db2-fa5421175f42","message":"[c8cdef81-4371-4930-9db2-fa5421175f42] ===== DISPATCHING WEBHOOK ===== Event: OfflineSyncCompleted, Queue: c8cdef81-4371-4930-9db2-fa5421175f42.offlinesynccompleted, DataSize: 181 bytes"}
{"timestamp":"2026-08-04T16:04:15.6129379-03:00","level":"WARN","instance_id":"c8cdef81-4371-4930-9db2-fa5421175f42","message":"[c8cdef81-4371-4930-9db2-fa5421175f42] Message type discarded: "}
{"timestamp":"2026-08-04T16:04:15.6129379-03:00","level":"INFO","instance_id":"c8cdef81-4371-4930-9db2-fa5421175f42","message":"[c8cdef81-4371-4930-9db2-fa5421175f42] subscriptions [] eventType OfflineSyncCompleted"}
{"timestamp":"2026-08-04T16:04:15.8085615-03:00","level":"INFO","instance_id":"c8cdef81-4371-4930-9db2-fa5421175f42","message":"[c8cdef81-4371-4930-9db2-fa5421175f42] Checking client connection status - Client exists: true"}
{"timestamp":"2026-08-04T16:04:15.8085615-03:00","level":"INFO","instance_id":"c8cdef81-4371-4930-9db2-fa5421175f42","message":"[c8cdef81-4371-4930-9db2-fa5421175f42] Client successfully validated - Connected: true"}
{"timestamp":"2026-08-04T16:04:16.0979778-03:00","level":"INFO","instance_id":"c8cdef81-4371-4930-9db2-fa5421175f42","message":"[c8cdef81-4371-4930-9db2-fa5421175f42] History sync event received FULL"}
{"timestamp":"2026-08-04T16:04:16.0979778-03:00","level":"INFO","instance_id":"c8cdef81-4371-4930-9db2-fa5421175f42","message":"[c8cdef81-4371-4930-9db2-fa5421175f42] ===== DISPATCHING WEBHOOK ===== Event: HistorySync, Queue: c8cdef81-4371-4930-9db2-fa5421175f42.historysync, DataSize: 214 bytes"}
{"timestamp":"2026-08-04T16:04:16.0979778-03:00","level":"WARN","instance_id":"c8cdef81-4371-4930-9db2-fa5421175f42","message":"[c8cdef81-4371-4930-9db2-fa5421175f42] Message type discarded: "}
{"timestamp":"2026-08-04T16:04:16.0989083-03:00","level":"INFO","instance_id":"c8cdef81-4371-4930-9db2-fa5421175f42","message":"[c8cdef81-4371-4930-9db2-fa5421175f42] subscriptions [] eventType HistorySync"}
{"timestamp":"2026-08-04T16:04:16.7141132-03:00","level":"INFO","instance_id":"c8cdef81-4371-4930-9db2-fa5421175f42","message":"[c8cdef81-4371-4930-9db2-fa5421175f42] App state event received timestamp:1785870043685  agentAction:{name:\"teste\"  deviceID:7  isDeleted:false}"}
{"timestamp":"2026-08-04T16:04:16.7141132-03:00","level":"WARN","instance_id":"c8cdef81-4371-4930-9db2-fa5421175f42","message":"[c8cdef81-4371-4930-9db2-fa5421175f42] ===== WEBHOOK SKIPPED ===== doWebhook=false"}
{"timestamp":"2026-08-04T16:04:16.7141132-03:00","level":"INFO","instance_id":"c8cdef81-4371-4930-9db2-fa5421175f42","message":"[c8cdef81-4371-4930-9db2-fa5421175f42] App state event received timestamp:1784720880195"}
{"timestamp":"2026-08-04T16:04:16.7149167-03:00","level":"WARN","instance_id":"c8cdef81-4371-4930-9db2-fa5421175f42","message":"[c8cdef81-4371-4930-9db2-fa5421175f42] ===== WEBHOOK SKIPPED ===== doWebhook=false"}
{"timestamp":"2026-08-04T16:04:17.9210452-03:00","level":"INFO","instance_id":"c8cdef81-4371-4930-9db2-fa5421175f42","message":"[c8cdef81-4371-4930-9db2-fa5421175f42] Checking client connection status - Client exists: true"}
{"timestamp":"2026-08-04T16:04:17.9210452-03:00","level":"INFO","instance_id":"c8cdef81-4371-4930-9db2-fa5421175f42","message":"[c8cdef81-4371-4930-9db2-fa5421175f42] Client successfully validated - Connected: true"}
{"timestamp":"2026-08-04T16:04:19.4067961-03:00","level":"INFO","instance_id":"c8cdef81-4371-4930-9db2-fa5421175f42","message":"[c8cdef81-4371-4930-9db2-fa5421175f42] Checking client connection status - Client exists: true"}
{"timestamp":"2026-08-04T16:04:19.4073085-03:00","level":"INFO","instance_id":"c8cdef81-4371-4930-9db2-fa5421175f42","message":"[c8cdef81-4371-4930-9db2-fa5421175f42] Client successfully validated - Connected: true"}
{"timestamp":"2026-08-04T16:04:25.3684595-03:00","level":"INFO","instance_id":"c8cdef81-4371-4930-9db2-fa5421175f42","message":"[c8cdef81-4371-4930-9db2-fa5421175f42] Getting advanced settings"}
{"timestamp":"2026-08-04T16:04:25.6732256-03:00","level":"INFO","instance_id":"c8cdef81-4371-4930-9db2-fa5421175f42","message":"[c8cdef81-4371-4930-9db2-fa5421175f42] Getting advanced settings"}
{"timestamp":"2026-08-04T16:04:57.6656372-03:00","level":"INFO","instance_id":"c8cdef81-4371-4930-9db2-fa5421175f42","message":"[c8cdef81-4371-4930-9db2-fa5421175f42] Received StreamReplaced event"}
{"timestamp":"2026-08-04T16:05:11.7912833-03:00","level":"INFO","instance_id":"c8cdef81-4371-4930-9db2-fa5421175f42","message":"[c8cdef81-4371-4930-9db2-fa5421175f42] UserInfo cache cleared for token: 81c6b9b6-084f-45a6-8372-f82d0c2f0c7b"}
{"timestamp":"2026-08-04T16:05:12.849955-03:00","level":"INFO","instance_id":"c8cdef81-4371-4930-9db2-fa5421175f42","message":"[c8cdef81-4371-4930-9db2-fa5421175f42] Disconnected detected, restarting instance"}
{"timestamp":"2026-08-04T16:05:12.849955-03:00","level":"INFO","instance_id":"c8cdef81-4371-4930-9db2-fa5421175f42","message":"[c8cdef81-4371-4930-9db2-fa5421175f42] ===== DISPATCHING WEBHOOK ===== Event: Disconnected, Queue: c8cdef81-4371-4930-9db2-fa5421175f42.disconnected, DataSize: 164 bytes"}
{"timestamp":"2026-08-04T16:05:12.849955-03:00","level":"INFO","instance_id":"c8cdef81-4371-4930-9db2-fa5421175f42","message":"[c8cdef81-4371-4930-9db2-fa5421175f42] Starting reconnection process - simulating restart"}
{"timestamp":"2026-08-04T16:05:12.849955-03:00","level":"WARN","instance_id":"c8cdef81-4371-4930-9db2-fa5421175f42","message":"[c8cdef81-4371-4930-9db2-fa5421175f42] Message type discarded: "}
{"timestamp":"2026-08-04T16:05:12.849955-03:00","level":"INFO","instance_id":"c8cdef81-4371-4930-9db2-fa5421175f42","message":"[c8cdef81-4371-4930-9db2-fa5421175f42] Disconnecting existing client"}
{"timestamp":"2026-08-04T16:05:12.849955-03:00","level":"INFO","instance_id":"c8cdef81-4371-4930-9db2-fa5421175f42","message":"[c8cdef81-4371-4930-9db2-fa5421175f42] subscriptions [] eventType Disconnected"}
{"timestamp":"2026-08-04T16:05:12.849955-03:00","level":"INFO","instance_id":"c8cdef81-4371-4930-9db2-fa5421175f42","message":"[c8cdef81-4371-4930-9db2-fa5421175f42] Event handler removed"}
{"timestamp":"2026-08-04T16:05:12.849955-03:00","level":"INFO","instance_id":"c8cdef81-4371-4930-9db2-fa5421175f42","message":"[c8cdef81-4371-4930-9db2-fa5421175f42] Cleaning up resources"}
{"timestamp":"2026-08-04T16:05:13.0058175-03:00","level":"INFO","instance_id":"c8cdef81-4371-4930-9db2-fa5421175f42","message":"[c8cdef81-4371-4930-9db2-fa5421175f42] UserInfo cache cleared for token: 81c6b9b6-084f-45a6-8372-f82d0c2f0c7b"}
{"timestamp":"2026-08-04T16:05:16.0671948-03:00","level":"INFO","instance_id":"c8cdef81-4371-4930-9db2-fa5421175f42","message":"[c8cdef81-4371-4930-9db2-fa5421175f42] Starting fresh instance"}
{"timestamp":"2026-08-04T16:05:16.3682656-03:00","level":"INFO","instance_id":"c8cdef81-4371-4930-9db2-fa5421175f42","message":"[c8cdef81-4371-4930-9db2-fa5421175f42] Starting client"}
{"timestamp":"2026-08-04T16:05:16.3682656-03:00","level":"INFO","instance_id":"c8cdef81-4371-4930-9db2-fa5421175f42","message":"Starting websocket connection to Whatsapp for user 'c8cdef81-4371-4930-9db2-fa5421175f42'"}
{"timestamp":"2026-08-04T16:05:17.5102246-03:00","level":"INFO","instance_id":"c8cdef81-4371-4930-9db2-fa5421175f42","message":"[c8cdef81-4371-4930-9db2-fa5421175f42] Jid found. Getting device store for jid: 556282016064:7@s.whatsapp.net"}
{"timestamp":"2026-08-04T16:05:17.8344882-03:00","level":"INFO","instance_id":"c8cdef81-4371-4930-9db2-fa5421175f42","message":"[c8cdef81-4371-4930-9db2-fa5421175f42] Setting whatsapp version from web to 2.3000.1044457895"}
{"timestamp":"2026-08-04T16:05:17.8344882-03:00","level":"INFO","instance_id":"c8cdef81-4371-4930-9db2-fa5421175f42","message":"[c8cdef81-4371-4930-9db2-fa5421175f42] Already logged in with JID: 556282016064:7@s.whatsapp.net"}
{"timestamp":"2026-08-04T16:05:20.1987967-03:00","level":"INFO","instance_id":"c8cdef81-4371-4930-9db2-fa5421175f42","message":"[c8cdef81-4371-4930-9db2-fa5421175f42] events.Connected to Whatsapp for user 'Jefferson Hipolito'"}
{"timestamp":"2026-08-04T16:05:20.1987967-03:00","level":"INFO","instance_id":"c8cdef81-4371-4930-9db2-fa5421175f42","message":"[c8cdef81-4371-4930-9db2-fa5421175f42] Marked self as unavailable (alwaysOnline=false)"}
{"timestamp":"2026-08-04T16:05:20.3867607-03:00","level":"INFO","instance_id":"c8cdef81-4371-4930-9db2-fa5421175f42","message":"[c8cdef81-4371-4930-9db2-fa5421175f42] ===== DISPATCHING WEBHOOK ===== Event: OfflineSyncCompleted, Queue: c8cdef81-4371-4930-9db2-fa5421175f42.offlinesynccompleted, DataSize: 181 bytes"}
{"timestamp":"2026-08-04T16:05:20.3867607-03:00","level":"INFO","instance_id":"c8cdef81-4371-4930-9db2-fa5421175f42","message":"[c8cdef81-4371-4930-9db2-fa5421175f42] subscriptions [MESSAGE] eventType OfflineSyncCompleted"}
{"timestamp":"2026-08-04T16:05:21.7052699-03:00","level":"INFO","instance_id":"c8cdef81-4371-4930-9db2-fa5421175f42","message":"[c8cdef81-4371-4930-9db2-fa5421175f42] ===== DISPATCHING WEBHOOK ===== Event: Connected, Queue: c8cdef81-4371-4930-9db2-fa5421175f42.connected, DataSize: 246 bytes"}
{"timestamp":"2026-08-04T16:05:21.7052699-03:00","level":"INFO","instance_id":"c8cdef81-4371-4930-9db2-fa5421175f42","message":"[c8cdef81-4371-4930-9db2-fa5421175f42] subscriptions [MESSAGE] eventType Connected"}
{"timestamp":"2026-08-04T16:05:38.8452725-03:00","level":"INFO","instance_id":"c8cdef81-4371-4930-9db2-fa5421175f42","message":"[c8cdef81-4371-4930-9db2-fa5421175f42] Getting advanced settings"}
{"timestamp":"2026-08-04T16:05:39.8117804-03:00","level":"INFO","instance_id":"c8cdef81-4371-4930-9db2-fa5421175f42","message":"[c8cdef81-4371-4930-9db2-fa5421175f42] Getting advanced settings"}
{"timestamp":"2026-08-04T16:06:17.2579563-03:00","level":"INFO","instance_id":"c8cdef81-4371-4930-9db2-fa5421175f42","message":"[c8cdef81-4371-4930-9db2-fa5421175f42] Getting advanced settings"}
{"timestamp":"2026-08-04T16:06:17.5877626-03:00","level":"INFO","instance_id":"c8cdef81-4371-4930-9db2-fa5421175f42","message":"[c8cdef81-4371-4930-9db2-fa5421175f42] Getting advanced settings"}
{"timestamp":"2026-08-04T16:07:17.1251275-03:00","level":"INFO","instance_id":"c8cdef81-4371-4930-9db2-fa5421175f42","message":"[c8cdef81-4371-4930-9db2-fa5421175f42] ===== DISPATCHING WEBHOOK ===== Event: PushName, Queue: c8cdef81-4371-4930-9db2-fa5421175f42.pushname, DataSize: 968 bytes"}
{"timestamp":"2026-08-04T16:07:17.1251275-03:00","level":"INFO","instance_id":"c8cdef81-4371-4930-9db2-fa5421175f42","message":"[c8cdef81-4371-4930-9db2-fa5421175f42] subscriptions [MESSAGE] eventType PushName"}
{"timestamp":"2026-08-04T16:07:18.4883272-03:00","level":"INFO","instance_id":"c8cdef81-4371-4930-9db2-fa5421175f42","message":"[c8cdef81-4371-4930-9db2-fa5421175f42] ===== MESSAGE RECEIVED ===== ID: 3EB0CF8ECB5F37F8B44944, From: 153601284567223@lid, Type: media, Size: 36080 bytes"}
{"timestamp":"2026-08-04T16:07:18.4888389-03:00","level":"INFO","instance_id":"c8cdef81-4371-4930-9db2-fa5421175f42","message":"[c8cdef81-4371-4930-9db2-fa5421175f42] Detected LID/WhatsApp JID swap case - Sender: 153601284567223:4@lid, SenderAlt: 556298749852:4@s.whatsapp.net"}
{"timestamp":"2026-08-04T16:07:18.4888389-03:00","level":"INFO","instance_id":"c8cdef81-4371-4930-9db2-fa5421175f42","message":"[c8cdef81-4371-4930-9db2-fa5421175f42] JID swap completed - New Sender: 556298749852@s.whatsapp.net, New SenderAlt: 153601284567223@lid, New Chat: 556298749852@s.whatsapp.net"}
{"timestamp":"2026-08-04T16:07:18.4888389-03:00","level":"INFO","instance_id":"c8cdef81-4371-4930-9db2-fa5421175f42","message":"[c8cdef81-4371-4930-9db2-fa5421175f42] Processing media message - ID: 3EB0CF8ECB5F37F8B44944"}
{"timestamp":"2026-08-04T16:07:18.4888389-03:00","level":"INFO","instance_id":"c8cdef81-4371-4930-9db2-fa5421175f42","message":"[c8cdef81-4371-4930-9db2-fa5421175f42] Downloading document - ID: 3EB0CF8ECB5F37F8B44944, FileName: Acessos.xlsx, Size: 36080 bytes"}
{"timestamp":"2026-08-04T16:07:18.7708106-03:00","level":"INFO","instance_id":"c8cdef81-4371-4930-9db2-fa5421175f42","message":"[c8cdef81-4371-4930-9db2-fa5421175f42] Media download successful - ID: 3EB0CF8ECB5F37F8B44944, Expected: 36080 bytes, Actual: 36080 bytes, Duration: 281.9717ms"}
{"timestamp":"2026-08-04T16:07:18.7708106-03:00","level":"INFO","instance_id":"c8cdef81-4371-4930-9db2-fa5421175f42","message":"[c8cdef81-4371-4930-9db2-fa5421175f42] Encoding to base64 - ID: 3EB0CF8ECB5F37F8B44944, Size: 36080 bytes"}
{"timestamp":"2026-08-04T16:07:18.7708106-03:00","level":"INFO","instance_id":"c8cdef81-4371-4930-9db2-fa5421175f42","message":"[c8cdef81-4371-4930-9db2-fa5421175f42] Base64 encoding completed - ID: 3EB0CF8ECB5F37F8B44944, Original: 36080 bytes, Encoded: 48108 chars, Duration: 0s"}
{"timestamp":"2026-08-04T16:07:18.7708106-03:00","level":"INFO","instance_id":"c8cdef81-4371-4930-9db2-fa5421175f42","message":"[c8cdef81-4371-4930-9db2-fa5421175f42] ===== MESSAGE PROCESSING COMPLETED ===== ID: 3EB0CF8ECB5F37F8B44944, From: 556298749852@s.whatsapp.net, Type: media, Webhook: true"}
{"timestamp":"2026-08-04T16:07:18.7713163-03:00","level":"INFO","instance_id":"c8cdef81-4371-4930-9db2-fa5421175f42","message":"[c8cdef81-4371-4930-9db2-fa5421175f42] ===== DISPATCHING WEBHOOK ===== Event: Message, Queue: c8cdef81-4371-4930-9db2-fa5421175f42.message, DataSize: 50555 bytes"}
{"timestamp":"2026-08-04T16:07:18.7718329-03:00","level":"INFO","instance_id":"c8cdef81-4371-4930-9db2-fa5421175f42","message":"[c8cdef81-4371-4930-9db2-fa5421175f42] subscriptions [MESSAGE] eventType Message"}
{"timestamp":"2026-08-04T16:07:18.7718329-03:00","level":"INFO","instance_id":"c8cdef81-4371-4930-9db2-fa5421175f42","message":"[c8cdef81-4371-4930-9db2-fa5421175f42] Event received of type Message"}
{"timestamp":"2026-08-04T16:07:20.4017293-03:00","level":"INFO","instance_id":"c8cdef81-4371-4930-9db2-fa5421175f42","message":"[c8cdef81-4371-4930-9db2-fa5421175f42] ===== MESSAGE RECEIVED ===== ID: 3EB06D006011AA0856BF8C, From: 153601284567223@lid, Type: text, Size: unknown"}
{"timestamp":"2026-08-04T16:07:20.4021791-03:00","level":"INFO","instance_id":"c8cdef81-4371-4930-9db2-fa5421175f42","message":"[c8cdef81-4371-4930-9db2-fa5421175f42] Detected LID/WhatsApp JID swap case - Sender: 153601284567223:4@lid, SenderAlt: 556298749852:4@s.whatsapp.net"}
{"timestamp":"2026-08-04T16:07:20.4021791-03:00","level":"INFO","instance_id":"c8cdef81-4371-4930-9db2-fa5421175f42","message":"[c8cdef81-4371-4930-9db2-fa5421175f42] JID swap completed - New Sender: 556298749852@s.whatsapp.net, New SenderAlt: 153601284567223@lid, New Chat: 556298749852@s.whatsapp.net"}
{"timestamp":"2026-08-04T16:07:20.4021791-03:00","level":"INFO","instance_id":"c8cdef81-4371-4930-9db2-fa5421175f42","message":"[c8cdef81-4371-4930-9db2-fa5421175f42] ===== MESSAGE PROCESSING COMPLETED ===== ID: 3EB06D006011AA0856BF8C, From: 556298749852@s.whatsapp.net, Type: text, Webhook: true"}
{"timestamp":"2026-08-04T16:07:20.4021791-03:00","level":"INFO","instance_id":"c8cdef81-4371-4930-9db2-fa5421175f42","message":"[c8cdef81-4371-4930-9db2-fa5421175f42] ===== DISPATCHING WEBHOOK ===== Event: Message, Queue: c8cdef81-4371-4930-9db2-fa5421175f42.message, DataSize: 1574 bytes"}
{"timestamp":"2026-08-04T16:07:20.4021791-03:00","level":"INFO","instance_id":"c8cdef81-4371-4930-9db2-fa5421175f42","message":"[c8cdef81-4371-4930-9db2-fa5421175f42] subscriptions [MESSAGE] eventType Message"}
{"timestamp":"2026-08-04T16:07:20.4027724-03:00","level":"INFO","instance_id":"c8cdef81-4371-4930-9db2-fa5421175f42","message":"[c8cdef81-4371-4930-9db2-fa5421175f42] Event received of type Message"}
{"timestamp":"2026-08-04T16:07:47.778175-03:00","level":"INFO","instance_id":"c8cdef81-4371-4930-9db2-fa5421175f42","message":"[c8cdef81-4371-4930-9db2-fa5421175f42] ===== MESSAGE RECEIVED ===== ID: 3EB0B5AE8AA485F5FDF0C8, From: 153601284567223@lid, Type: text, Size: unknown"}
{"timestamp":"2026-08-04T16:07:47.778175-03:00","level":"INFO","instance_id":"c8cdef81-4371-4930-9db2-fa5421175f42","message":"[c8cdef81-4371-4930-9db2-fa5421175f42] Detected LID/WhatsApp JID swap case - Sender: 153601284567223:4@lid, SenderAlt: 556298749852:4@s.whatsapp.net"}
{"timestamp":"2026-08-04T16:07:47.778175-03:00","level":"INFO","instance_id":"c8cdef81-4371-4930-9db2-fa5421175f42","message":"[c8cdef81-4371-4930-9db2-fa5421175f42] JID swap completed - New Sender: 556298749852@s.whatsapp.net, New SenderAlt: 153601284567223@lid, New Chat: 556298749852@s.whatsapp.net"}
{"timestamp":"2026-08-04T16:07:47.778175-03:00","level":"INFO","instance_id":"c8cdef81-4371-4930-9db2-fa5421175f42","message":"[c8cdef81-4371-4930-9db2-fa5421175f42] ===== MESSAGE PROCESSING COMPLETED ===== ID: 3EB0B5AE8AA485F5FDF0C8, From: 556298749852@s.whatsapp.net, Type: text, Webhook: true"}
{"timestamp":"2026-08-04T16:07:47.778175-03:00","level":"INFO","instance_id":"c8cdef81-4371-4930-9db2-fa5421175f42","message":"[c8cdef81-4371-4930-9db2-fa5421175f42] ===== DISPATCHING WEBHOOK ===== Event: Message, Queue: c8cdef81-4371-4930-9db2-fa5421175f42.message, DataSize: 1622 bytes"}
{"timestamp":"2026-08-04T16:07:47.778175-03:00","level":"INFO","instance_id":"c8cdef81-4371-4930-9db2-fa5421175f42","message":"[c8cdef81-4371-4930-9db2-fa5421175f42] subscriptions [MESSAGE] eventType Message"}
{"timestamp":"2026-08-04T16:07:47.7789053-03:00","level":"INFO","instance_id":"c8cdef81-4371-4930-9db2-fa5421175f42","message":"[c8cdef81-4371-4930-9db2-fa5421175f42] Event received of type Message"}
{"timestamp":"2026-08-04T16:09:06.5111259-03:00","level":"INFO","instance_id":"c8cdef81-4371-4930-9db2-fa5421175f42","message":"[c8cdef81-4371-4930-9db2-fa5421175f42] ===== MESSAGE PROCESSING COMPLETED ===== ID: 3EB0D97FDDCC652AC7FCE4, From: 120363303726390049@g.us, Type: media, Webhook: true"}
{"timestamp":"2026-08-04T16:09:06.5121545-03:00","level":"INFO","instance_id":"c8cdef81-4371-4930-9db2-fa5421175f42","message":"[c8cdef81-4371-4930-9db2-fa5421175f42] ===== DISPATCHING WEBHOOK ===== Event: Message, Queue: c8cdef81-4371-4930-9db2-fa5421175f42.message, DataSize: 193746 bytes"}
{"timestamp":"2026-08-04T16:09:06.5137252-03:00","level":"WARN","instance_id":"c8cdef81-4371-4930-9db2-fa5421175f42","message":"[c8cdef81-4371-4930-9db2-fa5421175f42] Message type discarded: "}
{"timestamp":"2026-08-04T16:09:06.5137252-03:00","level":"INFO","instance_id":"c8cdef81-4371-4930-9db2-fa5421175f42","message":"[c8cdef81-4371-4930-9db2-fa5421175f42] subscriptions [] eventType Message"}
{"timestamp":"2026-08-04T16:10:33.6792989-03:00","level":"INFO","instance_id":"c8cdef81-4371-4930-9db2-fa5421175f42","message":"[c8cdef81-4371-4930-9db2-fa5421175f42] Receipt received with ID: 3EB0B5AE8AA485F5FDF0C8 from 15509143740569:5@lid in 153601284567223@lid with type read"}
{"timestamp":"2026-08-04T16:10:33.6792989-03:00","level":"INFO","instance_id":"c8cdef81-4371-4930-9db2-fa5421175f42","message":"[c8cdef81-4371-4930-9db2-fa5421175f42] Message was read by 15509143740569:5@lid in 153601284567223@lid"}
{"timestamp":"2026-08-04T16:10:33.6792989-03:00","level":"INFO","instance_id":"c8cdef81-4371-4930-9db2-fa5421175f42","message":"[c8cdef81-4371-4930-9db2-fa5421175f42] ===== DISPATCHING WEBHOOK ===== Event: Receipt, Queue: c8cdef81-4371-4930-9db2-fa5421175f42.receipt, DataSize: 552 bytes"}
{"timestamp":"2026-08-04T16:10:33.6792989-03:00","level":"INFO","instance_id":"c8cdef81-4371-4930-9db2-fa5421175f42","message":"[c8cdef81-4371-4930-9db2-fa5421175f42] subscriptions [MESSAGE] eventType Receipt"}
{"timestamp":"2026-08-04T16:10:43.681536-03:00","level":"INFO","instance_id":"c8cdef81-4371-4930-9db2-fa5421175f42","message":"[c8cdef81-4371-4930-9db2-fa5421175f42] ===== MESSAGE RECEIVED ===== ID: 3EB018A69C17CD4AA2353C, From: 153601284567223@lid, Type: text, Size: unknown"}
{"timestamp":"2026-08-04T16:10:43.681536-03:00","level":"INFO","instance_id":"c8cdef81-4371-4930-9db2-fa5421175f42","message":"[c8cdef81-4371-4930-9db2-fa5421175f42] ===== MESSAGE PROCESSING COMPLETED ===== ID: 3EB018A69C17CD4AA2353C, From: 153601284567223@lid, Type: text, Webhook: true"}
{"timestamp":"2026-08-04T16:10:43.681536-03:00","level":"INFO","instance_id":"c8cdef81-4371-4930-9db2-fa5421175f42","message":"[c8cdef81-4371-4930-9db2-fa5421175f42] ===== DISPATCHING WEBHOOK ===== Event: Message, Queue: c8cdef81-4371-4930-9db2-fa5421175f42.message, DataSize: 2008 bytes"}
{"timestamp":"2026-08-04T16:10:43.681536-03:00","level":"INFO","instance_id":"c8cdef81-4371-4930-9db2-fa5421175f42","message":"[c8cdef81-4371-4930-9db2-fa5421175f42] Receipt received with ID: 3EB018A69C17CD4AA2353C from 153601284567223:4@lid in 153601284567223@lid with type "}
{"timestamp":"2026-08-04T16:10:43.6821157-03:00","level":"INFO","instance_id":"c8cdef81-4371-4930-9db2-fa5421175f42","message":"[c8cdef81-4371-4930-9db2-fa5421175f42] Message delivered to 153601284567223:4@lid in 153601284567223@lid"}
{"timestamp":"2026-08-04T16:10:43.6821157-03:00","level":"INFO","instance_id":"c8cdef81-4371-4930-9db2-fa5421175f42","message":"[c8cdef81-4371-4930-9db2-fa5421175f42] subscriptions [MESSAGE] eventType Message"}
{"timestamp":"2026-08-04T16:10:43.6821157-03:00","level":"INFO","instance_id":"c8cdef81-4371-4930-9db2-fa5421175f42","message":"[c8cdef81-4371-4930-9db2-fa5421175f42] ===== DISPATCHING WEBHOOK ===== Event: Receipt, Queue: c8cdef81-4371-4930-9db2-fa5421175f42.receipt, DataSize: 486 bytes"}
{"timestamp":"2026-08-04T16:10:43.6821157-03:00","level":"INFO","instance_id":"c8cdef81-4371-4930-9db2-fa5421175f42","message":"[c8cdef81-4371-4930-9db2-fa5421175f42] Event received of type Message"}
{"timestamp":"2026-08-04T16:10:43.6821157-03:00","level":"INFO","instance_id":"c8cdef81-4371-4930-9db2-fa5421175f42","message":"[c8cdef81-4371-4930-9db2-fa5421175f42] Receipt received with ID: 3EB018A69C17CD4AA2353C from 15509143740569:99@lid in 153601284567223@lid with type "}
{"timestamp":"2026-08-04T16:10:43.6821157-03:00","level":"INFO","instance_id":"c8cdef81-4371-4930-9db2-fa5421175f42","message":"[c8cdef81-4371-4930-9db2-fa5421175f42] subscriptions [MESSAGE] eventType Receipt"}
{"timestamp":"2026-08-04T16:10:43.6821157-03:00","level":"INFO","instance_id":"c8cdef81-4371-4930-9db2-fa5421175f42","message":"[c8cdef81-4371-4930-9db2-fa5421175f42] Message duplicated ignored: 3EB018A69C17CD4AA2353C"}
{"timestamp":"2026-08-04T16:10:44.0991627-03:00","level":"INFO","instance_id":"c8cdef81-4371-4930-9db2-fa5421175f42","message":"[c8cdef81-4371-4930-9db2-fa5421175f42] ===== DISPATCHING WEBHOOK ===== Event: PushName, Queue: c8cdef81-4371-4930-9db2-fa5421175f42.pushname, DataSize: 1252 bytes"}
{"timestamp":"2026-08-04T16:10:44.0991627-03:00","level":"INFO","instance_id":"c8cdef81-4371-4930-9db2-fa5421175f42","message":"[c8cdef81-4371-4930-9db2-fa5421175f42] subscriptions [MESSAGE] eventType PushName"}
{"timestamp":"2026-08-04T16:10:44.7183971-03:00","level":"WARN","instance_id":"c8cdef81-4371-4930-9db2-fa5421175f42","message":"[c8cdef81-4371-4930-9db2-fa5421175f42] Unhandled event *events.BusinessName: \u0026{JID:15509143740569:5@lid Message:0x260daeb0d408 OldBusinessName: NewBusinessName:Jefferson Hipolito}"}
{"timestamp":"2026-08-04T16:10:47.203912-03:00","level":"INFO","instance_id":"c8cdef81-4371-4930-9db2-fa5421175f42","message":"[c8cdef81-4371-4930-9db2-fa5421175f42] Receipt received with ID: 3EB018A69C17CD4AA2353C from 153601284567223@lid with type "}
{"timestamp":"2026-08-04T16:10:47.203912-03:00","level":"INFO","instance_id":"c8cdef81-4371-4930-9db2-fa5421175f42","message":"[c8cdef81-4371-4930-9db2-fa5421175f42] Message duplicated ignored: 3EB018A69C17CD4AA2353C"}
{"timestamp":"2026-08-04T16:10:59.2295506-03:00","level":"INFO","instance_id":"c8cdef81-4371-4930-9db2-fa5421175f42","message":"[c8cdef81-4371-4930-9db2-fa5421175f42] ===== MESSAGE RECEIVED ===== ID: 3EB02950E73EA8FEB851EE, From: 153601284567223@lid, Type: text, Size: unknown"}
{"timestamp":"2026-08-04T16:10:59.2295506-03:00","level":"INFO","instance_id":"c8cdef81-4371-4930-9db2-fa5421175f42","message":"[c8cdef81-4371-4930-9db2-fa5421175f42] ===== MESSAGE PROCESSING COMPLETED ===== ID: 3EB02950E73EA8FEB851EE, From: 153601284567223@lid, Type: text, Webhook: true"}
{"timestamp":"2026-08-04T16:10:59.2295506-03:00","level":"INFO","instance_id":"c8cdef81-4371-4930-9db2-fa5421175f42","message":"[c8cdef81-4371-4930-9db2-fa5421175f42] ===== DISPATCHING WEBHOOK ===== Event: Message, Queue: c8cdef81-4371-4930-9db2-fa5421175f42.message, DataSize: 2038 bytes"}
{"timestamp":"2026-08-04T16:10:59.2295506-03:00","level":"INFO","instance_id":"c8cdef81-4371-4930-9db2-fa5421175f42","message":"[c8cdef81-4371-4930-9db2-fa5421175f42] Receipt received with ID: 3EB02950E73EA8FEB851EE from 153601284567223:4@lid in 153601284567223@lid with type "}
{"timestamp":"2026-08-04T16:10:59.2295506-03:00","level":"INFO","instance_id":"c8cdef81-4371-4930-9db2-fa5421175f42","message":"[c8cdef81-4371-4930-9db2-fa5421175f42] Message delivered to 153601284567223:4@lid in 153601284567223@lid"}
{"timestamp":"2026-08-04T16:10:59.2295506-03:00","level":"INFO","instance_id":"c8cdef81-4371-4930-9db2-fa5421175f42","message":"[c8cdef81-4371-4930-9db2-fa5421175f42] subscriptions [MESSAGE] eventType Message"}
{"timestamp":"2026-08-04T16:10:59.2302169-03:00","level":"INFO","instance_id":"c8cdef81-4371-4930-9db2-fa5421175f42","message":"[c8cdef81-4371-4930-9db2-fa5421175f42] ===== DISPATCHING WEBHOOK ===== Event: Receipt, Queue: c8cdef81-4371-4930-9db2-fa5421175f42.receipt, DataSize: 486 bytes"}
{"timestamp":"2026-08-04T16:10:59.2302169-03:00","level":"INFO","instance_id":"c8cdef81-4371-4930-9db2-fa5421175f42","message":"[c8cdef81-4371-4930-9db2-fa5421175f42] Event received of type Message"}
{"timestamp":"2026-08-04T16:10:59.2302169-03:00","level":"INFO","instance_id":"c8cdef81-4371-4930-9db2-fa5421175f42","message":"[c8cdef81-4371-4930-9db2-fa5421175f42] Receipt received with ID: 3EB02950E73EA8FEB851EE from 15509143740569:99@lid in 153601284567223@lid with type "}
{"timestamp":"2026-08-04T16:10:59.2302169-03:00","level":"INFO","instance_id":"c8cdef81-4371-4930-9db2-fa5421175f42","message":"[c8cdef81-4371-4930-9db2-fa5421175f42] subscriptions [MESSAGE] eventType Receipt"}
{"timestamp":"2026-08-04T16:10:59.2302169-03:00","level":"INFO","instance_id":"c8cdef81-4371-4930-9db2-fa5421175f42","message":"[c8cdef81-4371-4930-9db2-fa5421175f42] Message duplicated ignored: 3EB02950E73EA8FEB851EE"}
{"timestamp":"2026-08-04T16:11:00.8224196-03:00","level":"INFO","instance_id":"c8cdef81-4371-4930-9db2-fa5421175f42","message":"[c8cdef81-4371-4930-9db2-fa5421175f42] Receipt received with ID: 3EB02950E73EA8FEB851EE from 153601284567223@lid with type "}
{"timestamp":"2026-08-04T16:11:00.8224196-03:00","level":"INFO","instance_id":"c8cdef81-4371-4930-9db2-fa5421175f42","message":"[c8cdef81-4371-4930-9db2-fa5421175f42] Message duplicated ignored: 3EB02950E73EA8FEB851EE"}
{"timestamp":"2026-08-04T16:14:10.6419065-03:00","level":"INFO","instance_id":"c8cdef81-4371-4930-9db2-fa5421175f42","message":"[c8cdef81-4371-4930-9db2-fa5421175f42] ===== MESSAGE RECEIVED ===== ID: 3EB0214A84AF1E89AF84A5, From: 153601284567223@lid, Type: text, Size: unknown"}
{"timestamp":"2026-08-04T16:14:10.6422883-03:00","level":"INFO","instance_id":"c8cdef81-4371-4930-9db2-fa5421175f42","message":"[c8cdef81-4371-4930-9db2-fa5421175f42] ===== MESSAGE PROCESSING COMPLETED ===== ID: 3EB0214A84AF1E89AF84A5, From: 153601284567223@lid, Type: text, Webhook: true"}
{"timestamp":"2026-08-04T16:14:10.6422883-03:00","level":"INFO","instance_id":"c8cdef81-4371-4930-9db2-fa5421175f42","message":"[c8cdef81-4371-4930-9db2-fa5421175f42] ===== DISPATCHING WEBHOOK ===== Event: Message, Queue: c8cdef81-4371-4930-9db2-fa5421175f42.message, DataSize: 3878 bytes"}
{"timestamp":"2026-08-04T16:14:10.6429666-03:00","level":"INFO","instance_id":"c8cdef81-4371-4930-9db2-fa5421175f42","message":"[c8cdef81-4371-4930-9db2-fa5421175f42] Receipt received with ID: 3EB0214A84AF1E89AF84A5 from 153601284567223:4@lid in 153601284567223@lid with type "}
{"timestamp":"2026-08-04T16:14:10.6429666-03:00","level":"INFO","instance_id":"c8cdef81-4371-4930-9db2-fa5421175f42","message":"[c8cdef81-4371-4930-9db2-fa5421175f42] subscriptions [MESSAGE] eventType Message"}
{"timestamp":"2026-08-04T16:14:10.6429666-03:00","level":"INFO","instance_id":"c8cdef81-4371-4930-9db2-fa5421175f42","message":"[c8cdef81-4371-4930-9db2-fa5421175f42] Message delivered to 153601284567223:4@lid in 153601284567223@lid"}
{"timestamp":"2026-08-04T16:14:10.6429666-03:00","level":"INFO","instance_id":"c8cdef81-4371-4930-9db2-fa5421175f42","message":"[c8cdef81-4371-4930-9db2-fa5421175f42] Event received of type Message"}
{"timestamp":"2026-08-04T16:14:10.6429666-03:00","level":"INFO","instance_id":"c8cdef81-4371-4930-9db2-fa5421175f42","message":"[c8cdef81-4371-4930-9db2-fa5421175f42] ===== DISPATCHING WEBHOOK ===== Event: Receipt, Queue: c8cdef81-4371-4930-9db2-fa5421175f42.receipt, DataSize: 486 bytes"}
{"timestamp":"2026-08-04T16:14:10.6429666-03:00","level":"INFO","instance_id":"c8cdef81-4371-4930-9db2-fa5421175f42","message":"[c8cdef81-4371-4930-9db2-fa5421175f42] Receipt received with ID: 3EB0214A84AF1E89AF84A5 from 15509143740569:99@lid in 153601284567223@lid with type "}
{"timestamp":"2026-08-04T16:14:10.6429666-03:00","level":"INFO","instance_id":"c8cdef81-4371-4930-9db2-fa5421175f42","message":"[c8cdef81-4371-4930-9db2-fa5421175f42] subscriptions [MESSAGE] eventType Receipt"}
{"timestamp":"2026-08-04T16:14:10.6429666-03:00","level":"INFO","instance_id":"c8cdef81-4371-4930-9db2-fa5421175f42","message":"[c8cdef81-4371-4930-9db2-fa5421175f42] Message duplicated ignored: 3EB0214A84AF1E89AF84A5"}
{"timestamp":"2026-08-04T16:14:42.7102515-03:00","level":"INFO","instance_id":"c8cdef81-4371-4930-9db2-fa5421175f42","message":"[c8cdef81-4371-4930-9db2-fa5421175f42] Receipt received with ID: 3EB0214A84AF1E89AF84A5 from 153601284567223@lid with type "}
{"timestamp":"2026-08-04T16:14:42.7102515-03:00","level":"INFO","instance_id":"c8cdef81-4371-4930-9db2-fa5421175f42","message":"[c8cdef81-4371-4930-9db2-fa5421175f42] Message duplicated ignored: 3EB0214A84AF1E89AF84A5"}
{"timestamp":"2026-08-04T16:15:14.8698498-03:00","level":"INFO","instance_id":"c8cdef81-4371-4930-9db2-fa5421175f42","message":"[c8cdef81-4371-4930-9db2-fa5421175f42] Getting advanced settings"}
{"timestamp":"2026-08-04T16:15:17.3181537-03:00","level":"INFO","instance_id":"c8cdef81-4371-4930-9db2-fa5421175f42","message":"[c8cdef81-4371-4930-9db2-fa5421175f42] Getting advanced settings"}
{"timestamp":"2026-08-04T16:15:17.6300991-03:00","level":"INFO","instance_id":"c8cdef81-4371-4930-9db2-fa5421175f42","message":"[c8cdef81-4371-4930-9db2-fa5421175f42] Getting advanced settings"}
{"timestamp":"2026-08-04T16:15:44.0031733-03:00","level":"INFO","instance_id":"c8cdef81-4371-4930-9db2-fa5421175f42","message":"[c8cdef81-4371-4930-9db2-fa5421175f42] Getting advanced settings"}
{"timestamp":"2026-08-04T16:15:44.3392205-03:00","level":"INFO","instance_id":"c8cdef81-4371-4930-9db2-fa5421175f42","message":"[c8cdef81-4371-4930-9db2-fa5421175f42] Getting advanced settings"}
{"timestamp":"2026-08-04T16:15:54.3961739-03:00","level":"INFO","instance_id":"c8cdef81-4371-4930-9db2-fa5421175f42","message":"[c8cdef81-4371-4930-9db2-fa5421175f42] Checking client connection status - Client exists: true"}
{"timestamp":"2026-08-04T16:15:54.3961739-03:00","level":"INFO","instance_id":"c8cdef81-4371-4930-9db2-fa5421175f42","message":"[c8cdef81-4371-4930-9db2-fa5421175f42] Client successfully validated - Connected: true"}
{"timestamp":"2026-08-04T16:15:54.5735258-03:00","level":"INFO","instance_id":"c8cdef81-4371-4930-9db2-fa5421175f42","message":"[c8cdef81-4371-4930-9db2-fa5421175f42] Checking client connection status - Client exists: true"}
{"timestamp":"2026-08-04T16:15:54.5735258-03:00","level":"INFO","instance_id":"c8cdef81-4371-4930-9db2-fa5421175f42","message":"[c8cdef81-4371-4930-9db2-fa5421175f42] Client successfully validated - Connected: true"}
{"timestamp":"2026-08-04T16:15:56.2123818-03:00","level":"INFO","instance_id":"c8cdef81-4371-4930-9db2-fa5421175f42","message":"[c8cdef81-4371-4930-9db2-fa5421175f42] Checking client connection status - Client exists: true"}
{"timestamp":"2026-08-04T16:15:56.2123818-03:00","level":"INFO","instance_id":"c8cdef81-4371-4930-9db2-fa5421175f42","message":"[c8cdef81-4371-4930-9db2-fa5421175f42] Client successfully validated - Connected: true"}
{"timestamp":"2026-08-04T16:15:57.7061332-03:00","level":"INFO","instance_id":"c8cdef81-4371-4930-9db2-fa5421175f42","message":"[c8cdef81-4371-4930-9db2-fa5421175f42] Checking client connection status - Client exists: true"}
{"timestamp":"2026-08-04T16:15:57.7061332-03:00","level":"INFO","instance_id":"c8cdef81-4371-4930-9db2-fa5421175f42","message":"[c8cdef81-4371-4930-9db2-fa5421175f42] Client successfully validated - Connected: true"}
{"timestamp":"2026-08-04T16:16:00.8933236-03:00","level":"INFO","instance_id":"c8cdef81-4371-4930-9db2-fa5421175f42","message":"[c8cdef81-4371-4930-9db2-fa5421175f42] Checking client connection status - Client exists: true"}
{"timestamp":"2026-08-04T16:16:00.8933236-03:00","level":"INFO","instance_id":"c8cdef81-4371-4930-9db2-fa5421175f42","message":"[c8cdef81-4371-4930-9db2-fa5421175f42] Client successfully validated - Connected: true"}
{"timestamp":"2026-08-04T16:16:01.1598031-03:00","level":"INFO","instance_id":"c8cdef81-4371-4930-9db2-fa5421175f42","message":"[c8cdef81-4371-4930-9db2-fa5421175f42] Checking client connection status - Client exists: true"}
{"timestamp":"2026-08-04T16:16:01.1598031-03:00","level":"INFO","instance_id":"c8cdef81-4371-4930-9db2-fa5421175f42","message":"[c8cdef81-4371-4930-9db2-fa5421175f42] Client successfully validated - Connected: true"}
{"timestamp":"2026-08-04T16:16:02.5452668-03:00","level":"INFO","instance_id":"c8cdef81-4371-4930-9db2-fa5421175f42","message":"[c8cdef81-4371-4930-9db2-fa5421175f42] Checking client connection status - Client exists: true"}
{"timestamp":"2026-08-04T16:16:02.5452668-03:00","level":"INFO","instance_id":"c8cdef81-4371-4930-9db2-fa5421175f42","message":"[c8cdef81-4371-4930-9db2-fa5421175f42] Client successfully validated - Connected: true"}
{"timestamp":"2026-08-04T16:16:04.6456691-03:00","level":"INFO","instance_id":"c8cdef81-4371-4930-9db2-fa5421175f42","message":"[c8cdef81-4371-4930-9db2-fa5421175f42] Checking client connection status - Client exists: true"}
{"timestamp":"2026-08-04T16:16:04.6456691-03:00","level":"INFO","instance_id":"c8cdef81-4371-4930-9db2-fa5421175f42","message":"[c8cdef81-4371-4930-9db2-fa5421175f42] Client successfully validated - Connected: true"}
{"timestamp":"2026-08-04T16:16:06.1499264-03:00","level":"INFO","instance_id":"c8cdef81-4371-4930-9db2-fa5421175f42","message":"[c8cdef81-4371-4930-9db2-fa5421175f42] Checking client connection status - Client exists: true"}
{"timestamp":"2026-08-04T16:16:06.1499264-03:00","level":"INFO","instance_id":"c8cdef81-4371-4930-9db2-fa5421175f42","message":"[c8cdef81-4371-4930-9db2-fa5421175f42] Client successfully validated - Connected: true"}
{"timestamp":"2026-08-04T16:16:08.2621915-03:00","level":"INFO","instance_id":"c8cdef81-4371-4930-9db2-fa5421175f42","message":"[c8cdef81-4371-4930-9db2-fa5421175f42] Checking client connection status - Client exists: true"}
{"timestamp":"2026-08-04T16:16:08.2621915-03:00","level":"INFO","instance_id":"c8cdef81-4371-4930-9db2-fa5421175f42","message":"[c8cdef81-4371-4930-9db2-fa5421175f42] Client successfully validated - Connected: true"}
{"timestamp":"2026-08-04T16:16:09.7647191-03:00","level":"INFO","instance_id":"c8cdef81-4371-4930-9db2-fa5421175f42","message":"[c8cdef81-4371-4930-9db2-fa5421175f42] Checking client connection status - Client exists: true"}
{"timestamp":"2026-08-04T16:16:09.7647191-03:00","level":"INFO","instance_id":"c8cdef81-4371-4930-9db2-fa5421175f42","message":"[c8cdef81-4371-4930-9db2-fa5421175f42] Client successfully validated - Connected: true"}
{"timestamp":"2026-08-04T16:16:11.858812-03:00","level":"INFO","instance_id":"c8cdef81-4371-4930-9db2-fa5421175f42","message":"[c8cdef81-4371-4930-9db2-fa5421175f42] Checking client connection status - Client exists: true"}
{"timestamp":"2026-08-04T16:16:11.858812-03:00","level":"INFO","instance_id":"c8cdef81-4371-4930-9db2-fa5421175f42","message":"[c8cdef81-4371-4930-9db2-fa5421175f42] Client successfully validated - Connected: true"}
{"timestamp":"2026-08-04T16:16:13.3522513-03:00","level":"INFO","instance_id":"c8cdef81-4371-4930-9db2-fa5421175f42","message":"[c8cdef81-4371-4930-9db2-fa5421175f42] Checking client connection status - Client exists: true"}
{"timestamp":"2026-08-04T16:16:13.3522513-03:00","level":"INFO","instance_id":"c8cdef81-4371-4930-9db2-fa5421175f42","message":"[c8cdef81-4371-4930-9db2-fa5421175f42] Client successfully validated - Connected: true"}
{"timestamp":"2026-08-04T16:16:15.4781607-03:00","level":"INFO","instance_id":"c8cdef81-4371-4930-9db2-fa5421175f42","message":"[c8cdef81-4371-4930-9db2-fa5421175f42] Checking client connection status - Client exists: true"}
{"timestamp":"2026-08-04T16:16:15.4781607-03:00","level":"INFO","instance_id":"c8cdef81-4371-4930-9db2-fa5421175f42","message":"[c8cdef81-4371-4930-9db2-fa5421175f42] Client successfully validated - Connected: true"}
{"timestamp":"2026-08-04T16:16:16.947953-03:00","level":"INFO","instance_id":"c8cdef81-4371-4930-9db2-fa5421175f42","message":"[c8cdef81-4371-4930-9db2-fa5421175f42] Checking client connection status - Client exists: true"}
{"timestamp":"2026-08-04T16:16:16.947953-03:00","level":"INFO","instance_id":"c8cdef81-4371-4930-9db2-fa5421175f42","message":"[c8cdef81-4371-4930-9db2-fa5421175f42] Client successfully validated - Connected: true"}
{"timestamp":"2026-08-04T16:16:19.0651241-03:00","level":"INFO","instance_id":"c8cdef81-4371-4930-9db2-fa5421175f42","message":"[c8cdef81-4371-4930-9db2-fa5421175f42] ===== MESSAGE RECEIVED ===== ID: 3A8936FB922AB1115C2A, From: 153601284567223@lid, Type: text, Size: unknown"}
{"timestamp":"2026-08-04T16:16:19.0660079-03:00","level":"INFO","instance_id":"c8cdef81-4371-4930-9db2-fa5421175f42","message":"[c8cdef81-4371-4930-9db2-fa5421175f42] Detected LID/WhatsApp JID swap case - Sender: 153601284567223@lid, SenderAlt: 556298749852@s.whatsapp.net"}
{"timestamp":"2026-08-04T16:16:19.0660079-03:00","level":"INFO","instance_id":"c8cdef81-4371-4930-9db2-fa5421175f42","message":"[c8cdef81-4371-4930-9db2-fa5421175f42] JID swap completed - New Sender: 556298749852@s.whatsapp.net, New SenderAlt: 153601284567223@lid, New Chat: 556298749852@s.whatsapp.net"}
{"timestamp":"2026-08-04T16:16:19.0660079-03:00","level":"INFO","instance_id":"c8cdef81-4371-4930-9db2-fa5421175f42","message":"[c8cdef81-4371-4930-9db2-fa5421175f42] ===== MESSAGE PROCESSING COMPLETED ===== ID: 3A8936FB922AB1115C2A, From: 556298749852@s.whatsapp.net, Type: text, Webhook: true"}
{"timestamp":"2026-08-04T16:16:19.0660079-03:00","level":"INFO","instance_id":"c8cdef81-4371-4930-9db2-fa5421175f42","message":"[c8cdef81-4371-4930-9db2-fa5421175f42] ===== DISPATCHING WEBHOOK ===== Event: Message, Queue: c8cdef81-4371-4930-9db2-fa5421175f42.message, DataSize: 1956 bytes"}
{"timestamp":"2026-08-04T16:16:19.0665137-03:00","level":"INFO","instance_id":"c8cdef81-4371-4930-9db2-fa5421175f42","message":"[c8cdef81-4371-4930-9db2-fa5421175f42] subscriptions [MESSAGE] eventType Message"}
{"timestamp":"2026-08-04T16:16:19.0665137-03:00","level":"INFO","instance_id":"c8cdef81-4371-4930-9db2-fa5421175f42","message":"[c8cdef81-4371-4930-9db2-fa5421175f42] Event received of type Message"}
{"timestamp":"2026-08-04T16:16:19.0700778-03:00","level":"INFO","instance_id":"c8cdef81-4371-4930-9db2-fa5421175f42","message":"[c8cdef81-4371-4930-9db2-fa5421175f42] Checking client connection status - Client exists: true"}
{"timestamp":"2026-08-04T16:16:19.0700778-03:00","level":"INFO","instance_id":"c8cdef81-4371-4930-9db2-fa5421175f42","message":"[c8cdef81-4371-4930-9db2-fa5421175f42] Client successfully validated - Connected: true"}
{"timestamp":"2026-08-04T16:16:20.5484657-03:00","level":"INFO","instance_id":"c8cdef81-4371-4930-9db2-fa5421175f42","message":"[c8cdef81-4371-4930-9db2-fa5421175f42] Checking client connection status - Client exists: true"}
{"timestamp":"2026-08-04T16:16:20.5484657-03:00","level":"INFO","instance_id":"c8cdef81-4371-4930-9db2-fa5421175f42","message":"[c8cdef81-4371-4930-9db2-fa5421175f42] Client successfully validated - Connected: true"}
{"timestamp":"2026-08-04T16:16:20.8564835-03:00","level":"INFO","instance_id":"c8cdef81-4371-4930-9db2-fa5421175f42","message":"[c8cdef81-4371-4930-9db2-fa5421175f42] Receipt received with ID: 3A8936FB922AB1115C2A from 15509143740569:5@lid in 153601284567223@lid with type read"}
{"timestamp":"2026-08-04T16:16:20.8564835-03:00","level":"INFO","instance_id":"c8cdef81-4371-4930-9db2-fa5421175f42","message":"[c8cdef81-4371-4930-9db2-fa5421175f42] Message was read by 15509143740569:5@lid in 153601284567223@lid"}
{"timestamp":"2026-08-04T16:16:20.8564835-03:00","level":"INFO","instance_id":"c8cdef81-4371-4930-9db2-fa5421175f42","message":"[c8cdef81-4371-4930-9db2-fa5421175f42] ===== DISPATCHING WEBHOOK ===== Event: Receipt, Queue: c8cdef81-4371-4930-9db2-fa5421175f42.receipt, DataSize: 500 bytes"}
{"timestamp":"2026-08-04T16:16:20.8569891-03:00","level":"INFO","instance_id":"c8cdef81-4371-4930-9db2-fa5421175f42","message":"[c8cdef81-4371-4930-9db2-fa5421175f42] subscriptions [MESSAGE] eventType Receipt"}
{"timestamp":"2026-08-04T16:16:22.6719884-03:00","level":"INFO","instance_id":"c8cdef81-4371-4930-9db2-fa5421175f42","message":"[c8cdef81-4371-4930-9db2-fa5421175f42] Checking client connection status - Client exists: true"}
{"timestamp":"2026-08-04T16:16:22.6726213-03:00","level":"INFO","instance_id":"c8cdef81-4371-4930-9db2-fa5421175f42","message":"[c8cdef81-4371-4930-9db2-fa5421175f42] Client successfully validated - Connected: true"}
{"timestamp":"2026-08-04T16:16:24.1592394-03:00","level":"INFO","instance_id":"c8cdef81-4371-4930-9db2-fa5421175f42","message":"[c8cdef81-4371-4930-9db2-fa5421175f42] Checking client connection status - Client exists: true"}
{"timestamp":"2026-08-04T16:16:24.1592394-03:00","level":"INFO","instance_id":"c8cdef81-4371-4930-9db2-fa5421175f42","message":"[c8cdef81-4371-4930-9db2-fa5421175f42] Client successfully validated - Connected: true"}
{"timestamp":"2026-08-04T16:16:26.2673721-03:00","level":"INFO","instance_id":"c8cdef81-4371-4930-9db2-fa5421175f42","message":"[c8cdef81-4371-4930-9db2-fa5421175f42] Checking client connection status - Client exists: true"}
{"timestamp":"2026-08-04T16:16:26.2673721-03:00","level":"INFO","instance_id":"c8cdef81-4371-4930-9db2-fa5421175f42","message":"[c8cdef81-4371-4930-9db2-fa5421175f42] Client successfully validated - Connected: true"}
{"timestamp":"2026-08-04T16:16:27.7588618-03:00","level":"INFO","instance_id":"c8cdef81-4371-4930-9db2-fa5421175f42","message":"[c8cdef81-4371-4930-9db2-fa5421175f42] Checking client connection status - Client exists: true"}
{"timestamp":"2026-08-04T16:16:27.7588618-03:00","level":"INFO","instance_id":"c8cdef81-4371-4930-9db2-fa5421175f42","message":"[c8cdef81-4371-4930-9db2-fa5421175f42] Client successfully validated - Connected: true"}
{"timestamp":"2026-08-04T16:16:29.8661299-03:00","level":"INFO","instance_id":"c8cdef81-4371-4930-9db2-fa5421175f42","message":"[c8cdef81-4371-4930-9db2-fa5421175f42] Checking client connection status - Client exists: true"}
{"timestamp":"2026-08-04T16:16:29.8661299-03:00","level":"INFO","instance_id":"c8cdef81-4371-4930-9db2-fa5421175f42","message":"[c8cdef81-4371-4930-9db2-fa5421175f42] Client successfully validated - Connected: true"}
{"timestamp":"2026-08-04T16:16:31.3729656-03:00","level":"INFO","instance_id":"c8cdef81-4371-4930-9db2-fa5421175f42","message":"[c8cdef81-4371-4930-9db2-fa5421175f42] Checking client connection status - Client exists: true"}
{"timestamp":"2026-08-04T16:16:31.3729656-03:00","level":"INFO","instance_id":"c8cdef81-4371-4930-9db2-fa5421175f42","message":"[c8cdef81-4371-4930-9db2-fa5421175f42] Client successfully validated - Connected: true"}
{"timestamp":"2026-08-04T16:16:34.2958112-03:00","level":"INFO","instance_id":"c8cdef81-4371-4930-9db2-fa5421175f42","message":"[c8cdef81-4371-4930-9db2-fa5421175f42] Checking client connection status - Client exists: true"}
{"timestamp":"2026-08-04T16:16:34.2958112-03:00","level":"INFO","instance_id":"c8cdef81-4371-4930-9db2-fa5421175f42","message":"[c8cdef81-4371-4930-9db2-fa5421175f42] Client successfully validated - Connected: true"}
{"timestamp":"2026-08-04T16:16:34.8283991-03:00","level":"INFO","instance_id":"c8cdef81-4371-4930-9db2-fa5421175f42","message":"[c8cdef81-4371-4930-9db2-fa5421175f42] Checking client connection status - Client exists: true"}
{"timestamp":"2026-08-04T16:16:34.8283991-03:00","level":"INFO","instance_id":"c8cdef81-4371-4930-9db2-fa5421175f42","message":"[c8cdef81-4371-4930-9db2-fa5421175f42] Client successfully validated - Connected: true"}
{"timestamp":"2026-08-04T16:16:37.2996914-03:00","level":"INFO","instance_id":"c8cdef81-4371-4930-9db2-fa5421175f42","message":"[c8cdef81-4371-4930-9db2-fa5421175f42] Checking client connection status - Client exists: true"}
{"timestamp":"2026-08-04T16:16:37.2996914-03:00","level":"INFO","instance_id":"c8cdef81-4371-4930-9db2-fa5421175f42","message":"[c8cdef81-4371-4930-9db2-fa5421175f42] Client successfully validated - Connected: true"}
{"timestamp":"2026-08-04T16:16:38.9833751-03:00","level":"INFO","instance_id":"c8cdef81-4371-4930-9db2-fa5421175f42","message":"[c8cdef81-4371-4930-9db2-fa5421175f42] Checking client connection status - Client exists: true"}
{"timestamp":"2026-08-04T16:16:38.9833751-03:00","level":"INFO","instance_id":"c8cdef81-4371-4930-9db2-fa5421175f42","message":"[c8cdef81-4371-4930-9db2-fa5421175f42] Client successfully validated - Connected: true"}
{"timestamp":"2026-08-04T16:16:41.3045781-03:00","level":"INFO","instance_id":"c8cdef81-4371-4930-9db2-fa5421175f42","message":"[c8cdef81-4371-4930-9db2-fa5421175f42] Checking client connection status - Client exists: true"}
{"timestamp":"2026-08-04T16:16:41.3045781-03:00","level":"INFO","instance_id":"c8cdef81-4371-4930-9db2-fa5421175f42","message":"[c8cdef81-4371-4930-9db2-fa5421175f42] Client successfully validated - Connected: true"}
{"timestamp":"2026-08-04T16:16:42.9808599-03:00","level":"INFO","instance_id":"c8cdef81-4371-4930-9db2-fa5421175f42","message":"[c8cdef81-4371-4930-9db2-fa5421175f42] Checking client connection status - Client exists: true"}
{"timestamp":"2026-08-04T16:16:42.9808599-03:00","level":"INFO","instance_id":"c8cdef81-4371-4930-9db2-fa5421175f42","message":"[c8cdef81-4371-4930-9db2-fa5421175f42] Client successfully validated - Connected: true"}
{"timestamp":"2026-08-04T16:16:44.292963-03:00","level":"INFO","instance_id":"c8cdef81-4371-4930-9db2-fa5421175f42","message":"[c8cdef81-4371-4930-9db2-fa5421175f42] Checking client connection status - Client exists: true"}
{"timestamp":"2026-08-04T16:16:44.292963-03:00","level":"INFO","instance_id":"c8cdef81-4371-4930-9db2-fa5421175f42","message":"[c8cdef81-4371-4930-9db2-fa5421175f42] Client successfully validated - Connected: true"}
{"timestamp":"2026-08-04T16:16:45.9922065-03:00","level":"INFO","instance_id":"c8cdef81-4371-4930-9db2-fa5421175f42","message":"[c8cdef81-4371-4930-9db2-fa5421175f42] Checking client connection status - Client exists: true"}
{"timestamp":"2026-08-04T16:16:45.9922065-03:00","level":"INFO","instance_id":"c8cdef81-4371-4930-9db2-fa5421175f42","message":"[c8cdef81-4371-4930-9db2-fa5421175f42] Client successfully validated - Connected: true"}
{"timestamp":"2026-08-04T16:16:48.3592743-03:00","level":"INFO","instance_id":"c8cdef81-4371-4930-9db2-fa5421175f42","message":"[c8cdef81-4371-4930-9db2-fa5421175f42] Checking client connection status - Client exists: true"}
{"timestamp":"2026-08-04T16:16:48.3592743-03:00","level":"INFO","instance_id":"c8cdef81-4371-4930-9db2-fa5421175f42","message":"[c8cdef81-4371-4930-9db2-fa5421175f42] Client successfully validated - Connected: true"}
{"timestamp":"2026-08-04T16:16:49.9843663-03:00","level":"INFO","instance_id":"c8cdef81-4371-4930-9db2-fa5421175f42","message":"[c8cdef81-4371-4930-9db2-fa5421175f42] Checking client connection status - Client exists: true"}
{"timestamp":"2026-08-04T16:16:49.9843663-03:00","level":"INFO","instance_id":"c8cdef81-4371-4930-9db2-fa5421175f42","message":"[c8cdef81-4371-4930-9db2-fa5421175f42] Client successfully validated - Connected: true"}
{"timestamp":"2026-08-04T16:16:52.288953-03:00","level":"INFO","instance_id":"c8cdef81-4371-4930-9db2-fa5421175f42","message":"[c8cdef81-4371-4930-9db2-fa5421175f42] Checking client connection status - Client exists: true"}
{"timestamp":"2026-08-04T16:16:52.2894949-03:00","level":"INFO","instance_id":"c8cdef81-4371-4930-9db2-fa5421175f42","message":"[c8cdef81-4371-4930-9db2-fa5421175f42] Client successfully validated - Connected: true"}
{"timestamp":"2026-08-04T16:16:52.8349549-03:00","level":"INFO","instance_id":"c8cdef81-4371-4930-9db2-fa5421175f42","message":"[c8cdef81-4371-4930-9db2-fa5421175f42] Checking client connection status - Client exists: true"}
{"timestamp":"2026-08-04T16:16:52.8356775-03:00","level":"INFO","instance_id":"c8cdef81-4371-4930-9db2-fa5421175f42","message":"[c8cdef81-4371-4930-9db2-fa5421175f42] Client successfully validated - Connected: true"}
{"timestamp":"2026-08-04T16:16:55.2909904-03:00","level":"INFO","instance_id":"c8cdef81-4371-4930-9db2-fa5421175f42","message":"[c8cdef81-4371-4930-9db2-fa5421175f42] Checking client connection status - Client exists: true"}
{"timestamp":"2026-08-04T16:16:55.2909904-03:00","level":"INFO","instance_id":"c8cdef81-4371-4930-9db2-fa5421175f42","message":"[c8cdef81-4371-4930-9db2-fa5421175f42] Client successfully validated - Connected: true"}
{"timestamp":"2026-08-04T16:16:56.9854767-03:00","level":"INFO","instance_id":"c8cdef81-4371-4930-9db2-fa5421175f42","message":"[c8cdef81-4371-4930-9db2-fa5421175f42] Checking client connection status - Client exists: true"}
{"timestamp":"2026-08-04T16:16:56.9854767-03:00","level":"INFO","instance_id":"c8cdef81-4371-4930-9db2-fa5421175f42","message":"[c8cdef81-4371-4930-9db2-fa5421175f42] Client successfully validated - Connected: true"}
{"timestamp":"2026-08-04T16:16:59.2993176-03:00","level":"INFO","instance_id":"c8cdef81-4371-4930-9db2-fa5421175f42","message":"[c8cdef81-4371-4930-9db2-fa5421175f42] Checking client connection status - Client exists: true"}
{"timestamp":"2026-08-04T16:16:59.2993176-03:00","level":"INFO","instance_id":"c8cdef81-4371-4930-9db2-fa5421175f42","message":"[c8cdef81-4371-4930-9db2-fa5421175f42] Client successfully validated - Connected: true"}
{"timestamp":"2026-08-04T16:17:00.9757009-03:00","level":"INFO","instance_id":"c8cdef81-4371-4930-9db2-fa5421175f42","message":"[c8cdef81-4371-4930-9db2-fa5421175f42] Checking client connection status - Client exists: true"}
{"timestamp":"2026-08-04T16:17:00.9757009-03:00","level":"INFO","instance_id":"c8cdef81-4371-4930-9db2-fa5421175f42","message":"[c8cdef81-4371-4930-9db2-fa5421175f42] Client successfully validated - Connected: true"}
{"timestamp":"2026-08-04T16:17:02.2968127-03:00","level":"INFO","instance_id":"c8cdef81-4371-4930-9db2-fa5421175f42","message":"[c8cdef81-4371-4930-9db2-fa5421175f42] Checking client connection status - Client exists: true"}
{"timestamp":"2026-08-04T16:17:02.2968127-03:00","level":"INFO","instance_id":"c8cdef81-4371-4930-9db2-fa5421175f42","message":"[c8cdef81-4371-4930-9db2-fa5421175f42] Client successfully validated - Connected: true"}
{"timestamp":"2026-08-04T16:17:03.9864249-03:00","level":"INFO","instance_id":"c8cdef81-4371-4930-9db2-fa5421175f42","message":"[c8cdef81-4371-4930-9db2-fa5421175f42] Checking client connection status - Client exists: true"}
{"timestamp":"2026-08-04T16:17:03.9871392-03:00","level":"INFO","instance_id":"c8cdef81-4371-4930-9db2-fa5421175f42","message":"[c8cdef81-4371-4930-9db2-fa5421175f42] Client successfully validated - Connected: true"}
{"timestamp":"2026-08-04T16:17:06.290679-03:00","level":"INFO","instance_id":"c8cdef81-4371-4930-9db2-fa5421175f42","message":"[c8cdef81-4371-4930-9db2-fa5421175f42] Checking client connection status - Client exists: true"}
{"timestamp":"2026-08-04T16:17:06.290679-03:00","level":"INFO","instance_id":"c8cdef81-4371-4930-9db2-fa5421175f42","message":"[c8cdef81-4371-4930-9db2-fa5421175f42] Client successfully validated - Connected: true"}
{"timestamp":"2026-08-04T16:17:07.9765062-03:00","level":"INFO","instance_id":"c8cdef81-4371-4930-9db2-fa5421175f42","message":"[c8cdef81-4371-4930-9db2-fa5421175f42] Checking client connection status - Client exists: true"}
{"timestamp":"2026-08-04T16:17:07.9765062-03:00","level":"INFO","instance_id":"c8cdef81-4371-4930-9db2-fa5421175f42","message":"[c8cdef81-4371-4930-9db2-fa5421175f42] Client successfully validated - Connected: true"}
{"timestamp":"2026-08-04T16:17:10.299229-03:00","level":"INFO","instance_id":"c8cdef81-4371-4930-9db2-fa5421175f42","message":"[c8cdef81-4371-4930-9db2-fa5421175f42] Checking client connection status - Client exists: true"}
{"timestamp":"2026-08-04T16:17:10.299229-03:00","level":"INFO","instance_id":"c8cdef81-4371-4930-9db2-fa5421175f42","message":"[c8cdef81-4371-4930-9db2-fa5421175f42] Client successfully validated - Connected: true"}
{"timestamp":"2026-08-04T16:17:10.8324965-03:00","level":"INFO","instance_id":"c8cdef81-4371-4930-9db2-fa5421175f42","message":"[c8cdef81-4371-4930-9db2-fa5421175f42] Checking client connection status - Client exists: true"}
{"timestamp":"2026-08-04T16:17:10.8324965-03:00","level":"INFO","instance_id":"c8cdef81-4371-4930-9db2-fa5421175f42","message":"[c8cdef81-4371-4930-9db2-fa5421175f42] Client successfully validated - Connected: true"}
{"timestamp":"2026-08-04T16:17:13.3068486-03:00","level":"INFO","instance_id":"c8cdef81-4371-4930-9db2-fa5421175f42","message":"[c8cdef81-4371-4930-9db2-fa5421175f42] Checking client connection status - Client exists: true"}
{"timestamp":"2026-08-04T16:17:13.3068486-03:00","level":"INFO","instance_id":"c8cdef81-4371-4930-9db2-fa5421175f42","message":"[c8cdef81-4371-4930-9db2-fa5421175f42] Client successfully validated - Connected: true"}
{"timestamp":"2026-08-04T16:17:14.9886669-03:00","level":"INFO","instance_id":"c8cdef81-4371-4930-9db2-fa5421175f42","message":"[c8cdef81-4371-4930-9db2-fa5421175f42] Checking client connection status - Client exists: true"}
{"timestamp":"2026-08-04T16:17:14.9886669-03:00","level":"INFO","instance_id":"c8cdef81-4371-4930-9db2-fa5421175f42","message":"[c8cdef81-4371-4930-9db2-fa5421175f42] Client successfully validated - Connected: true"}
{"timestamp":"2026-08-04T16:17:17.295959-03:00","level":"INFO","instance_id":"c8cdef81-4371-4930-9db2-fa5421175f42","message":"[c8cdef81-4371-4930-9db2-fa5421175f42] Checking client connection status - Client exists: true"}
{"timestamp":"2026-08-04T16:17:17.295959-03:00","level":"INFO","instance_id":"c8cdef81-4371-4930-9db2-fa5421175f42","message":"[c8cdef81-4371-4930-9db2-fa5421175f42] Client successfully validated - Connected: true"}
{"timestamp":"2026-08-04T16:17:18.9805016-03:00","level":"INFO","instance_id":"c8cdef81-4371-4930-9db2-fa5421175f42","message":"[c8cdef81-4371-4930-9db2-fa5421175f42] Checking client connection status - Client exists: true"}
{"timestamp":"2026-08-04T16:17:18.9805016-03:00","level":"INFO","instance_id":"c8cdef81-4371-4930-9db2-fa5421175f42","message":"[c8cdef81-4371-4930-9db2-fa5421175f42] Client successfully validated - Connected: true"}
{"timestamp":"2026-08-04T16:17:20.2889583-03:00","level":"INFO","instance_id":"c8cdef81-4371-4930-9db2-fa5421175f42","message":"[c8cdef81-4371-4930-9db2-fa5421175f42] Checking client connection status - Client exists: true"}
{"timestamp":"2026-08-04T16:17:20.2889583-03:00","level":"INFO","instance_id":"c8cdef81-4371-4930-9db2-fa5421175f42","message":"[c8cdef81-4371-4930-9db2-fa5421175f42] Client successfully validated - Connected: true"}
{"timestamp":"2026-08-04T16:17:21.9805078-03:00","level":"INFO","instance_id":"c8cdef81-4371-4930-9db2-fa5421175f42","message":"[c8cdef81-4371-4930-9db2-fa5421175f42] Checking client connection status - Client exists: true"}
{"timestamp":"2026-08-04T16:17:21.9805078-03:00","level":"INFO","instance_id":"c8cdef81-4371-4930-9db2-fa5421175f42","message":"[c8cdef81-4371-4930-9db2-fa5421175f42] Client successfully validated - Connected: true"}
{"timestamp":"2026-08-04T16:17:24.3007143-03:00","level":"INFO","instance_id":"c8cdef81-4371-4930-9db2-fa5421175f42","message":"[c8cdef81-4371-4930-9db2-fa5421175f42] Checking client connection status - Client exists: true"}
{"timestamp":"2026-08-04T16:17:24.3007143-03:00","level":"INFO","instance_id":"c8cdef81-4371-4930-9db2-fa5421175f42","message":"[c8cdef81-4371-4930-9db2-fa5421175f42] Client successfully validated - Connected: true"}
{"timestamp":"2026-08-04T16:17:25.9774142-03:00","level":"INFO","instance_id":"c8cdef81-4371-4930-9db2-fa5421175f42","message":"[c8cdef81-4371-4930-9db2-fa5421175f42] Checking client connection status - Client exists: true"}
{"timestamp":"2026-08-04T16:17:25.9774142-03:00","level":"INFO","instance_id":"c8cdef81-4371-4930-9db2-fa5421175f42","message":"[c8cdef81-4371-4930-9db2-fa5421175f42] Client successfully validated - Connected: true"}
{"timestamp":"2026-08-04T16:17:28.2985-03:00","level":"INFO","instance_id":"c8cdef81-4371-4930-9db2-fa5421175f42","message":"[c8cdef81-4371-4930-9db2-fa5421175f42] Checking client connection status - Client exists: true"}
{"timestamp":"2026-08-04T16:17:28.2985-03:00","level":"INFO","instance_id":"c8cdef81-4371-4930-9db2-fa5421175f42","message":"[c8cdef81-4371-4930-9db2-fa5421175f42] Client successfully validated - Connected: true"}
{"timestamp":"2026-08-04T16:17:28.8320503-03:00","level":"INFO","instance_id":"c8cdef81-4371-4930-9db2-fa5421175f42","message":"[c8cdef81-4371-4930-9db2-fa5421175f42] Checking client connection status - Client exists: true"}
{"timestamp":"2026-08-04T16:17:28.8320503-03:00","level":"INFO","instance_id":"c8cdef81-4371-4930-9db2-fa5421175f42","message":"[c8cdef81-4371-4930-9db2-fa5421175f42] Client successfully validated - Connected: true"}
{"timestamp":"2026-08-04T16:17:31.2863953-03:00","level":"INFO","instance_id":"c8cdef81-4371-4930-9db2-fa5421175f42","message":"[c8cdef81-4371-4930-9db2-fa5421175f42] Checking client connection status - Client exists: true"}
{"timestamp":"2026-08-04T16:17:31.2863953-03:00","level":"INFO","instance_id":"c8cdef81-4371-4930-9db2-fa5421175f42","message":"[c8cdef81-4371-4930-9db2-fa5421175f42] Client successfully validated - Connected: true"}
{"timestamp":"2026-08-04T16:17:59.9698632-03:00","level":"INFO","instance_id":"c8cdef81-4371-4930-9db2-fa5421175f42","message":"[c8cdef81-4371-4930-9db2-fa5421175f42] ===== MESSAGE RECEIVED ===== ID: 3EB093254B2CE7F5DA6648, From: 153601284567223@lid, Type: text, Size: unknown"}
{"timestamp":"2026-08-04T16:17:59.9698632-03:00","level":"INFO","instance_id":"c8cdef81-4371-4930-9db2-fa5421175f42","message":"[c8cdef81-4371-4930-9db2-fa5421175f42] ===== MESSAGE PROCESSING COMPLETED ===== ID: 3EB093254B2CE7F5DA6648, From: 153601284567223@lid, Type: text, Webhook: true"}
{"timestamp":"2026-08-04T16:17:59.9704435-03:00","level":"INFO","instance_id":"c8cdef81-4371-4930-9db2-fa5421175f42","message":"[c8cdef81-4371-4930-9db2-fa5421175f42] ===== DISPATCHING WEBHOOK ===== Event: Message, Queue: c8cdef81-4371-4930-9db2-fa5421175f42.message, DataSize: 2074 bytes"}
{"timestamp":"2026-08-04T16:17:59.9704435-03:00","level":"INFO","instance_id":"c8cdef81-4371-4930-9db2-fa5421175f42","message":"[c8cdef81-4371-4930-9db2-fa5421175f42] Receipt received with ID: 3EB093254B2CE7F5DA6648 from 153601284567223:4@lid in 153601284567223@lid with type "}
{"timestamp":"2026-08-04T16:17:59.9704435-03:00","level":"INFO","instance_id":"c8cdef81-4371-4930-9db2-fa5421175f42","message":"[c8cdef81-4371-4930-9db2-fa5421175f42] subscriptions [MESSAGE] eventType Message"}
{"timestamp":"2026-08-04T16:17:59.9704435-03:00","level":"INFO","instance_id":"c8cdef81-4371-4930-9db2-fa5421175f42","message":"[c8cdef81-4371-4930-9db2-fa5421175f42] Message delivered to 153601284567223:4@lid in 153601284567223@lid"}
{"timestamp":"2026-08-04T16:17:59.9704435-03:00","level":"INFO","instance_id":"c8cdef81-4371-4930-9db2-fa5421175f42","message":"[c8cdef81-4371-4930-9db2-fa5421175f42] Event received of type Message"}
{"timestamp":"2026-08-04T16:17:59.9711559-03:00","level":"INFO","instance_id":"c8cdef81-4371-4930-9db2-fa5421175f42","message":"[c8cdef81-4371-4930-9db2-fa5421175f42] ===== DISPATCHING WEBHOOK ===== Event: Receipt, Queue: c8cdef81-4371-4930-9db2-fa5421175f42.receipt, DataSize: 486 bytes"}
{"timestamp":"2026-08-04T16:17:59.9711559-03:00","level":"INFO","instance_id":"c8cdef81-4371-4930-9db2-fa5421175f42","message":"[c8cdef81-4371-4930-9db2-fa5421175f42] Receipt received with ID: 3EB093254B2CE7F5DA6648 from 15509143740569:99@lid in 153601284567223@lid with type "}
{"timestamp":"2026-08-04T16:17:59.9711559-03:00","level":"INFO","instance_id":"c8cdef81-4371-4930-9db2-fa5421175f42","message":"[c8cdef81-4371-4930-9db2-fa5421175f42] subscriptions [MESSAGE] eventType Receipt"}
{"timestamp":"2026-08-04T16:17:59.9711559-03:00","level":"INFO","instance_id":"c8cdef81-4371-4930-9db2-fa5421175f42","message":"[c8cdef81-4371-4930-9db2-fa5421175f42] Message duplicated ignored: 3EB093254B2CE7F5DA6648"}
{"timestamp":"2026-08-04T16:18:03.7041996-03:00","level":"INFO","instance_id":"c8cdef81-4371-4930-9db2-fa5421175f42","message":"[c8cdef81-4371-4930-9db2-fa5421175f42] Receipt received with ID: 3EB093254B2CE7F5DA6648 from 153601284567223@lid with type "}
{"timestamp":"2026-08-04T16:18:03.7041996-03:00","level":"INFO","instance_id":"c8cdef81-4371-4930-9db2-fa5421175f42","message":"[c8cdef81-4371-4930-9db2-fa5421175f42] Message duplicated ignored: 3EB093254B2CE7F5DA6648"}
{"timestamp":"2026-08-04T16:18:08.8346519-03:00","level":"INFO","instance_id":"c8cdef81-4371-4930-9db2-fa5421175f42","message":"[c8cdef81-4371-4930-9db2-fa5421175f42] Checking client connection status - Client exists: true"}
{"timestamp":"2026-08-04T16:18:08.8346519-03:00","level":"INFO","instance_id":"c8cdef81-4371-4930-9db2-fa5421175f42","message":"[c8cdef81-4371-4930-9db2-fa5421175f42] Client successfully validated - Connected: true"}
{"timestamp":"2026-08-04T16:18:10.6503022-03:00","level":"INFO","instance_id":"c8cdef81-4371-4930-9db2-fa5421175f42","message":"[c8cdef81-4371-4930-9db2-fa5421175f42] Checking client connection status - Client exists: true"}
{"timestamp":"2026-08-04T16:18:10.6503022-03:00","level":"INFO","instance_id":"c8cdef81-4371-4930-9db2-fa5421175f42","message":"[c8cdef81-4371-4930-9db2-fa5421175f42] Client successfully validated - Connected: true"}
{"timestamp":"2026-08-04T16:18:12.1477118-03:00","level":"INFO","instance_id":"c8cdef81-4371-4930-9db2-fa5421175f42","message":"[c8cdef81-4371-4930-9db2-fa5421175f42] Checking client connection status - Client exists: true"}
{"timestamp":"2026-08-04T16:18:12.1477118-03:00","level":"INFO","instance_id":"c8cdef81-4371-4930-9db2-fa5421175f42","message":"[c8cdef81-4371-4930-9db2-fa5421175f42] Client successfully validated - Connected: true"}
{"timestamp":"2026-08-04T16:18:14.2720304-03:00","level":"INFO","instance_id":"c8cdef81-4371-4930-9db2-fa5421175f42","message":"[c8cdef81-4371-4930-9db2-fa5421175f42] Checking client connection status - Client exists: true"}
{"timestamp":"2026-08-04T16:18:14.2720304-03:00","level":"INFO","instance_id":"c8cdef81-4371-4930-9db2-fa5421175f42","message":"[c8cdef81-4371-4930-9db2-fa5421175f42] Client successfully validated - Connected: true"}
{"timestamp":"2026-08-04T16:18:15.7522741-03:00","level":"INFO","instance_id":"c8cdef81-4371-4930-9db2-fa5421175f42","message":"[c8cdef81-4371-4930-9db2-fa5421175f42] Checking client connection status - Client exists: true"}
{"timestamp":"2026-08-04T16:18:15.7522741-03:00","level":"INFO","instance_id":"c8cdef81-4371-4930-9db2-fa5421175f42","message":"[c8cdef81-4371-4930-9db2-fa5421175f42] Client successfully validated - Connected: true"}
{"timestamp":"2026-08-04T16:18:17.8589325-03:00","level":"INFO","instance_id":"c8cdef81-4371-4930-9db2-fa5421175f42","message":"[c8cdef81-4371-4930-9db2-fa5421175f42] Checking client connection status - Client exists: true"}
{"timestamp":"2026-08-04T16:18:17.8589325-03:00","level":"INFO","instance_id":"c8cdef81-4371-4930-9db2-fa5421175f42","message":"[c8cdef81-4371-4930-9db2-fa5421175f42] Client successfully validated - Connected: true"}
{"timestamp":"2026-08-04T16:18:19.3450387-03:00","level":"INFO","instance_id":"c8cdef81-4371-4930-9db2-fa5421175f42","message":"[c8cdef81-4371-4930-9db2-fa5421175f42] Checking client connection status - Client exists: true"}
{"timestamp":"2026-08-04T16:18:19.3450387-03:00","level":"INFO","instance_id":"c8cdef81-4371-4930-9db2-fa5421175f42","message":"[c8cdef81-4371-4930-9db2-fa5421175f42] Client successfully validated - Connected: true"}
{"timestamp":"2026-08-04T16:18:21.4614092-03:00","level":"INFO","instance_id":"c8cdef81-4371-4930-9db2-fa5421175f42","message":"[c8cdef81-4371-4930-9db2-fa5421175f42] Checking client connection status - Client exists: true"}
{"timestamp":"2026-08-04T16:18:21.4614092-03:00","level":"INFO","instance_id":"c8cdef81-4371-4930-9db2-fa5421175f42","message":"[c8cdef81-4371-4930-9db2-fa5421175f42] Client successfully validated - Connected: true"}
{"timestamp":"2026-08-04T16:18:22.9459909-03:00","level":"INFO","instance_id":"c8cdef81-4371-4930-9db2-fa5421175f42","message":"[c8cdef81-4371-4930-9db2-fa5421175f42] Checking client connection status - Client exists: true"}
{"timestamp":"2026-08-04T16:18:22.9459909-03:00","level":"INFO","instance_id":"c8cdef81-4371-4930-9db2-fa5421175f42","message":"[c8cdef81-4371-4930-9db2-fa5421175f42] Client successfully validated - Connected: true"}
{"timestamp":"2026-08-04T16:18:25.0681754-03:00","level":"INFO","instance_id":"c8cdef81-4371-4930-9db2-fa5421175f42","message":"[c8cdef81-4371-4930-9db2-fa5421175f42] Checking client connection status - Client exists: true"}
{"timestamp":"2026-08-04T16:18:25.0681754-03:00","level":"INFO","instance_id":"c8cdef81-4371-4930-9db2-fa5421175f42","message":"[c8cdef81-4371-4930-9db2-fa5421175f42] Client successfully validated - Connected: true"}
{"timestamp":"2026-08-04T16:18:26.5511123-03:00","level":"INFO","instance_id":"c8cdef81-4371-4930-9db2-fa5421175f42","message":"[c8cdef81-4371-4930-9db2-fa5421175f42] Checking client connection status - Client exists: true"}
{"timestamp":"2026-08-04T16:18:26.5511123-03:00","level":"INFO","instance_id":"c8cdef81-4371-4930-9db2-fa5421175f42","message":"[c8cdef81-4371-4930-9db2-fa5421175f42] Client successfully validated - Connected: true"}
{"timestamp":"2026-08-04T16:18:28.6671121-03:00","level":"INFO","instance_id":"c8cdef81-4371-4930-9db2-fa5421175f42","message":"[c8cdef81-4371-4930-9db2-fa5421175f42] Checking client connection status - Client exists: true"}
{"timestamp":"2026-08-04T16:18:28.6671121-03:00","level":"INFO","instance_id":"c8cdef81-4371-4930-9db2-fa5421175f42","message":"[c8cdef81-4371-4930-9db2-fa5421175f42] Client successfully validated - Connected: true"}
{"timestamp":"2026-08-04T16:18:30.1482698-03:00","level":"INFO","instance_id":"c8cdef81-4371-4930-9db2-fa5421175f42","message":"[c8cdef81-4371-4930-9db2-fa5421175f42] Checking client connection status - Client exists: true"}
{"timestamp":"2026-08-04T16:18:30.1482698-03:00","level":"INFO","instance_id":"c8cdef81-4371-4930-9db2-fa5421175f42","message":"[c8cdef81-4371-4930-9db2-fa5421175f42] Client successfully validated - Connected: true"}
{"timestamp":"2026-08-04T16:18:32.2698326-03:00","level":"INFO","instance_id":"c8cdef81-4371-4930-9db2-fa5421175f42","message":"[c8cdef81-4371-4930-9db2-fa5421175f42] Checking client connection status - Client exists: true"}
{"timestamp":"2026-08-04T16:18:32.2698326-03:00","level":"INFO","instance_id":"c8cdef81-4371-4930-9db2-fa5421175f42","message":"[c8cdef81-4371-4930-9db2-fa5421175f42] Client successfully validated - Connected: true"}
{"timestamp":"2026-08-04T16:18:33.9298672-03:00","level":"INFO","instance_id":"c8cdef81-4371-4930-9db2-fa5421175f42","message":"[c8cdef81-4371-4930-9db2-fa5421175f42] Checking client connection status - Client exists: true"}
{"timestamp":"2026-08-04T16:18:33.9298672-03:00","level":"INFO","instance_id":"c8cdef81-4371-4930-9db2-fa5421175f42","message":"[c8cdef81-4371-4930-9db2-fa5421175f42] Client successfully validated - Connected: true"}
{"timestamp":"2026-08-04T16:18:35.9000238-03:00","level":"INFO","instance_id":"c8cdef81-4371-4930-9db2-fa5421175f42","message":"[c8cdef81-4371-4930-9db2-fa5421175f42] Checking client connection status - Client exists: true"}
{"timestamp":"2026-08-04T16:18:35.9000238-03:00","level":"INFO","instance_id":"c8cdef81-4371-4930-9db2-fa5421175f42","message":"[c8cdef81-4371-4930-9db2-fa5421175f42] Client successfully validated - Connected: true"}
{"timestamp":"2026-08-04T16:18:37.4003953-03:00","level":"INFO","instance_id":"c8cdef81-4371-4930-9db2-fa5421175f42","message":"[c8cdef81-4371-4930-9db2-fa5421175f42] Checking client connection status - Client exists: true"}
{"timestamp":"2026-08-04T16:18:37.4003953-03:00","level":"INFO","instance_id":"c8cdef81-4371-4930-9db2-fa5421175f42","message":"[c8cdef81-4371-4930-9db2-fa5421175f42] Client successfully validated - Connected: true"}
{"timestamp":"2026-08-04T16:18:39.5008185-03:00","level":"INFO","instance_id":"c8cdef81-4371-4930-9db2-fa5421175f42","message":"[c8cdef81-4371-4930-9db2-fa5421175f42] Checking client connection status - Client exists: true"}
{"timestamp":"2026-08-04T16:18:39.5008185-03:00","level":"INFO","instance_id":"c8cdef81-4371-4930-9db2-fa5421175f42","message":"[c8cdef81-4371-4930-9db2-fa5421175f42] Client successfully validated - Connected: true"}
{"timestamp":"2026-08-04T16:18:40.9469463-03:00","level":"INFO","instance_id":"c8cdef81-4371-4930-9db2-fa5421175f42","message":"[c8cdef81-4371-4930-9db2-fa5421175f42] Checking client connection status - Client exists: true"}
{"timestamp":"2026-08-04T16:18:40.9469463-03:00","level":"INFO","instance_id":"c8cdef81-4371-4930-9db2-fa5421175f42","message":"[c8cdef81-4371-4930-9db2-fa5421175f42] Client successfully validated - Connected: true"}
{"timestamp":"2026-08-04T16:18:43.0663204-03:00","level":"INFO","instance_id":"c8cdef81-4371-4930-9db2-fa5421175f42","message":"[c8cdef81-4371-4930-9db2-fa5421175f42] Checking client connection status - Client exists: true"}
{"timestamp":"2026-08-04T16:18:43.0663204-03:00","level":"INFO","instance_id":"c8cdef81-4371-4930-9db2-fa5421175f42","message":"[c8cdef81-4371-4930-9db2-fa5421175f42] Client successfully validated - Connected: true"}
{"timestamp":"2026-08-04T16:18:44.5656876-03:00","level":"INFO","instance_id":"c8cdef81-4371-4930-9db2-fa5421175f42","message":"[c8cdef81-4371-4930-9db2-fa5421175f42] Checking client connection status - Client exists: true"}
{"timestamp":"2026-08-04T16:18:44.5656876-03:00","level":"INFO","instance_id":"c8cdef81-4371-4930-9db2-fa5421175f42","message":"[c8cdef81-4371-4930-9db2-fa5421175f42] Client successfully validated - Connected: true"}
{"timestamp":"2026-08-04T16:18:46.6644078-03:00","level":"INFO","instance_id":"c8cdef81-4371-4930-9db2-fa5421175f42","message":"[c8cdef81-4371-4930-9db2-fa5421175f42] Checking client connection status - Client exists: true"}
{"timestamp":"2026-08-04T16:18:46.6644078-03:00","level":"INFO","instance_id":"c8cdef81-4371-4930-9db2-fa5421175f42","message":"[c8cdef81-4371-4930-9db2-fa5421175f42] Client successfully validated - Connected: true"}
{"timestamp":"2026-08-04T16:18:48.1494381-03:00","level":"INFO","instance_id":"c8cdef81-4371-4930-9db2-fa5421175f42","message":"[c8cdef81-4371-4930-9db2-fa5421175f42] Checking client connection status - Client exists: true"}
{"timestamp":"2026-08-04T16:18:48.1494381-03:00","level":"INFO","instance_id":"c8cdef81-4371-4930-9db2-fa5421175f42","message":"[c8cdef81-4371-4930-9db2-fa5421175f42] Client successfully validated - Connected: true"}
{"timestamp":"2026-08-04T16:18:50.2695733-03:00","level":"INFO","instance_id":"c8cdef81-4371-4930-9db2-fa5421175f42","message":"[c8cdef81-4371-4930-9db2-fa5421175f42] Checking client connection status - Client exists: true"}
{"timestamp":"2026-08-04T16:18:50.2695733-03:00","level":"INFO","instance_id":"c8cdef81-4371-4930-9db2-fa5421175f42","message":"[c8cdef81-4371-4930-9db2-fa5421175f42] Client successfully validated - Connected: true"}
{"timestamp":"2026-08-04T16:18:51.749779-03:00","level":"INFO","instance_id":"c8cdef81-4371-4930-9db2-fa5421175f42","message":"[c8cdef81-4371-4930-9db2-fa5421175f42] Checking client connection status - Client exists: true"}
{"timestamp":"2026-08-04T16:18:51.749779-03:00","level":"INFO","instance_id":"c8cdef81-4371-4930-9db2-fa5421175f42","message":"[c8cdef81-4371-4930-9db2-fa5421175f42] Client successfully validated - Connected: true"}
{"timestamp":"2026-08-04T16:18:54.287957-03:00","level":"INFO","instance_id":"c8cdef81-4371-4930-9db2-fa5421175f42","message":"[c8cdef81-4371-4930-9db2-fa5421175f42] Checking client connection status - Client exists: true"}
{"timestamp":"2026-08-04T16:18:54.287957-03:00","level":"INFO","instance_id":"c8cdef81-4371-4930-9db2-fa5421175f42","message":"[c8cdef81-4371-4930-9db2-fa5421175f42] Client successfully validated - Connected: true"}
{"timestamp":"2026-08-04T16:18:55.9900472-03:00","level":"INFO","instance_id":"c8cdef81-4371-4930-9db2-fa5421175f42","message":"[c8cdef81-4371-4930-9db2-fa5421175f42] Checking client connection status - Client exists: true"}
{"timestamp":"2026-08-04T16:18:55.9900472-03:00","level":"INFO","instance_id":"c8cdef81-4371-4930-9db2-fa5421175f42","message":"[c8cdef81-4371-4930-9db2-fa5421175f42] Client successfully validated - Connected: true"}
{"timestamp":"2026-08-04T16:18:58.2879141-03:00","level":"INFO","instance_id":"c8cdef81-4371-4930-9db2-fa5421175f42","message":"[c8cdef81-4371-4930-9db2-fa5421175f42] Checking client connection status - Client exists: true"}
{"timestamp":"2026-08-04T16:18:58.2879141-03:00","level":"INFO","instance_id":"c8cdef81-4371-4930-9db2-fa5421175f42","message":"[c8cdef81-4371-4930-9db2-fa5421175f42] Client successfully validated - Connected: true"}
{"timestamp":"2026-08-04T16:18:58.8337359-03:00","level":"INFO","instance_id":"c8cdef81-4371-4930-9db2-fa5421175f42","message":"[c8cdef81-4371-4930-9db2-fa5421175f42] Checking client connection status - Client exists: true"}
{"timestamp":"2026-08-04T16:18:58.8337359-03:00","level":"INFO","instance_id":"c8cdef81-4371-4930-9db2-fa5421175f42","message":"[c8cdef81-4371-4930-9db2-fa5421175f42] Client successfully validated - Connected: true"}
{"timestamp":"2026-08-04T16:19:01.2993296-03:00","level":"INFO","instance_id":"c8cdef81-4371-4930-9db2-fa5421175f42","message":"[c8cdef81-4371-4930-9db2-fa5421175f42] Checking client connection status - Client exists: true"}
{"timestamp":"2026-08-04T16:19:01.2993296-03:00","level":"INFO","instance_id":"c8cdef81-4371-4930-9db2-fa5421175f42","message":"[c8cdef81-4371-4930-9db2-fa5421175f42] Client successfully validated - Connected: true"}
{"timestamp":"2026-08-04T16:19:02.9803973-03:00","level":"INFO","instance_id":"c8cdef81-4371-4930-9db2-fa5421175f42","message":"[c8cdef81-4371-4930-9db2-fa5421175f42] Checking client connection status - Client exists: true"}
{"timestamp":"2026-08-04T16:19:02.9803973-03:00","level":"INFO","instance_id":"c8cdef81-4371-4930-9db2-fa5421175f42","message":"[c8cdef81-4371-4930-9db2-fa5421175f42] Client successfully validated - Connected: true"}
{"timestamp":"2026-08-04T16:19:05.2911721-03:00","level":"INFO","instance_id":"c8cdef81-4371-4930-9db2-fa5421175f42","message":"[c8cdef81-4371-4930-9db2-fa5421175f42] Checking client connection status - Client exists: true"}
{"timestamp":"2026-08-04T16:19:05.2911721-03:00","level":"INFO","instance_id":"c8cdef81-4371-4930-9db2-fa5421175f42","message":"[c8cdef81-4371-4930-9db2-fa5421175f42] Client successfully validated - Connected: true"}
{"timestamp":"2026-08-04T16:19:06.9810518-03:00","level":"INFO","instance_id":"c8cdef81-4371-4930-9db2-fa5421175f42","message":"[c8cdef81-4371-4930-9db2-fa5421175f42] Checking client connection status - Client exists: true"}
{"timestamp":"2026-08-04T16:19:06.9810518-03:00","level":"INFO","instance_id":"c8cdef81-4371-4930-9db2-fa5421175f42","message":"[c8cdef81-4371-4930-9db2-fa5421175f42] Client successfully validated - Connected: true"}
{"timestamp":"2026-08-04T16:19:08.2877034-03:00","level":"INFO","instance_id":"c8cdef81-4371-4930-9db2-fa5421175f42","message":"[c8cdef81-4371-4930-9db2-fa5421175f42] Checking client connection status - Client exists: true"}
{"timestamp":"2026-08-04T16:19:08.2877034-03:00","level":"INFO","instance_id":"c8cdef81-4371-4930-9db2-fa5421175f42","message":"[c8cdef81-4371-4930-9db2-fa5421175f42] Client successfully validated - Connected: true"}
{"timestamp":"2026-08-04T16:19:09.9905054-03:00","level":"INFO","instance_id":"c8cdef81-4371-4930-9db2-fa5421175f42","message":"[c8cdef81-4371-4930-9db2-fa5421175f42] Checking client connection status - Client exists: true"}
{"timestamp":"2026-08-04T16:19:09.9905054-03:00","level":"INFO","instance_id":"c8cdef81-4371-4930-9db2-fa5421175f42","message":"[c8cdef81-4371-4930-9db2-fa5421175f42] Client successfully validated - Connected: true"}
{"timestamp":"2026-08-04T16:19:12.3169369-03:00","level":"INFO","instance_id":"c8cdef81-4371-4930-9db2-fa5421175f42","message":"[c8cdef81-4371-4930-9db2-fa5421175f42] Checking client connection status - Client exists: true"}
{"timestamp":"2026-08-04T16:19:12.3169369-03:00","level":"INFO","instance_id":"c8cdef81-4371-4930-9db2-fa5421175f42","message":"[c8cdef81-4371-4930-9db2-fa5421175f42] Client successfully validated - Connected: true"}
{"timestamp":"2026-08-04T16:19:13.9896069-03:00","level":"INFO","instance_id":"c8cdef81-4371-4930-9db2-fa5421175f42","message":"[c8cdef81-4371-4930-9db2-fa5421175f42] Checking client connection status - Client exists: true"}
{"timestamp":"2026-08-04T16:19:13.9896069-03:00","level":"INFO","instance_id":"c8cdef81-4371-4930-9db2-fa5421175f42","message":"[c8cdef81-4371-4930-9db2-fa5421175f42] Client successfully validated - Connected: true"}
{"timestamp":"2026-08-04T16:19:16.2886071-03:00","level":"INFO","instance_id":"c8cdef81-4371-4930-9db2-fa5421175f42","message":"[c8cdef81-4371-4930-9db2-fa5421175f42] Checking client connection status - Client exists: true"}
{"timestamp":"2026-08-04T16:19:16.2886071-03:00","level":"INFO","instance_id":"c8cdef81-4371-4930-9db2-fa5421175f42","message":"[c8cdef81-4371-4930-9db2-fa5421175f42] Client successfully validated - Connected: true"}
{"timestamp":"2026-08-04T16:19:16.8228572-03:00","level":"INFO","instance_id":"c8cdef81-4371-4930-9db2-fa5421175f42","message":"[c8cdef81-4371-4930-9db2-fa5421175f42] Checking client connection status - Client exists: true"}
{"timestamp":"2026-08-04T16:19:16.8228572-03:00","level":"INFO","instance_id":"c8cdef81-4371-4930-9db2-fa5421175f42","message":"[c8cdef81-4371-4930-9db2-fa5421175f42] Client successfully validated - Connected: true"}
{"timestamp":"2026-08-04T16:19:19.2940698-03:00","level":"INFO","instance_id":"c8cdef81-4371-4930-9db2-fa5421175f42","message":"[c8cdef81-4371-4930-9db2-fa5421175f42] Checking client connection status - Client exists: true"}
{"timestamp":"2026-08-04T16:19:19.2940698-03:00","level":"INFO","instance_id":"c8cdef81-4371-4930-9db2-fa5421175f42","message":"[c8cdef81-4371-4930-9db2-fa5421175f42] Client successfully validated - Connected: true"}
{"timestamp":"2026-08-04T16:19:20.9831787-03:00","level":"INFO","instance_id":"c8cdef81-4371-4930-9db2-fa5421175f42","message":"[c8cdef81-4371-4930-9db2-fa5421175f42] Checking client connection status - Client exists: true"}
{"timestamp":"2026-08-04T16:19:20.9831787-03:00","level":"INFO","instance_id":"c8cdef81-4371-4930-9db2-fa5421175f42","message":"[c8cdef81-4371-4930-9db2-fa5421175f42] Client successfully validated - Connected: true"}
{"timestamp":"2026-08-04T16:19:23.3007441-03:00","level":"INFO","instance_id":"c8cdef81-4371-4930-9db2-fa5421175f42","message":"[c8cdef81-4371-4930-9db2-fa5421175f42] Checking client connection status - Client exists: true"}
{"timestamp":"2026-08-04T16:19:23.3007441-03:00","level":"INFO","instance_id":"c8cdef81-4371-4930-9db2-fa5421175f42","message":"[c8cdef81-4371-4930-9db2-fa5421175f42] Client successfully validated - Connected: true"}
{"timestamp":"2026-08-04T16:19:24.9891902-03:00","level":"INFO","instance_id":"c8cdef81-4371-4930-9db2-fa5421175f42","message":"[c8cdef81-4371-4930-9db2-fa5421175f42] Checking client connection status - Client exists: true"}
{"timestamp":"2026-08-04T16:19:24.9891902-03:00","level":"INFO","instance_id":"c8cdef81-4371-4930-9db2-fa5421175f42","message":"[c8cdef81-4371-4930-9db2-fa5421175f42] Client successfully validated - Connected: true"}
{"timestamp":"2026-08-04T16:19:26.2997851-03:00","level":"INFO","instance_id":"c8cdef81-4371-4930-9db2-fa5421175f42","message":"[c8cdef81-4371-4930-9db2-fa5421175f42] Checking client connection status - Client exists: true"}
{"timestamp":"2026-08-04T16:19:26.2997851-03:00","level":"INFO","instance_id":"c8cdef81-4371-4930-9db2-fa5421175f42","message":"[c8cdef81-4371-4930-9db2-fa5421175f42] Client successfully validated - Connected: true"}
{"timestamp":"2026-08-04T16:19:27.9857178-03:00","level":"INFO","instance_id":"c8cdef81-4371-4930-9db2-fa5421175f42","message":"[c8cdef81-4371-4930-9db2-fa5421175f42] Checking client connection status - Client exists: true"}
{"timestamp":"2026-08-04T16:19:27.9857178-03:00","level":"INFO","instance_id":"c8cdef81-4371-4930-9db2-fa5421175f42","message":"[c8cdef81-4371-4930-9db2-fa5421175f42] Client successfully validated - Connected: true"}
{"timestamp":"2026-08-04T16:19:30.2925231-03:00","level":"INFO","instance_id":"c8cdef81-4371-4930-9db2-fa5421175f42","message":"[c8cdef81-4371-4930-9db2-fa5421175f42] Checking client connection status - Client exists: true"}
{"timestamp":"2026-08-04T16:19:30.2925231-03:00","level":"INFO","instance_id":"c8cdef81-4371-4930-9db2-fa5421175f42","message":"[c8cdef81-4371-4930-9db2-fa5421175f42] Client successfully validated - Connected: true"}
{"timestamp":"2026-08-04T16:19:31.990888-03:00","level":"INFO","instance_id":"c8cdef81-4371-4930-9db2-fa5421175f42","message":"[c8cdef81-4371-4930-9db2-fa5421175f42] Checking client connection status - Client exists: true"}
{"timestamp":"2026-08-04T16:19:31.990888-03:00","level":"INFO","instance_id":"c8cdef81-4371-4930-9db2-fa5421175f42","message":"[c8cdef81-4371-4930-9db2-fa5421175f42] Client successfully validated - Connected: true"}
{"timestamp":"2026-08-04T16:19:34.2959887-03:00","level":"INFO","instance_id":"c8cdef81-4371-4930-9db2-fa5421175f42","message":"[c8cdef81-4371-4930-9db2-fa5421175f42] Checking client connection status - Client exists: true"}
{"timestamp":"2026-08-04T16:19:34.2959887-03:00","level":"INFO","instance_id":"c8cdef81-4371-4930-9db2-fa5421175f42","message":"[c8cdef81-4371-4930-9db2-fa5421175f42] Client successfully validated - Connected: true"}
{"timestamp":"2026-08-04T16:19:34.8316025-03:00","level":"INFO","instance_id":"c8cdef81-4371-4930-9db2-fa5421175f42","message":"[c8cdef81-4371-4930-9db2-fa5421175f42] Checking client connection status - Client exists: true"}
{"timestamp":"2026-08-04T16:19:34.8316025-03:00","level":"INFO","instance_id":"c8cdef81-4371-4930-9db2-fa5421175f42","message":"[c8cdef81-4371-4930-9db2-fa5421175f42] Client successfully validated - Connected: true"}
{"timestamp":"2026-08-04T16:19:37.2889264-03:00","level":"INFO","instance_id":"c8cdef81-4371-4930-9db2-fa5421175f42","message":"[c8cdef81-4371-4930-9db2-fa5421175f42] Checking client connection status - Client exists: true"}
{"timestamp":"2026-08-04T16:19:37.2889264-03:00","level":"INFO","instance_id":"c8cdef81-4371-4930-9db2-fa5421175f42","message":"[c8cdef81-4371-4930-9db2-fa5421175f42] Client successfully validated - Connected: true"}
{"timestamp":"2026-08-04T16:19:38.9826008-03:00","level":"INFO","instance_id":"c8cdef81-4371-4930-9db2-fa5421175f42","message":"[c8cdef81-4371-4930-9db2-fa5421175f42] Checking client connection status - Client exists: true"}
{"timestamp":"2026-08-04T16:19:38.9826008-03:00","level":"INFO","instance_id":"c8cdef81-4371-4930-9db2-fa5421175f42","message":"[c8cdef81-4371-4930-9db2-fa5421175f42] Client successfully validated - Connected: true"}
{"timestamp":"2026-08-04T16:19:41.2849388-03:00","level":"INFO","instance_id":"c8cdef81-4371-4930-9db2-fa5421175f42","message":"[c8cdef81-4371-4930-9db2-fa5421175f42] Checking client connection status - Client exists: true"}
{"timestamp":"2026-08-04T16:19:41.2849388-03:00","level":"INFO","instance_id":"c8cdef81-4371-4930-9db2-fa5421175f42","message":"[c8cdef81-4371-4930-9db2-fa5421175f42] Client successfully validated - Connected: true"}
{"timestamp":"2026-08-04T16:19:42.9876705-03:00","level":"INFO","instance_id":"c8cdef81-4371-4930-9db2-fa5421175f42","message":"[c8cdef81-4371-4930-9db2-fa5421175f42] Checking client connection status - Client exists: true"}
{"timestamp":"2026-08-04T16:19:42.9876705-03:00","level":"INFO","instance_id":"c8cdef81-4371-4930-9db2-fa5421175f42","message":"[c8cdef81-4371-4930-9db2-fa5421175f42] Client successfully validated - Connected: true"}
{"timestamp":"2026-08-04T16:19:44.2862541-03:00","level":"INFO","instance_id":"c8cdef81-4371-4930-9db2-fa5421175f42","message":"[c8cdef81-4371-4930-9db2-fa5421175f42] Checking client connection status - Client exists: true"}
{"timestamp":"2026-08-04T16:19:44.2862541-03:00","level":"INFO","instance_id":"c8cdef81-4371-4930-9db2-fa5421175f42","message":"[c8cdef81-4371-4930-9db2-fa5421175f42] Client successfully validated - Connected: true"}
{"timestamp":"2026-08-04T16:19:45.9862899-03:00","level":"INFO","instance_id":"c8cdef81-4371-4930-9db2-fa5421175f42","message":"[c8cdef81-4371-4930-9db2-fa5421175f42] Checking client connection status - Client exists: true"}
{"timestamp":"2026-08-04T16:19:45.9862899-03:00","level":"INFO","instance_id":"c8cdef81-4371-4930-9db2-fa5421175f42","message":"[c8cdef81-4371-4930-9db2-fa5421175f42] Client successfully validated - Connected: true"}
{"timestamp":"2026-08-04T16:20:41.1594628-03:00","level":"INFO","instance_id":"c8cdef81-4371-4930-9db2-fa5421175f42","message":"[c8cdef81-4371-4930-9db2-fa5421175f42] Checking client connection status - Client exists: true"}
{"timestamp":"2026-08-04T16:20:41.1600247-03:00","level":"INFO","instance_id":"c8cdef81-4371-4930-9db2-fa5421175f42","message":"[c8cdef81-4371-4930-9db2-fa5421175f42] Client successfully validated - Connected: true"}
{"timestamp":"2026-08-04T16:20:41.6388122-03:00","level":"INFO","instance_id":"c8cdef81-4371-4930-9db2-fa5421175f42","message":"[c8cdef81-4371-4930-9db2-fa5421175f42] Checking client connection status - Client exists: true"}
{"timestamp":"2026-08-04T16:20:41.6388122-03:00","level":"INFO","instance_id":"c8cdef81-4371-4930-9db2-fa5421175f42","message":"[c8cdef81-4371-4930-9db2-fa5421175f42] Client successfully validated - Connected: true"}
{"timestamp":"2026-08-04T16:20:43.0314852-03:00","level":"INFO","instance_id":"c8cdef81-4371-4930-9db2-fa5421175f42","message":"[c8cdef81-4371-4930-9db2-fa5421175f42] Checking client connection status - Client exists: true"}
{"timestamp":"2026-08-04T16:20:43.0314852-03:00","level":"INFO","instance_id":"c8cdef81-4371-4930-9db2-fa5421175f42","message":"[c8cdef81-4371-4930-9db2-fa5421175f42] Client successfully validated - Connected: true"}
{"timestamp":"2026-08-04T16:20:44.5421617-03:00","level":"INFO","instance_id":"c8cdef81-4371-4930-9db2-fa5421175f42","message":"[c8cdef81-4371-4930-9db2-fa5421175f42] Checking client connection status - Client exists: true"}
{"timestamp":"2026-08-04T16:20:44.5421617-03:00","level":"INFO","instance_id":"c8cdef81-4371-4930-9db2-fa5421175f42","message":"[c8cdef81-4371-4930-9db2-fa5421175f42] Client successfully validated - Connected: true"}
{"timestamp":"2026-08-04T16:20:46.6796482-03:00","level":"INFO","instance_id":"c8cdef81-4371-4930-9db2-fa5421175f42","message":"[c8cdef81-4371-4930-9db2-fa5421175f42] Checking client connection status - Client exists: true"}
{"timestamp":"2026-08-04T16:20:46.6796482-03:00","level":"INFO","instance_id":"c8cdef81-4371-4930-9db2-fa5421175f42","message":"[c8cdef81-4371-4930-9db2-fa5421175f42] Client successfully validated - Connected: true"}
{"timestamp":"2026-08-04T16:20:48.1694693-03:00","level":"INFO","instance_id":"c8cdef81-4371-4930-9db2-fa5421175f42","message":"[c8cdef81-4371-4930-9db2-fa5421175f42] Checking client connection status - Client exists: true"}
{"timestamp":"2026-08-04T16:20:48.1694693-03:00","level":"INFO","instance_id":"c8cdef81-4371-4930-9db2-fa5421175f42","message":"[c8cdef81-4371-4930-9db2-fa5421175f42] Client successfully validated - Connected: true"}
{"timestamp":"2026-08-04T16:20:50.2588033-03:00","level":"INFO","instance_id":"c8cdef81-4371-4930-9db2-fa5421175f42","message":"[c8cdef81-4371-4930-9db2-fa5421175f42] Checking client connection status - Client exists: true"}
{"timestamp":"2026-08-04T16:20:50.2588033-03:00","level":"INFO","instance_id":"c8cdef81-4371-4930-9db2-fa5421175f42","message":"[c8cdef81-4371-4930-9db2-fa5421175f42] Client successfully validated - Connected: true"}
{"timestamp":"2026-08-04T16:20:51.6620059-03:00","level":"INFO","instance_id":"c8cdef81-4371-4930-9db2-fa5421175f42","message":"[c8cdef81-4371-4930-9db2-fa5421175f42] Checking client connection status - Client exists: true"}
{"timestamp":"2026-08-04T16:20:51.6625106-03:00","level":"INFO","instance_id":"c8cdef81-4371-4930-9db2-fa5421175f42","message":"[c8cdef81-4371-4930-9db2-fa5421175f42] Client successfully validated - Connected: true"}
{"timestamp":"2026-08-04T16:20:51.9013658-03:00","level":"INFO","instance_id":"c8cdef81-4371-4930-9db2-fa5421175f42","message":"[c8cdef81-4371-4930-9db2-fa5421175f42] Checking client connection status - Client exists: true"}
{"timestamp":"2026-08-04T16:20:51.9013658-03:00","level":"INFO","instance_id":"c8cdef81-4371-4930-9db2-fa5421175f42","message":"[c8cdef81-4371-4930-9db2-fa5421175f42] Client successfully validated - Connected: true"}
{"timestamp":"2026-08-04T16:20:53.8606636-03:00","level":"INFO","instance_id":"c8cdef81-4371-4930-9db2-fa5421175f42","message":"[c8cdef81-4371-4930-9db2-fa5421175f42] Checking client connection status - Client exists: true"}
{"timestamp":"2026-08-04T16:20:53.8606636-03:00","level":"INFO","instance_id":"c8cdef81-4371-4930-9db2-fa5421175f42","message":"[c8cdef81-4371-4930-9db2-fa5421175f42] Client successfully validated - Connected: true"}
{"timestamp":"2026-08-04T16:20:55.6657649-03:00","level":"INFO","instance_id":"c8cdef81-4371-4930-9db2-fa5421175f42","message":"[c8cdef81-4371-4930-9db2-fa5421175f42] Checking client connection status - Client exists: true"}
{"timestamp":"2026-08-04T16:20:55.6657649-03:00","level":"INFO","instance_id":"c8cdef81-4371-4930-9db2-fa5421175f42","message":"[c8cdef81-4371-4930-9db2-fa5421175f42] Client successfully validated - Connected: true"}
{"timestamp":"2026-08-04T16:20:57.4533829-03:00","level":"INFO","instance_id":"c8cdef81-4371-4930-9db2-fa5421175f42","message":"[c8cdef81-4371-4930-9db2-fa5421175f42] Checking client connection status - Client exists: true"}
{"timestamp":"2026-08-04T16:20:57.4533829-03:00","level":"INFO","instance_id":"c8cdef81-4371-4930-9db2-fa5421175f42","message":"[c8cdef81-4371-4930-9db2-fa5421175f42] Client successfully validated - Connected: true"}
{"timestamp":"2026-08-04T16:20:57.5872709-03:00","level":"INFO","instance_id":"c8cdef81-4371-4930-9db2-fa5421175f42","message":"[c8cdef81-4371-4930-9db2-fa5421175f42] Call offer sent - CallID: C9F4941607E3C45DE696E417E450BCF0, Peer: 66155398054068@lid, Video: false, Relays: 3"}
{"timestamp":"2026-08-04T16:20:58.0683498-03:00","level":"INFO","instance_id":"c8cdef81-4371-4930-9db2-fa5421175f42","message":"[c8cdef81-4371-4930-9db2-fa5421175f42] Checking client connection status - Client exists: true"}
{"timestamp":"2026-08-04T16:20:58.0683498-03:00","level":"INFO","instance_id":"c8cdef81-4371-4930-9db2-fa5421175f42","message":"[c8cdef81-4371-4930-9db2-fa5421175f42] Client successfully validated - Connected: true"}
{"timestamp":"2026-08-04T16:20:58.7846295-03:00","level":"INFO","instance_id":"c8cdef81-4371-4930-9db2-fa5421175f42","message":"[c8cdef81-4371-4930-9db2-fa5421175f42] Checking client connection status - Client exists: true"}
{"timestamp":"2026-08-04T16:20:58.7846295-03:00","level":"INFO","instance_id":"c8cdef81-4371-4930-9db2-fa5421175f42","message":"[c8cdef81-4371-4930-9db2-fa5421175f42] Client successfully validated - Connected: true"}
{"timestamp":"2026-08-04T16:21:00.0921788-03:00","level":"INFO","instance_id":"c8cdef81-4371-4930-9db2-fa5421175f42","message":"[c8cdef81-4371-4930-9db2-fa5421175f42] Receipt received with ID: 8568ED2B7AAD49304645ECA7F49616BD from 66155398054068@lid with type "}
{"timestamp":"2026-08-04T16:21:00.0921788-03:00","level":"INFO","instance_id":"c8cdef81-4371-4930-9db2-fa5421175f42","message":"[c8cdef81-4371-4930-9db2-fa5421175f42] Message delivered to 66155398054068@lid"}
{"timestamp":"2026-08-04T16:21:00.0921788-03:00","level":"INFO","instance_id":"c8cdef81-4371-4930-9db2-fa5421175f42","message":"[c8cdef81-4371-4930-9db2-fa5421175f42] ===== DISPATCHING WEBHOOK ===== Event: Receipt, Queue: c8cdef81-4371-4930-9db2-fa5421175f42.receipt, DataSize: 492 bytes"}
{"timestamp":"2026-08-04T16:21:00.0921788-03:00","level":"INFO","instance_id":"c8cdef81-4371-4930-9db2-fa5421175f42","message":"[c8cdef81-4371-4930-9db2-fa5421175f42] subscriptions [MESSAGE] eventType Receipt"}
{"timestamp":"2026-08-04T16:21:00.4755399-03:00","level":"WARN","instance_id":"c8cdef81-4371-4930-9db2-fa5421175f42","message":"[c8cdef81-4371-4930-9db2-fa5421175f42] Unhandled event *events.CallPreAccept: \u0026{BasicCallMeta:{From:66155398054068@lid Timestamp:2026-08-04 16:20:46 -0300 -03 CallCreator:15509143740569:7@lid CallCreatorAlt: CallID:C9F4941607E3C45DE696E417E450BCF0 GroupJID:} CallRemoteMeta:{RemotePlatform: RemoteVersion:} Data:\u003cpreaccept call-creator=\"15509143740569:7@lid\" call-id=\"C9F4941607E3C45DE696E417E450BCF0\"\u003e\u003caudio enc=\"opus\" rate=\"16000\"/\u003e\u003cencopt keygen=\"2\"/\u003e\u003ccapability ver=\"1\"\u003e0105f709e0fa53\u003c/capability\u003e\u003c/preaccept\u003e}"}
{"timestamp":"2026-08-04T16:21:00.740687-03:00","level":"INFO","instance_id":"c8cdef81-4371-4930-9db2-fa5421175f42","message":"[c8cdef81-4371-4930-9db2-fa5421175f42] Got call relay latency \u0026{BasicCallMeta:{From:66155398054068@lid Timestamp:2026-08-04 16:20:47 -0300 -03 CallCreator:15509143740569:7@lid CallCreatorAlt: CallID:C9F4941607E3C45DE696E417E450BCF0 GroupJID:} Data:\u003crelaylatency call-creator=\"15509143740569:7@lid\" call-id=\"C9F4941607E3C45DE696E417E450BCF0\"\u003e\u003cte latency=\"33554475\" relay_name=\"bsb1c01\"\u003e399089360d96\u003c/te\u003e\u003c/relaylatency\u003e}"}
{"timestamp":"2026-08-04T16:21:00.740687-03:00","level":"INFO","instance_id":"c8cdef81-4371-4930-9db2-fa5421175f42","message":"[c8cdef81-4371-4930-9db2-fa5421175f42] ===== DISPATCHING WEBHOOK ===== Event: CallRelayLatency, Queue: c8cdef81-4371-4930-9db2-fa5421175f42.callrelaylatency, DataSize: 573 bytes"}
{"timestamp":"2026-08-04T16:21:00.740687-03:00","level":"INFO","instance_id":"c8cdef81-4371-4930-9db2-fa5421175f42","message":"[c8cdef81-4371-4930-9db2-fa5421175f42] subscriptions [MESSAGE] eventType CallRelayLatency"}
{"timestamp":"2026-08-04T16:21:00.7418325-03:00","level":"INFO","instance_id":"c8cdef81-4371-4930-9db2-fa5421175f42","message":"[c8cdef81-4371-4930-9db2-fa5421175f42] Got call relay latency \u0026{BasicCallMeta:{From:66155398054068@lid Timestamp:2026-08-04 16:20:47 -0300 -03 CallCreator:15509143740569:7@lid CallCreatorAlt: CallID:C9F4941607E3C45DE696E417E450BCF0 GroupJID:} Data:\u003crelaylatency call-creator=\"15509143740569:7@lid\" call-id=\"C9F4941607E3C45DE696E417E450BCF0\"\u003e\u003cte latency=\"33554490\" relay_name=\"gig4c01\"\u003e399107360d96\u003c/te\u003e\u003c/relaylatency\u003e}"}
{"timestamp":"2026-08-04T16:21:00.7423872-03:00","level":"INFO","instance_id":"c8cdef81-4371-4930-9db2-fa5421175f42","message":"[c8cdef81-4371-4930-9db2-fa5421175f42] ===== DISPATCHING WEBHOOK ===== Event: CallRelayLatency, Queue: c8cdef81-4371-4930-9db2-fa5421175f42.callrelaylatency, DataSize: 573 bytes"}
{"timestamp":"2026-08-04T16:21:00.7423872-03:00","level":"INFO","instance_id":"c8cdef81-4371-4930-9db2-fa5421175f42","message":"[c8cdef81-4371-4930-9db2-fa5421175f42] subscriptions [MESSAGE] eventType CallRelayLatency"}
{"timestamp":"2026-08-04T16:21:00.8005306-03:00","level":"INFO","instance_id":"c8cdef81-4371-4930-9db2-fa5421175f42","message":"[c8cdef81-4371-4930-9db2-fa5421175f42] Got call relay latency \u0026{BasicCallMeta:{From:66155398054068@lid Timestamp:2026-08-04 16:20:47 -0300 -03 CallCreator:15509143740569:7@lid CallCreatorAlt: CallID:C9F4941607E3C45DE696E417E450BCF0 GroupJID:} Data:\u003crelaylatency call-creator=\"15509143740569:7@lid\" call-id=\"C9F4941607E3C45DE696E417E450BCF0\"\u003e\u003cte latency=\"100663325\" relay_name=\"bsb1c01\"\u003e399089360d96\u003c/te\u003e\u003c/relaylatency\u003e}"}
{"timestamp":"2026-08-04T16:21:00.8005306-03:00","level":"INFO","instance_id":"c8cdef81-4371-4930-9db2-fa5421175f42","message":"[c8cdef81-4371-4930-9db2-fa5421175f42] ===== DISPATCHING WEBHOOK ===== Event: CallRelayLatency, Queue: c8cdef81-4371-4930-9db2-fa5421175f42.callrelaylatency, DataSize: 574 bytes"}
{"timestamp":"2026-08-04T16:21:00.8005306-03:00","level":"INFO","instance_id":"c8cdef81-4371-4930-9db2-fa5421175f42","message":"[c8cdef81-4371-4930-9db2-fa5421175f42] subscriptions [MESSAGE] eventType CallRelayLatency"}
{"timestamp":"2026-08-04T16:21:00.8018057-03:00","level":"INFO","instance_id":"c8cdef81-4371-4930-9db2-fa5421175f42","message":"[c8cdef81-4371-4930-9db2-fa5421175f42] Got call relay latency \u0026{BasicCallMeta:{From:66155398054068@lid Timestamp:2026-08-04 16:20:47 -0300 -03 CallCreator:15509143740569:7@lid CallCreatorAlt: CallID:C9F4941607E3C45DE696E417E450BCF0 GroupJID:} Data:\u003crelaylatency call-creator=\"15509143740569:7@lid\" call-id=\"C9F4941607E3C45DE696E417E450BCF0\"\u003e\u003cte latency=\"100663347\" relay_name=\"gru1c02\"\u003e9df0e23e0d96\u003c/te\u003e\u003c/relaylatency\u003e}"}
{"timestamp":"2026-08-04T16:21:00.8018057-03:00","level":"INFO","instance_id":"c8cdef81-4371-4930-9db2-fa5421175f42","message":"[c8cdef81-4371-4930-9db2-fa5421175f42] ===== DISPATCHING WEBHOOK ===== Event: CallRelayLatency, Queue: c8cdef81-4371-4930-9db2-fa5421175f42.callrelaylatency, DataSize: 574 bytes"}
{"timestamp":"2026-08-04T16:21:00.8018057-03:00","level":"INFO","instance_id":"c8cdef81-4371-4930-9db2-fa5421175f42","message":"[c8cdef81-4371-4930-9db2-fa5421175f42] subscriptions [MESSAGE] eventType CallRelayLatency"}
{"timestamp":"2026-08-04T16:21:00.8134721-03:00","level":"INFO","instance_id":"c8cdef81-4371-4930-9db2-fa5421175f42","message":"[c8cdef81-4371-4930-9db2-fa5421175f42] Got call relay latency \u0026{BasicCallMeta:{From:66155398054068@lid Timestamp:2026-08-04 16:20:47 -0300 -03 CallCreator:15509143740569:7@lid CallCreatorAlt: CallID:C9F4941607E3C45DE696E417E450BCF0 GroupJID:} Data:\u003crelaylatency call-creator=\"15509143740569:7@lid\" call-id=\"C9F4941607E3C45DE696E417E450BCF0\"\u003e\u003cte latency=\"100663346\" relay_name=\"gig4c01\"\u003e399107360d96\u003c/te\u003e\u003c/relaylatency\u003e}"}
{"timestamp":"2026-08-04T16:21:00.8134721-03:00","level":"INFO","instance_id":"c8cdef81-4371-4930-9db2-fa5421175f42","message":"[c8cdef81-4371-4930-9db2-fa5421175f42] ===== DISPATCHING WEBHOOK ===== Event: CallRelayLatency, Queue: c8cdef81-4371-4930-9db2-fa5421175f42.callrelaylatency, DataSize: 574 bytes"}
{"timestamp":"2026-08-04T16:21:00.8134721-03:00","level":"INFO","instance_id":"c8cdef81-4371-4930-9db2-fa5421175f42","message":"[c8cdef81-4371-4930-9db2-fa5421175f42] subscriptions [MESSAGE] eventType CallRelayLatency"}
{"timestamp":"2026-08-04T16:21:01.0623165-03:00","level":"INFO","instance_id":"c8cdef81-4371-4930-9db2-fa5421175f42","message":"[c8cdef81-4371-4930-9db2-fa5421175f42] Checking client connection status - Client exists: true"}
{"timestamp":"2026-08-04T16:21:01.0623165-03:00","level":"INFO","instance_id":"c8cdef81-4371-4930-9db2-fa5421175f42","message":"[c8cdef81-4371-4930-9db2-fa5421175f42] Client successfully validated - Connected: true"}
{"timestamp":"2026-08-04T16:21:02.5526702-03:00","level":"INFO","instance_id":"c8cdef81-4371-4930-9db2-fa5421175f42","message":"[c8cdef81-4371-4930-9db2-fa5421175f42] Checking client connection status - Client exists: true"}
{"timestamp":"2026-08-04T16:21:02.5526702-03:00","level":"INFO","instance_id":"c8cdef81-4371-4930-9db2-fa5421175f42","message":"[c8cdef81-4371-4930-9db2-fa5421175f42] Client successfully validated - Connected: true"}
{"timestamp":"2026-08-04T16:21:04.626096-03:00","level":"INFO","instance_id":"c8cdef81-4371-4930-9db2-fa5421175f42","message":"[c8cdef81-4371-4930-9db2-fa5421175f42] Got call accept \u0026{BasicCallMeta:{From:66155398054068@lid Timestamp:2026-08-04 16:20:50 -0300 -03 CallCreator:15509143740569:7@lid CallCreatorAlt: CallID:C9F4941607E3C45DE696E417E450BCF0 GroupJID:} CallRemoteMeta:{RemotePlatform:smba RemoteVersion:2.26.29.73} Data:\u003caccept call-creator=\"15509143740569:7@lid\" call-id=\"C9F4941607E3C45DE696E417E450BCF0\" device_class=\"2016\"\u003e\u003caudio enc=\"opus\" rate=\"16000\"/\u003e\u003cnet medium=\"1\"/\u003e\u003cencopt keygen=\"2\"/\u003e\u003cmetadata peer_abtest_bucket_id_list=\"131847\"/\u003e\u003c/accept\u003e}"}
{"timestamp":"2026-08-04T16:21:04.626096-03:00","level":"INFO","instance_id":"c8cdef81-4371-4930-9db2-fa5421175f42","message":"[c8cdef81-4371-4930-9db2-fa5421175f42] ===== DISPATCHING WEBHOOK ===== Event: CallAccept, Queue: c8cdef81-4371-4930-9db2-fa5421175f42.callaccept, DataSize: 806 bytes"}
{"timestamp":"2026-08-04T16:21:04.626096-03:00","level":"INFO","instance_id":"c8cdef81-4371-4930-9db2-fa5421175f42","message":"[c8cdef81-4371-4930-9db2-fa5421175f42] subscriptions [MESSAGE] eventType CallAccept"}
{"timestamp":"2026-08-04T16:21:04.6604849-03:00","level":"INFO","instance_id":"c8cdef81-4371-4930-9db2-fa5421175f42","message":"[c8cdef81-4371-4930-9db2-fa5421175f42] Checking client connection status - Client exists: true"}
{"timestamp":"2026-08-04T16:21:04.6604849-03:00","level":"INFO","instance_id":"c8cdef81-4371-4930-9db2-fa5421175f42","message":"[c8cdef81-4371-4930-9db2-fa5421175f42] Client successfully validated - Connected: true"}
{"timestamp":"2026-08-04T16:21:06.154239-03:00","level":"INFO","instance_id":"c8cdef81-4371-4930-9db2-fa5421175f42","message":"[c8cdef81-4371-4930-9db2-fa5421175f42] Checking client connection status - Client exists: true"}
{"timestamp":"2026-08-04T16:21:06.1557518-03:00","level":"INFO","instance_id":"c8cdef81-4371-4930-9db2-fa5421175f42","message":"[c8cdef81-4371-4930-9db2-fa5421175f42] Client successfully validated - Connected: true"}
{"timestamp":"2026-08-04T16:21:08.2552749-03:00","level":"INFO","instance_id":"c8cdef81-4371-4930-9db2-fa5421175f42","message":"[c8cdef81-4371-4930-9db2-fa5421175f42] Checking client connection status - Client exists: true"}
{"timestamp":"2026-08-04T16:21:08.2552749-03:00","level":"INFO","instance_id":"c8cdef81-4371-4930-9db2-fa5421175f42","message":"[c8cdef81-4371-4930-9db2-fa5421175f42] Client successfully validated - Connected: true"}
{"timestamp":"2026-08-04T16:21:09.7408326-03:00","level":"INFO","instance_id":"c8cdef81-4371-4930-9db2-fa5421175f42","message":"[c8cdef81-4371-4930-9db2-fa5421175f42] Checking client connection status - Client exists: true"}
{"timestamp":"2026-08-04T16:21:09.7408326-03:00","level":"INFO","instance_id":"c8cdef81-4371-4930-9db2-fa5421175f42","message":"[c8cdef81-4371-4930-9db2-fa5421175f42] Client successfully validated - Connected: true"}
{"timestamp":"2026-08-04T16:21:11.8611275-03:00","level":"INFO","instance_id":"c8cdef81-4371-4930-9db2-fa5421175f42","message":"[c8cdef81-4371-4930-9db2-fa5421175f42] Checking client connection status - Client exists: true"}
{"timestamp":"2026-08-04T16:21:11.8611275-03:00","level":"INFO","instance_id":"c8cdef81-4371-4930-9db2-fa5421175f42","message":"[c8cdef81-4371-4930-9db2-fa5421175f42] Client successfully validated - Connected: true"}
{"timestamp":"2026-08-04T16:21:13.3549899-03:00","level":"INFO","instance_id":"c8cdef81-4371-4930-9db2-fa5421175f42","message":"[c8cdef81-4371-4930-9db2-fa5421175f42] Checking client connection status - Client exists: true"}
{"timestamp":"2026-08-04T16:21:13.3549899-03:00","level":"INFO","instance_id":"c8cdef81-4371-4930-9db2-fa5421175f42","message":"[c8cdef81-4371-4930-9db2-fa5421175f42] Client successfully validated - Connected: true"}
{"timestamp":"2026-08-04T16:21:15.4572358-03:00","level":"INFO","instance_id":"c8cdef81-4371-4930-9db2-fa5421175f42","message":"[c8cdef81-4371-4930-9db2-fa5421175f42] Checking client connection status - Client exists: true"}
{"timestamp":"2026-08-04T16:21:15.4582375-03:00","level":"INFO","instance_id":"c8cdef81-4371-4930-9db2-fa5421175f42","message":"[c8cdef81-4371-4930-9db2-fa5421175f42] Client successfully validated - Connected: true"}
{"timestamp":"2026-08-04T16:21:16.9533099-03:00","level":"INFO","instance_id":"c8cdef81-4371-4930-9db2-fa5421175f42","message":"[c8cdef81-4371-4930-9db2-fa5421175f42] Checking client connection status - Client exists: true"}
{"timestamp":"2026-08-04T16:21:16.9533099-03:00","level":"INFO","instance_id":"c8cdef81-4371-4930-9db2-fa5421175f42","message":"[c8cdef81-4371-4930-9db2-fa5421175f42] Client successfully validated - Connected: true"}
{"timestamp":"2026-08-04T16:21:19.0598356-03:00","level":"INFO","instance_id":"c8cdef81-4371-4930-9db2-fa5421175f42","message":"[c8cdef81-4371-4930-9db2-fa5421175f42] Checking client connection status - Client exists: true"}
{"timestamp":"2026-08-04T16:21:19.0598356-03:00","level":"INFO","instance_id":"c8cdef81-4371-4930-9db2-fa5421175f42","message":"[c8cdef81-4371-4930-9db2-fa5421175f42] Client successfully validated - Connected: true"}
{"timestamp":"2026-08-04T16:21:20.5460454-03:00","level":"INFO","instance_id":"c8cdef81-4371-4930-9db2-fa5421175f42","message":"[c8cdef81-4371-4930-9db2-fa5421175f42] Checking client connection status - Client exists: true"}
{"timestamp":"2026-08-04T16:21:20.5460454-03:00","level":"INFO","instance_id":"c8cdef81-4371-4930-9db2-fa5421175f42","message":"[c8cdef81-4371-4930-9db2-fa5421175f42] Client successfully validated - Connected: true"}
{"timestamp":"2026-08-04T16:21:22.6654336-03:00","level":"INFO","instance_id":"c8cdef81-4371-4930-9db2-fa5421175f42","message":"[c8cdef81-4371-4930-9db2-fa5421175f42] Checking client connection status - Client exists: true"}
{"timestamp":"2026-08-04T16:21:22.6654336-03:00","level":"INFO","instance_id":"c8cdef81-4371-4930-9db2-fa5421175f42","message":"[c8cdef81-4371-4930-9db2-fa5421175f42] Client successfully validated - Connected: true"}
{"timestamp":"2026-08-04T16:21:24.1453815-03:00","level":"INFO","instance_id":"c8cdef81-4371-4930-9db2-fa5421175f42","message":"[c8cdef81-4371-4930-9db2-fa5421175f42] Checking client connection status - Client exists: true"}
{"timestamp":"2026-08-04T16:21:24.1453815-03:00","level":"INFO","instance_id":"c8cdef81-4371-4930-9db2-fa5421175f42","message":"[c8cdef81-4371-4930-9db2-fa5421175f42] Client successfully validated - Connected: true"}
{"timestamp":"2026-08-04T16:21:26.2520228-03:00","level":"INFO","instance_id":"c8cdef81-4371-4930-9db2-fa5421175f42","message":"[c8cdef81-4371-4930-9db2-fa5421175f42] Checking client connection status - Client exists: true"}
{"timestamp":"2026-08-04T16:21:26.2520228-03:00","level":"INFO","instance_id":"c8cdef81-4371-4930-9db2-fa5421175f42","message":"[c8cdef81-4371-4930-9db2-fa5421175f42] Client successfully validated - Connected: true"}
{"timestamp":"2026-08-04T16:21:27.7497501-03:00","level":"INFO","instance_id":"c8cdef81-4371-4930-9db2-fa5421175f42","message":"[c8cdef81-4371-4930-9db2-fa5421175f42] Checking client connection status - Client exists: true"}
{"timestamp":"2026-08-04T16:21:27.7497501-03:00","level":"INFO","instance_id":"c8cdef81-4371-4930-9db2-fa5421175f42","message":"[c8cdef81-4371-4930-9db2-fa5421175f42] Client successfully validated - Connected: true"}
{"timestamp":"2026-08-04T16:21:29.8886034-03:00","level":"INFO","instance_id":"c8cdef81-4371-4930-9db2-fa5421175f42","message":"[c8cdef81-4371-4930-9db2-fa5421175f42] Checking client connection status - Client exists: true"}
{"timestamp":"2026-08-04T16:21:29.8886034-03:00","level":"INFO","instance_id":"c8cdef81-4371-4930-9db2-fa5421175f42","message":"[c8cdef81-4371-4930-9db2-fa5421175f42] Client successfully validated - Connected: true"}
{"timestamp":"2026-08-04T16:21:31.3620539-03:00","level":"INFO","instance_id":"c8cdef81-4371-4930-9db2-fa5421175f42","message":"[c8cdef81-4371-4930-9db2-fa5421175f42] Checking client connection status - Client exists: true"}
{"timestamp":"2026-08-04T16:21:31.3620539-03:00","level":"INFO","instance_id":"c8cdef81-4371-4930-9db2-fa5421175f42","message":"[c8cdef81-4371-4930-9db2-fa5421175f42] Client successfully validated - Connected: true"}
{"timestamp":"2026-08-04T16:21:33.4463497-03:00","level":"INFO","instance_id":"c8cdef81-4371-4930-9db2-fa5421175f42","message":"[c8cdef81-4371-4930-9db2-fa5421175f42] Checking client connection status - Client exists: true"}
{"timestamp":"2026-08-04T16:21:33.4463497-03:00","level":"INFO","instance_id":"c8cdef81-4371-4930-9db2-fa5421175f42","message":"[c8cdef81-4371-4930-9db2-fa5421175f42] Client successfully validated - Connected: true"}
{"timestamp":"2026-08-04T16:21:34.5436663-03:00","level":"INFO","instance_id":"c8cdef81-4371-4930-9db2-fa5421175f42","message":"[c8cdef81-4371-4930-9db2-fa5421175f42] Got call terminate \u0026{BasicCallMeta:{From:66155398054068@lid Timestamp:2026-08-04 16:21:20 -0300 -03 CallCreator:15509143740569:7@lid CallCreatorAlt: CallID:C9F4941607E3C45DE696E417E450BCF0 GroupJID:} Reason:timeout Data:\u003cterminate call-creator=\"15509143740569:7@lid\" call-id=\"C9F4941607E3C45DE696E417E450BCF0\" reason=\"timeout\"/\u003e}"}
{"timestamp":"2026-08-04T16:21:34.5436663-03:00","level":"INFO","instance_id":"c8cdef81-4371-4930-9db2-fa5421175f42","message":"[c8cdef81-4371-4930-9db2-fa5421175f42] ===== DISPATCHING WEBHOOK ===== Event: CallTerminate, Queue: c8cdef81-4371-4930-9db2-fa5421175f42.callterminate, DataSize: 520 bytes"}
{"timestamp":"2026-08-04T16:21:34.5436663-03:00","level":"INFO","instance_id":"c8cdef81-4371-4930-9db2-fa5421175f42","message":"[c8cdef81-4371-4930-9db2-fa5421175f42] subscriptions [MESSAGE] eventType CallTerminate"}
{"timestamp":"2026-08-04T16:21:34.9477571-03:00","level":"INFO","instance_id":"c8cdef81-4371-4930-9db2-fa5421175f42","message":"[c8cdef81-4371-4930-9db2-fa5421175f42] Checking client connection status - Client exists: true"}
{"timestamp":"2026-08-04T16:21:34.9477571-03:00","level":"INFO","instance_id":"c8cdef81-4371-4930-9db2-fa5421175f42","message":"[c8cdef81-4371-4930-9db2-fa5421175f42] Client successfully validated - Connected: true"}
{"timestamp":"2026-08-04T16:21:37.0673631-03:00","level":"INFO","instance_id":"c8cdef81-4371-4930-9db2-fa5421175f42","message":"[c8cdef81-4371-4930-9db2-fa5421175f42] Checking client connection status - Client exists: true"}
{"timestamp":"2026-08-04T16:21:37.0673631-03:00","level":"INFO","instance_id":"c8cdef81-4371-4930-9db2-fa5421175f42","message":"[c8cdef81-4371-4930-9db2-fa5421175f42] Client successfully validated - Connected: true"}
{"timestamp":"2026-08-04T16:21:38.5513458-03:00","level":"INFO","instance_id":"c8cdef81-4371-4930-9db2-fa5421175f42","message":"[c8cdef81-4371-4930-9db2-fa5421175f42] Checking client connection status - Client exists: true"}
{"timestamp":"2026-08-04T16:21:38.5513458-03:00","level":"INFO","instance_id":"c8cdef81-4371-4930-9db2-fa5421175f42","message":"[c8cdef81-4371-4930-9db2-fa5421175f42] Client successfully validated - Connected: true"}
{"timestamp":"2026-08-04T16:21:40.6555788-03:00","level":"INFO","instance_id":"c8cdef81-4371-4930-9db2-fa5421175f42","message":"[c8cdef81-4371-4930-9db2-fa5421175f42] Checking client connection status - Client exists: true"}
{"timestamp":"2026-08-04T16:21:40.6555788-03:00","level":"INFO","instance_id":"c8cdef81-4371-4930-9db2-fa5421175f42","message":"[c8cdef81-4371-4930-9db2-fa5421175f42] Client successfully validated - Connected: true"}
{"timestamp":"2026-08-04T16:21:42.1554872-03:00","level":"INFO","instance_id":"c8cdef81-4371-4930-9db2-fa5421175f42","message":"[c8cdef81-4371-4930-9db2-fa5421175f42] Checking client connection status - Client exists: true"}
{"timestamp":"2026-08-04T16:21:42.1554872-03:00","level":"INFO","instance_id":"c8cdef81-4371-4930-9db2-fa5421175f42","message":"[c8cdef81-4371-4930-9db2-fa5421175f42] Client successfully validated - Connected: true"}
{"timestamp":"2026-08-04T16:21:44.2941824-03:00","level":"INFO","instance_id":"c8cdef81-4371-4930-9db2-fa5421175f42","message":"[c8cdef81-4371-4930-9db2-fa5421175f42] Checking client connection status - Client exists: true"}
{"timestamp":"2026-08-04T16:21:44.2941824-03:00","level":"INFO","instance_id":"c8cdef81-4371-4930-9db2-fa5421175f42","message":"[c8cdef81-4371-4930-9db2-fa5421175f42] Client successfully validated - Connected: true"}
{"timestamp":"2026-08-04T16:21:45.7542887-03:00","level":"INFO","instance_id":"c8cdef81-4371-4930-9db2-fa5421175f42","message":"[c8cdef81-4371-4930-9db2-fa5421175f42] Checking client connection status - Client exists: true"}
{"timestamp":"2026-08-04T16:21:45.7557927-03:00","level":"INFO","instance_id":"c8cdef81-4371-4930-9db2-fa5421175f42","message":"[c8cdef81-4371-4930-9db2-fa5421175f42] Client successfully validated - Connected: true"}
{"timestamp":"2026-08-04T16:21:47.8650292-03:00","level":"INFO","instance_id":"c8cdef81-4371-4930-9db2-fa5421175f42","message":"[c8cdef81-4371-4930-9db2-fa5421175f42] Checking client connection status - Client exists: true"}
{"timestamp":"2026-08-04T16:21:47.8650292-03:00","level":"INFO","instance_id":"c8cdef81-4371-4930-9db2-fa5421175f42","message":"[c8cdef81-4371-4930-9db2-fa5421175f42] Client successfully validated - Connected: true"}
{"timestamp":"2026-08-04T16:21:49.3465309-03:00","level":"INFO","instance_id":"c8cdef81-4371-4930-9db2-fa5421175f42","message":"[c8cdef81-4371-4930-9db2-fa5421175f42] Checking client connection status - Client exists: true"}
{"timestamp":"2026-08-04T16:21:49.3465309-03:00","level":"INFO","instance_id":"c8cdef81-4371-4930-9db2-fa5421175f42","message":"[c8cdef81-4371-4930-9db2-fa5421175f42] Client successfully validated - Connected: true"}
{"timestamp":"2026-08-04T16:21:51.4575377-03:00","level":"INFO","instance_id":"c8cdef81-4371-4930-9db2-fa5421175f42","message":"[c8cdef81-4371-4930-9db2-fa5421175f42] Checking client connection status - Client exists: true"}
{"timestamp":"2026-08-04T16:21:51.4575377-03:00","level":"INFO","instance_id":"c8cdef81-4371-4930-9db2-fa5421175f42","message":"[c8cdef81-4371-4930-9db2-fa5421175f42] Client successfully validated - Connected: true"}
{"timestamp":"2026-08-04T16:21:52.9501205-03:00","level":"INFO","instance_id":"c8cdef81-4371-4930-9db2-fa5421175f42","message":"[c8cdef81-4371-4930-9db2-fa5421175f42] Checking client connection status - Client exists: true"}
{"timestamp":"2026-08-04T16:21:52.9501205-03:00","level":"INFO","instance_id":"c8cdef81-4371-4930-9db2-fa5421175f42","message":"[c8cdef81-4371-4930-9db2-fa5421175f42] Client successfully validated - Connected: true"}
{"timestamp":"2026-08-04T16:21:55.0664474-03:00","level":"INFO","instance_id":"c8cdef81-4371-4930-9db2-fa5421175f42","message":"[c8cdef81-4371-4930-9db2-fa5421175f42] Checking client connection status - Client exists: true"}
{"timestamp":"2026-08-04T16:21:55.0664474-03:00","level":"INFO","instance_id":"c8cdef81-4371-4930-9db2-fa5421175f42","message":"[c8cdef81-4371-4930-9db2-fa5421175f42] Client successfully validated - Connected: true"}
{"timestamp":"2026-08-04T16:21:56.5487714-03:00","level":"INFO","instance_id":"c8cdef81-4371-4930-9db2-fa5421175f42","message":"[c8cdef81-4371-4930-9db2-fa5421175f42] Checking client connection status - Client exists: true"}
{"timestamp":"2026-08-04T16:21:56.5487714-03:00","level":"INFO","instance_id":"c8cdef81-4371-4930-9db2-fa5421175f42","message":"[c8cdef81-4371-4930-9db2-fa5421175f42] Client successfully validated - Connected: true"}
{"timestamp":"2026-08-04T16:21:58.6678979-03:00","level":"INFO","instance_id":"c8cdef81-4371-4930-9db2-fa5421175f42","message":"[c8cdef81-4371-4930-9db2-fa5421175f42] Checking client connection status - Client exists: true"}
{"timestamp":"2026-08-04T16:21:58.6678979-03:00","level":"INFO","instance_id":"c8cdef81-4371-4930-9db2-fa5421175f42","message":"[c8cdef81-4371-4930-9db2-fa5421175f42] Client successfully validated - Connected: true"}
{"timestamp":"2026-08-04T16:22:00.145632-03:00","level":"INFO","instance_id":"c8cdef81-4371-4930-9db2-fa5421175f42","message":"[c8cdef81-4371-4930-9db2-fa5421175f42] Checking client connection status - Client exists: true"}
{"timestamp":"2026-08-04T16:22:00.145632-03:00","level":"INFO","instance_id":"c8cdef81-4371-4930-9db2-fa5421175f42","message":"[c8cdef81-4371-4930-9db2-fa5421175f42] Client successfully validated - Connected: true"}
{"timestamp":"2026-08-04T16:22:02.2616654-03:00","level":"INFO","instance_id":"c8cdef81-4371-4930-9db2-fa5421175f42","message":"[c8cdef81-4371-4930-9db2-fa5421175f42] Checking client connection status - Client exists: true"}
{"timestamp":"2026-08-04T16:22:02.2616654-03:00","level":"INFO","instance_id":"c8cdef81-4371-4930-9db2-fa5421175f42","message":"[c8cdef81-4371-4930-9db2-fa5421175f42] Client successfully validated - Connected: true"}
{"timestamp":"2026-08-04T16:22:03.7472775-03:00","level":"INFO","instance_id":"c8cdef81-4371-4930-9db2-fa5421175f42","message":"[c8cdef81-4371-4930-9db2-fa5421175f42] Checking client connection status - Client exists: true"}
{"timestamp":"2026-08-04T16:22:03.7472775-03:00","level":"INFO","instance_id":"c8cdef81-4371-4930-9db2-fa5421175f42","message":"[c8cdef81-4371-4930-9db2-fa5421175f42] Client successfully validated - Connected: true"}
{"timestamp":"2026-08-04T16:22:05.8595972-03:00","level":"INFO","instance_id":"c8cdef81-4371-4930-9db2-fa5421175f42","message":"[c8cdef81-4371-4930-9db2-fa5421175f42] Checking client connection status - Client exists: true"}
{"timestamp":"2026-08-04T16:22:05.8595972-03:00","level":"INFO","instance_id":"c8cdef81-4371-4930-9db2-fa5421175f42","message":"[c8cdef81-4371-4930-9db2-fa5421175f42] Client successfully validated - Connected: true"}
{"timestamp":"2026-08-04T16:22:07.3430147-03:00","level":"INFO","instance_id":"c8cdef81-4371-4930-9db2-fa5421175f42","message":"[c8cdef81-4371-4930-9db2-fa5421175f42] Checking client connection status - Client exists: true"}
{"timestamp":"2026-08-04T16:22:07.3430147-03:00","level":"INFO","instance_id":"c8cdef81-4371-4930-9db2-fa5421175f42","message":"[c8cdef81-4371-4930-9db2-fa5421175f42] Client successfully validated - Connected: true"}
{"timestamp":"2026-08-04T16:22:09.463107-03:00","level":"INFO","instance_id":"c8cdef81-4371-4930-9db2-fa5421175f42","message":"[c8cdef81-4371-4930-9db2-fa5421175f42] Checking client connection status - Client exists: true"}
{"timestamp":"2026-08-04T16:22:09.463107-03:00","level":"INFO","instance_id":"c8cdef81-4371-4930-9db2-fa5421175f42","message":"[c8cdef81-4371-4930-9db2-fa5421175f42] Client successfully validated - Connected: true"}
{"timestamp":"2026-08-04T16:22:10.956329-03:00","level":"INFO","instance_id":"c8cdef81-4371-4930-9db2-fa5421175f42","message":"[c8cdef81-4371-4930-9db2-fa5421175f42] Checking client connection status - Client exists: true"}
{"timestamp":"2026-08-04T16:22:10.956329-03:00","level":"INFO","instance_id":"c8cdef81-4371-4930-9db2-fa5421175f42","message":"[c8cdef81-4371-4930-9db2-fa5421175f42] Client successfully validated - Connected: true"}
{"timestamp":"2026-08-04T16:22:13.0651396-03:00","level":"INFO","instance_id":"c8cdef81-4371-4930-9db2-fa5421175f42","message":"[c8cdef81-4371-4930-9db2-fa5421175f42] Checking client connection status - Client exists: true"}
{"timestamp":"2026-08-04T16:22:13.0651396-03:00","level":"INFO","instance_id":"c8cdef81-4371-4930-9db2-fa5421175f42","message":"[c8cdef81-4371-4930-9db2-fa5421175f42] Client successfully validated - Connected: true"}
{"timestamp":"2026-08-04T16:22:14.5544477-03:00","level":"INFO","instance_id":"c8cdef81-4371-4930-9db2-fa5421175f42","message":"[c8cdef81-4371-4930-9db2-fa5421175f42] Checking client connection status - Client exists: true"}
{"timestamp":"2026-08-04T16:22:14.5544477-03:00","level":"INFO","instance_id":"c8cdef81-4371-4930-9db2-fa5421175f42","message":"[c8cdef81-4371-4930-9db2-fa5421175f42] Client successfully validated - Connected: true"}
{"timestamp":"2026-08-04T16:22:16.6636437-03:00","level":"INFO","instance_id":"c8cdef81-4371-4930-9db2-fa5421175f42","message":"[c8cdef81-4371-4930-9db2-fa5421175f42] Checking client connection status - Client exists: true"}
{"timestamp":"2026-08-04T16:22:16.6636437-03:00","level":"INFO","instance_id":"c8cdef81-4371-4930-9db2-fa5421175f42","message":"[c8cdef81-4371-4930-9db2-fa5421175f42] Client successfully validated - Connected: true"}
{"timestamp":"2026-08-04T16:22:18.1437725-03:00","level":"INFO","instance_id":"c8cdef81-4371-4930-9db2-fa5421175f42","message":"[c8cdef81-4371-4930-9db2-fa5421175f42] Checking client connection status - Client exists: true"}
{"timestamp":"2026-08-04T16:22:18.1437725-03:00","level":"INFO","instance_id":"c8cdef81-4371-4930-9db2-fa5421175f42","message":"[c8cdef81-4371-4930-9db2-fa5421175f42] Client successfully validated - Connected: true"}
{"timestamp":"2026-08-04T16:22:20.261837-03:00","level":"INFO","instance_id":"c8cdef81-4371-4930-9db2-fa5421175f42","message":"[c8cdef81-4371-4930-9db2-fa5421175f42] Checking client connection status - Client exists: true"}
{"timestamp":"2026-08-04T16:22:20.261837-03:00","level":"INFO","instance_id":"c8cdef81-4371-4930-9db2-fa5421175f42","message":"[c8cdef81-4371-4930-9db2-fa5421175f42] Client successfully validated - Connected: true"}
{"timestamp":"2026-08-04T16:22:21.7443088-03:00","level":"INFO","instance_id":"c8cdef81-4371-4930-9db2-fa5421175f42","message":"[c8cdef81-4371-4930-9db2-fa5421175f42] Checking client connection status - Client exists: true"}
{"timestamp":"2026-08-04T16:22:21.7443088-03:00","level":"INFO","instance_id":"c8cdef81-4371-4930-9db2-fa5421175f42","message":"[c8cdef81-4371-4930-9db2-fa5421175f42] Client successfully validated - Connected: true"}
{"timestamp":"2026-08-04T16:22:23.8590621-03:00","level":"INFO","instance_id":"c8cdef81-4371-4930-9db2-fa5421175f42","message":"[c8cdef81-4371-4930-9db2-fa5421175f42] Checking client connection status - Client exists: true"}
{"timestamp":"2026-08-04T16:22:23.8590621-03:00","level":"INFO","instance_id":"c8cdef81-4371-4930-9db2-fa5421175f42","message":"[c8cdef81-4371-4930-9db2-fa5421175f42] Client successfully validated - Connected: true"}
{"timestamp":"2026-08-04T16:22:25.355344-03:00","level":"INFO","instance_id":"c8cdef81-4371-4930-9db2-fa5421175f42","message":"[c8cdef81-4371-4930-9db2-fa5421175f42] Checking client connection status - Client exists: true"}
{"timestamp":"2026-08-04T16:22:25.355344-03:00","level":"INFO","instance_id":"c8cdef81-4371-4930-9db2-fa5421175f42","message":"[c8cdef81-4371-4930-9db2-fa5421175f42] Client successfully validated - Connected: true"}
{"timestamp":"2026-08-04T16:22:27.4767939-03:00","level":"INFO","instance_id":"c8cdef81-4371-4930-9db2-fa5421175f42","message":"[c8cdef81-4371-4930-9db2-fa5421175f42] Checking client connection status - Client exists: true"}
{"timestamp":"2026-08-04T16:22:27.4767939-03:00","level":"INFO","instance_id":"c8cdef81-4371-4930-9db2-fa5421175f42","message":"[c8cdef81-4371-4930-9db2-fa5421175f42] Client successfully validated - Connected: true"}
{"timestamp":"2026-08-04T16:22:28.9565649-03:00","level":"INFO","instance_id":"c8cdef81-4371-4930-9db2-fa5421175f42","message":"[c8cdef81-4371-4930-9db2-fa5421175f42] Checking client connection status - Client exists: true"}
{"timestamp":"2026-08-04T16:22:28.9565649-03:00","level":"INFO","instance_id":"c8cdef81-4371-4930-9db2-fa5421175f42","message":"[c8cdef81-4371-4930-9db2-fa5421175f42] Client successfully validated - Connected: true"}
{"timestamp":"2026-08-04T16:22:31.0709032-03:00","level":"INFO","instance_id":"c8cdef81-4371-4930-9db2-fa5421175f42","message":"[c8cdef81-4371-4930-9db2-fa5421175f42] Checking client connection status - Client exists: true"}
{"timestamp":"2026-08-04T16:22:31.0709032-03:00","level":"INFO","instance_id":"c8cdef81-4371-4930-9db2-fa5421175f42","message":"[c8cdef81-4371-4930-9db2-fa5421175f42] Client successfully validated - Connected: true"}
{"timestamp":"2026-08-04T16:22:32.5488954-03:00","level":"INFO","instance_id":"c8cdef81-4371-4930-9db2-fa5421175f42","message":"[c8cdef81-4371-4930-9db2-fa5421175f42] Checking client connection status - Client exists: true"}
{"timestamp":"2026-08-04T16:22:32.5488954-03:00","level":"INFO","instance_id":"c8cdef81-4371-4930-9db2-fa5421175f42","message":"[c8cdef81-4371-4930-9db2-fa5421175f42] Client successfully validated - Connected: true"}
{"timestamp":"2026-08-04T16:22:34.6641146-03:00","level":"INFO","instance_id":"c8cdef81-4371-4930-9db2-fa5421175f42","message":"[c8cdef81-4371-4930-9db2-fa5421175f42] Checking client connection status - Client exists: true"}
{"timestamp":"2026-08-04T16:22:34.6641146-03:00","level":"INFO","instance_id":"c8cdef81-4371-4930-9db2-fa5421175f42","message":"[c8cdef81-4371-4930-9db2-fa5421175f42] Client successfully validated - Connected: true"}
{"timestamp":"2026-08-04T16:22:36.1431421-03:00","level":"INFO","instance_id":"c8cdef81-4371-4930-9db2-fa5421175f42","message":"[c8cdef81-4371-4930-9db2-fa5421175f42] Checking client connection status - Client exists: true"}
{"timestamp":"2026-08-04T16:22:36.1431421-03:00","level":"INFO","instance_id":"c8cdef81-4371-4930-9db2-fa5421175f42","message":"[c8cdef81-4371-4930-9db2-fa5421175f42] Client successfully validated - Connected: true"}
{"timestamp":"2026-08-04T16:22:38.2584775-03:00","level":"INFO","instance_id":"c8cdef81-4371-4930-9db2-fa5421175f42","message":"[c8cdef81-4371-4930-9db2-fa5421175f42] Checking client connection status - Client exists: true"}
{"timestamp":"2026-08-04T16:22:38.2584775-03:00","level":"INFO","instance_id":"c8cdef81-4371-4930-9db2-fa5421175f42","message":"[c8cdef81-4371-4930-9db2-fa5421175f42] Client successfully validated - Connected: true"}
{"timestamp":"2026-08-04T16:22:39.7504175-03:00","level":"INFO","instance_id":"c8cdef81-4371-4930-9db2-fa5421175f42","message":"[c8cdef81-4371-4930-9db2-fa5421175f42] Checking client connection status - Client exists: true"}
{"timestamp":"2026-08-04T16:22:39.7504175-03:00","level":"INFO","instance_id":"c8cdef81-4371-4930-9db2-fa5421175f42","message":"[c8cdef81-4371-4930-9db2-fa5421175f42] Client successfully validated - Connected: true"}
{"timestamp":"2026-08-04T16:22:41.8547744-03:00","level":"INFO","instance_id":"c8cdef81-4371-4930-9db2-fa5421175f42","message":"[c8cdef81-4371-4930-9db2-fa5421175f42] Checking client connection status - Client exists: true"}
{"timestamp":"2026-08-04T16:22:41.8547744-03:00","level":"INFO","instance_id":"c8cdef81-4371-4930-9db2-fa5421175f42","message":"[c8cdef81-4371-4930-9db2-fa5421175f42] Client successfully validated - Connected: true"}
{"timestamp":"2026-08-04T16:22:43.3426669-03:00","level":"INFO","instance_id":"c8cdef81-4371-4930-9db2-fa5421175f42","message":"[c8cdef81-4371-4930-9db2-fa5421175f42] Checking client connection status - Client exists: true"}
{"timestamp":"2026-08-04T16:22:43.3426669-03:00","level":"INFO","instance_id":"c8cdef81-4371-4930-9db2-fa5421175f42","message":"[c8cdef81-4371-4930-9db2-fa5421175f42] Client successfully validated - Connected: true"}
{"timestamp":"2026-08-04T16:22:45.4598969-03:00","level":"INFO","instance_id":"c8cdef81-4371-4930-9db2-fa5421175f42","message":"[c8cdef81-4371-4930-9db2-fa5421175f42] Checking client connection status - Client exists: true"}
{"timestamp":"2026-08-04T16:22:45.4598969-03:00","level":"INFO","instance_id":"c8cdef81-4371-4930-9db2-fa5421175f42","message":"[c8cdef81-4371-4930-9db2-fa5421175f42] Client successfully validated - Connected: true"}
{"timestamp":"2026-08-04T16:22:46.9530791-03:00","level":"INFO","instance_id":"c8cdef81-4371-4930-9db2-fa5421175f42","message":"[c8cdef81-4371-4930-9db2-fa5421175f42] Checking client connection status - Client exists: true"}
{"timestamp":"2026-08-04T16:22:46.9530791-03:00","level":"INFO","instance_id":"c8cdef81-4371-4930-9db2-fa5421175f42","message":"[c8cdef81-4371-4930-9db2-fa5421175f42] Client successfully validated - Connected: true"}
{"timestamp":"2026-08-04T16:22:49.0581971-03:00","level":"INFO","instance_id":"c8cdef81-4371-4930-9db2-fa5421175f42","message":"[c8cdef81-4371-4930-9db2-fa5421175f42] Checking client connection status - Client exists: true"}
{"timestamp":"2026-08-04T16:22:49.0581971-03:00","level":"INFO","instance_id":"c8cdef81-4371-4930-9db2-fa5421175f42","message":"[c8cdef81-4371-4930-9db2-fa5421175f42] Client successfully validated - Connected: true"}
{"timestamp":"2026-08-04T16:22:50.5441238-03:00","level":"INFO","instance_id":"c8cdef81-4371-4930-9db2-fa5421175f42","message":"[c8cdef81-4371-4930-9db2-fa5421175f42] Checking client connection status - Client exists: true"}
{"timestamp":"2026-08-04T16:22:50.5441238-03:00","level":"INFO","instance_id":"c8cdef81-4371-4930-9db2-fa5421175f42","message":"[c8cdef81-4371-4930-9db2-fa5421175f42] Client successfully validated - Connected: true"}
{"timestamp":"2026-08-04T16:22:52.6670176-03:00","level":"INFO","instance_id":"c8cdef81-4371-4930-9db2-fa5421175f42","message":"[c8cdef81-4371-4930-9db2-fa5421175f42] Checking client connection status - Client exists: true"}
{"timestamp":"2026-08-04T16:22:52.6670176-03:00","level":"INFO","instance_id":"c8cdef81-4371-4930-9db2-fa5421175f42","message":"[c8cdef81-4371-4930-9db2-fa5421175f42] Client successfully validated - Connected: true"}
{"timestamp":"2026-08-04T16:22:54.1570934-03:00","level":"INFO","instance_id":"c8cdef81-4371-4930-9db2-fa5421175f42","message":"[c8cdef81-4371-4930-9db2-fa5421175f42] Checking client connection status - Client exists: true"}
{"timestamp":"2026-08-04T16:22:54.1570934-03:00","level":"INFO","instance_id":"c8cdef81-4371-4930-9db2-fa5421175f42","message":"[c8cdef81-4371-4930-9db2-fa5421175f42] Client successfully validated - Connected: true"}
{"timestamp":"2026-08-04T16:22:56.3035145-03:00","level":"INFO","instance_id":"c8cdef81-4371-4930-9db2-fa5421175f42","message":"[c8cdef81-4371-4930-9db2-fa5421175f42] Checking client connection status - Client exists: true"}
{"timestamp":"2026-08-04T16:22:56.3035145-03:00","level":"INFO","instance_id":"c8cdef81-4371-4930-9db2-fa5421175f42","message":"[c8cdef81-4371-4930-9db2-fa5421175f42] Client successfully validated - Connected: true"}
{"timestamp":"2026-08-04T16:22:57.9974426-03:00","level":"INFO","instance_id":"c8cdef81-4371-4930-9db2-fa5421175f42","message":"[c8cdef81-4371-4930-9db2-fa5421175f42] Checking client connection status - Client exists: true"}
{"timestamp":"2026-08-04T16:22:57.9974426-03:00","level":"INFO","instance_id":"c8cdef81-4371-4930-9db2-fa5421175f42","message":"[c8cdef81-4371-4930-9db2-fa5421175f42] Client successfully validated - Connected: true"}
{"timestamp":"2026-08-04T16:23:00.3093868-03:00","level":"INFO","instance_id":"c8cdef81-4371-4930-9db2-fa5421175f42","message":"[c8cdef81-4371-4930-9db2-fa5421175f42] Checking client connection status - Client exists: true"}
{"timestamp":"2026-08-04T16:23:00.3093868-03:00","level":"INFO","instance_id":"c8cdef81-4371-4930-9db2-fa5421175f42","message":"[c8cdef81-4371-4930-9db2-fa5421175f42] Client successfully validated - Connected: true"}
{"timestamp":"2026-08-04T16:23:02.0000463-03:00","level":"INFO","instance_id":"c8cdef81-4371-4930-9db2-fa5421175f42","message":"[c8cdef81-4371-4930-9db2-fa5421175f42] Checking client connection status - Client exists: true"}
{"timestamp":"2026-08-04T16:23:02.0000463-03:00","level":"INFO","instance_id":"c8cdef81-4371-4930-9db2-fa5421175f42","message":"[c8cdef81-4371-4930-9db2-fa5421175f42] Client successfully validated - Connected: true"}
{"timestamp":"2026-08-04T16:23:04.3130402-03:00","level":"INFO","instance_id":"c8cdef81-4371-4930-9db2-fa5421175f42","message":"[c8cdef81-4371-4930-9db2-fa5421175f42] Checking client connection status - Client exists: true"}
{"timestamp":"2026-08-04T16:23:04.3130402-03:00","level":"INFO","instance_id":"c8cdef81-4371-4930-9db2-fa5421175f42","message":"[c8cdef81-4371-4930-9db2-fa5421175f42] Client successfully validated - Connected: true"}
{"timestamp":"2026-08-04T16:23:04.8355563-03:00","level":"INFO","instance_id":"c8cdef81-4371-4930-9db2-fa5421175f42","message":"[c8cdef81-4371-4930-9db2-fa5421175f42] Checking client connection status - Client exists: true"}
{"timestamp":"2026-08-04T16:23:04.8355563-03:00","level":"INFO","instance_id":"c8cdef81-4371-4930-9db2-fa5421175f42","message":"[c8cdef81-4371-4930-9db2-fa5421175f42] Client successfully validated - Connected: true"}
{"timestamp":"2026-08-04T16:23:07.3192153-03:00","level":"INFO","instance_id":"c8cdef81-4371-4930-9db2-fa5421175f42","message":"[c8cdef81-4371-4930-9db2-fa5421175f42] Checking client connection status - Client exists: true"}
{"timestamp":"2026-08-04T16:23:07.3192153-03:00","level":"INFO","instance_id":"c8cdef81-4371-4930-9db2-fa5421175f42","message":"[c8cdef81-4371-4930-9db2-fa5421175f42] Client successfully validated - Connected: true"}
{"timestamp":"2026-08-04T16:23:08.9973542-03:00","level":"INFO","instance_id":"c8cdef81-4371-4930-9db2-fa5421175f42","message":"[c8cdef81-4371-4930-9db2-fa5421175f42] Checking client connection status - Client exists: true"}
{"timestamp":"2026-08-04T16:23:08.9973542-03:00","level":"INFO","instance_id":"c8cdef81-4371-4930-9db2-fa5421175f42","message":"[c8cdef81-4371-4930-9db2-fa5421175f42] Client successfully validated - Connected: true"}
{"timestamp":"2026-08-04T16:23:11.3089163-03:00","level":"INFO","instance_id":"c8cdef81-4371-4930-9db2-fa5421175f42","message":"[c8cdef81-4371-4930-9db2-fa5421175f42] Checking client connection status - Client exists: true"}
{"timestamp":"2026-08-04T16:23:11.3089163-03:00","level":"INFO","instance_id":"c8cdef81-4371-4930-9db2-fa5421175f42","message":"[c8cdef81-4371-4930-9db2-fa5421175f42] Client successfully validated - Connected: true"}
{"timestamp":"2026-08-04T16:23:13.0011999-03:00","level":"INFO","instance_id":"c8cdef81-4371-4930-9db2-fa5421175f42","message":"[c8cdef81-4371-4930-9db2-fa5421175f42] Checking client connection status - Client exists: true"}
{"timestamp":"2026-08-04T16:23:13.0011999-03:00","level":"INFO","instance_id":"c8cdef81-4371-4930-9db2-fa5421175f42","message":"[c8cdef81-4371-4930-9db2-fa5421175f42] Client successfully validated - Connected: true"}
{"timestamp":"2026-08-04T16:23:14.3062721-03:00","level":"INFO","instance_id":"c8cdef81-4371-4930-9db2-fa5421175f42","message":"[c8cdef81-4371-4930-9db2-fa5421175f42] Checking client connection status - Client exists: true"}
{"timestamp":"2026-08-04T16:23:14.3062721-03:00","level":"INFO","instance_id":"c8cdef81-4371-4930-9db2-fa5421175f42","message":"[c8cdef81-4371-4930-9db2-fa5421175f42] Client successfully validated - Connected: true"}
{"timestamp":"2026-08-04T16:23:16.000154-03:00","level":"INFO","instance_id":"c8cdef81-4371-4930-9db2-fa5421175f42","message":"[c8cdef81-4371-4930-9db2-fa5421175f42] Checking client connection status - Client exists: true"}
{"timestamp":"2026-08-04T16:23:16.000154-03:00","level":"INFO","instance_id":"c8cdef81-4371-4930-9db2-fa5421175f42","message":"[c8cdef81-4371-4930-9db2-fa5421175f42] Client successfully validated - Connected: true"}
{"timestamp":"2026-08-04T16:23:18.3143398-03:00","level":"INFO","instance_id":"c8cdef81-4371-4930-9db2-fa5421175f42","message":"[c8cdef81-4371-4930-9db2-fa5421175f42] Checking client connection status - Client exists: true"}
{"timestamp":"2026-08-04T16:23:18.3143398-03:00","level":"INFO","instance_id":"c8cdef81-4371-4930-9db2-fa5421175f42","message":"[c8cdef81-4371-4930-9db2-fa5421175f42] Client successfully validated - Connected: true"}
{"timestamp":"2026-08-04T16:23:20.0161434-03:00","level":"INFO","instance_id":"c8cdef81-4371-4930-9db2-fa5421175f42","message":"[c8cdef81-4371-4930-9db2-fa5421175f42] Checking client connection status - Client exists: true"}
{"timestamp":"2026-08-04T16:23:20.0161434-03:00","level":"INFO","instance_id":"c8cdef81-4371-4930-9db2-fa5421175f42","message":"[c8cdef81-4371-4930-9db2-fa5421175f42] Client successfully validated - Connected: true"}
{"timestamp":"2026-08-04T16:23:22.3220263-03:00","level":"INFO","instance_id":"c8cdef81-4371-4930-9db2-fa5421175f42","message":"[c8cdef81-4371-4930-9db2-fa5421175f42] Checking client connection status - Client exists: true"}
{"timestamp":"2026-08-04T16:23:22.3220263-03:00","level":"INFO","instance_id":"c8cdef81-4371-4930-9db2-fa5421175f42","message":"[c8cdef81-4371-4930-9db2-fa5421175f42] Client successfully validated - Connected: true"}
{"timestamp":"2026-08-04T16:23:22.8388338-03:00","level":"INFO","instance_id":"c8cdef81-4371-4930-9db2-fa5421175f42","message":"[c8cdef81-4371-4930-9db2-fa5421175f42] Checking client connection status - Client exists: true"}
{"timestamp":"2026-08-04T16:23:22.8388338-03:00","level":"INFO","instance_id":"c8cdef81-4371-4930-9db2-fa5421175f42","message":"[c8cdef81-4371-4930-9db2-fa5421175f42] Client successfully validated - Connected: true"}
{"timestamp":"2026-08-04T16:23:25.3185743-03:00","level":"INFO","instance_id":"c8cdef81-4371-4930-9db2-fa5421175f42","message":"[c8cdef81-4371-4930-9db2-fa5421175f42] Checking client connection status - Client exists: true"}
{"timestamp":"2026-08-04T16:23:25.3185743-03:00","level":"INFO","instance_id":"c8cdef81-4371-4930-9db2-fa5421175f42","message":"[c8cdef81-4371-4930-9db2-fa5421175f42] Client successfully validated - Connected: true"}
{"timestamp":"2026-08-04T16:23:26.9945091-03:00","level":"INFO","instance_id":"c8cdef81-4371-4930-9db2-fa5421175f42","message":"[c8cdef81-4371-4930-9db2-fa5421175f42] Checking client connection status - Client exists: true"}
{"timestamp":"2026-08-04T16:23:26.9945091-03:00","level":"INFO","instance_id":"c8cdef81-4371-4930-9db2-fa5421175f42","message":"[c8cdef81-4371-4930-9db2-fa5421175f42] Client successfully validated - Connected: true"}
{"timestamp":"2026-08-04T16:23:29.3136517-03:00","level":"INFO","instance_id":"c8cdef81-4371-4930-9db2-fa5421175f42","message":"[c8cdef81-4371-4930-9db2-fa5421175f42] Checking client connection status - Client exists: true"}
{"timestamp":"2026-08-04T16:23:29.3136517-03:00","level":"INFO","instance_id":"c8cdef81-4371-4930-9db2-fa5421175f42","message":"[c8cdef81-4371-4930-9db2-fa5421175f42] Client successfully validated - Connected: true"}
{"timestamp":"2026-08-04T16:23:30.9975139-03:00","level":"INFO","instance_id":"c8cdef81-4371-4930-9db2-fa5421175f42","message":"[c8cdef81-4371-4930-9db2-fa5421175f42] Checking client connection status - Client exists: true"}
{"timestamp":"2026-08-04T16:23:30.9975139-03:00","level":"INFO","instance_id":"c8cdef81-4371-4930-9db2-fa5421175f42","message":"[c8cdef81-4371-4930-9db2-fa5421175f42] Client successfully validated - Connected: true"}
{"timestamp":"2026-08-04T16:23:32.3135559-03:00","level":"INFO","instance_id":"c8cdef81-4371-4930-9db2-fa5421175f42","message":"[c8cdef81-4371-4930-9db2-fa5421175f42] Checking client connection status - Client exists: true"}
{"timestamp":"2026-08-04T16:23:32.3135559-03:00","level":"INFO","instance_id":"c8cdef81-4371-4930-9db2-fa5421175f42","message":"[c8cdef81-4371-4930-9db2-fa5421175f42] Client successfully validated - Connected: true"}
{"timestamp":"2026-08-04T16:23:34.001929-03:00","level":"INFO","instance_id":"c8cdef81-4371-4930-9db2-fa5421175f42","message":"[c8cdef81-4371-4930-9db2-fa5421175f42] Checking client connection status - Client exists: true"}
{"timestamp":"2026-08-04T16:23:34.001929-03:00","level":"INFO","instance_id":"c8cdef81-4371-4930-9db2-fa5421175f42","message":"[c8cdef81-4371-4930-9db2-fa5421175f42] Client successfully validated - Connected: true"}
{"timestamp":"2026-08-04T16:23:36.3181711-03:00","level":"INFO","instance_id":"c8cdef81-4371-4930-9db2-fa5421175f42","message":"[c8cdef81-4371-4930-9db2-fa5421175f42] Checking client connection status - Client exists: true"}
{"timestamp":"2026-08-04T16:23:36.3181711-03:00","level":"INFO","instance_id":"c8cdef81-4371-4930-9db2-fa5421175f42","message":"[c8cdef81-4371-4930-9db2-fa5421175f42] Client successfully validated - Connected: true"}
{"timestamp":"2026-08-04T16:23:37.9986358-03:00","level":"INFO","instance_id":"c8cdef81-4371-4930-9db2-fa5421175f42","message":"[c8cdef81-4371-4930-9db2-fa5421175f42] Checking client connection status - Client exists: true"}
{"timestamp":"2026-08-04T16:23:37.9986358-03:00","level":"INFO","instance_id":"c8cdef81-4371-4930-9db2-fa5421175f42","message":"[c8cdef81-4371-4930-9db2-fa5421175f42] Client successfully validated - Connected: true"}
{"timestamp":"2026-08-04T16:23:40.3128636-03:00","level":"INFO","instance_id":"c8cdef81-4371-4930-9db2-fa5421175f42","message":"[c8cdef81-4371-4930-9db2-fa5421175f42] Checking client connection status - Client exists: true"}
{"timestamp":"2026-08-04T16:23:40.313371-03:00","level":"INFO","instance_id":"c8cdef81-4371-4930-9db2-fa5421175f42","message":"[c8cdef81-4371-4930-9db2-fa5421175f42] Client successfully validated - Connected: true"}
{"timestamp":"2026-08-04T16:23:40.8358203-03:00","level":"INFO","instance_id":"c8cdef81-4371-4930-9db2-fa5421175f42","message":"[c8cdef81-4371-4930-9db2-fa5421175f42] Checking client connection status - Client exists: true"}
{"timestamp":"2026-08-04T16:23:40.8358203-03:00","level":"INFO","instance_id":"c8cdef81-4371-4930-9db2-fa5421175f42","message":"[c8cdef81-4371-4930-9db2-fa5421175f42] Client successfully validated - Connected: true"}
{"timestamp":"2026-08-04T16:23:43.314095-03:00","level":"INFO","instance_id":"c8cdef81-4371-4930-9db2-fa5421175f42","message":"[c8cdef81-4371-4930-9db2-fa5421175f42] Checking client connection status - Client exists: true"}
{"timestamp":"2026-08-04T16:23:43.314095-03:00","level":"INFO","instance_id":"c8cdef81-4371-4930-9db2-fa5421175f42","message":"[c8cdef81-4371-4930-9db2-fa5421175f42] Client successfully validated - Connected: true"}
{"timestamp":"2026-08-04T16:23:44.9979159-03:00","level":"INFO","instance_id":"c8cdef81-4371-4930-9db2-fa5421175f42","message":"[c8cdef81-4371-4930-9db2-fa5421175f42] Checking client connection status - Client exists: true"}
{"timestamp":"2026-08-04T16:23:44.9979159-03:00","level":"INFO","instance_id":"c8cdef81-4371-4930-9db2-fa5421175f42","message":"[c8cdef81-4371-4930-9db2-fa5421175f42] Client successfully validated - Connected: true"}
{"timestamp":"2026-08-04T16:23:47.3101238-03:00","level":"INFO","instance_id":"c8cdef81-4371-4930-9db2-fa5421175f42","message":"[c8cdef81-4371-4930-9db2-fa5421175f42] Checking client connection status - Client exists: true"}
{"timestamp":"2026-08-04T16:23:47.3101238-03:00","level":"INFO","instance_id":"c8cdef81-4371-4930-9db2-fa5421175f42","message":"[c8cdef81-4371-4930-9db2-fa5421175f42] Client successfully validated - Connected: true"}
{"timestamp":"2026-08-04T16:23:49.0066154-03:00","level":"INFO","instance_id":"c8cdef81-4371-4930-9db2-fa5421175f42","message":"[c8cdef81-4371-4930-9db2-fa5421175f42] Checking client connection status - Client exists: true"}
{"timestamp":"2026-08-04T16:23:49.0066154-03:00","level":"INFO","instance_id":"c8cdef81-4371-4930-9db2-fa5421175f42","message":"[c8cdef81-4371-4930-9db2-fa5421175f42] Client successfully validated - Connected: true"}
{"timestamp":"2026-08-04T16:23:50.3107221-03:00","level":"INFO","instance_id":"c8cdef81-4371-4930-9db2-fa5421175f42","message":"[c8cdef81-4371-4930-9db2-fa5421175f42] Checking client connection status - Client exists: true"}
{"timestamp":"2026-08-04T16:23:50.3107221-03:00","level":"INFO","instance_id":"c8cdef81-4371-4930-9db2-fa5421175f42","message":"[c8cdef81-4371-4930-9db2-fa5421175f42] Client successfully validated - Connected: true"}
{"timestamp":"2026-08-04T16:23:52.0094942-03:00","level":"INFO","instance_id":"c8cdef81-4371-4930-9db2-fa5421175f42","message":"[c8cdef81-4371-4930-9db2-fa5421175f42] Checking client connection status - Client exists: true"}
{"timestamp":"2026-08-04T16:23:52.0094942-03:00","level":"INFO","instance_id":"c8cdef81-4371-4930-9db2-fa5421175f42","message":"[c8cdef81-4371-4930-9db2-fa5421175f42] Client successfully validated - Connected: true"}
{"timestamp":"2026-08-04T16:23:54.3074438-03:00","level":"INFO","instance_id":"c8cdef81-4371-4930-9db2-fa5421175f42","message":"[c8cdef81-4371-4930-9db2-fa5421175f42] Checking client connection status - Client exists: true"}
{"timestamp":"2026-08-04T16:23:54.3074438-03:00","level":"INFO","instance_id":"c8cdef81-4371-4930-9db2-fa5421175f42","message":"[c8cdef81-4371-4930-9db2-fa5421175f42] Client successfully validated - Connected: true"}
{"timestamp":"2026-08-04T16:23:56.0164214-03:00","level":"INFO","instance_id":"c8cdef81-4371-4930-9db2-fa5421175f42","message":"[c8cdef81-4371-4930-9db2-fa5421175f42] Checking client connection status - Client exists: true"}
{"timestamp":"2026-08-04T16:23:56.0164214-03:00","level":"INFO","instance_id":"c8cdef81-4371-4930-9db2-fa5421175f42","message":"[c8cdef81-4371-4930-9db2-fa5421175f42] Client successfully validated - Connected: true"}
{"timestamp":"2026-08-04T16:24:31.3747643-03:00","level":"INFO","instance_id":"c8cdef81-4371-4930-9db2-fa5421175f42","message":"[c8cdef81-4371-4930-9db2-fa5421175f42] Checking client connection status - Client exists: true"}
{"timestamp":"2026-08-04T16:24:31.3747643-03:00","level":"INFO","instance_id":"c8cdef81-4371-4930-9db2-fa5421175f42","message":"[c8cdef81-4371-4930-9db2-fa5421175f42] Client successfully validated - Connected: true"}
{"timestamp":"2026-08-04T16:24:31.8549796-03:00","level":"INFO","instance_id":"c8cdef81-4371-4930-9db2-fa5421175f42","message":"[c8cdef81-4371-4930-9db2-fa5421175f42] Checking client connection status - Client exists: true"}
{"timestamp":"2026-08-04T16:24:31.8549796-03:00","level":"INFO","instance_id":"c8cdef81-4371-4930-9db2-fa5421175f42","message":"[c8cdef81-4371-4930-9db2-fa5421175f42] Client successfully validated - Connected: true"}
{"timestamp":"2026-08-04T16:24:33.1596244-03:00","level":"INFO","instance_id":"c8cdef81-4371-4930-9db2-fa5421175f42","message":"[c8cdef81-4371-4930-9db2-fa5421175f42] Checking client connection status - Client exists: true"}
{"timestamp":"2026-08-04T16:24:33.1596244-03:00","level":"INFO","instance_id":"c8cdef81-4371-4930-9db2-fa5421175f42","message":"[c8cdef81-4371-4930-9db2-fa5421175f42] Client successfully validated - Connected: true"}
{"timestamp":"2026-08-04T16:24:34.8096269-03:00","level":"INFO","instance_id":"c8cdef81-4371-4930-9db2-fa5421175f42","message":"[c8cdef81-4371-4930-9db2-fa5421175f42] Checking client connection status - Client exists: true"}
{"timestamp":"2026-08-04T16:24:34.8096269-03:00","level":"INFO","instance_id":"c8cdef81-4371-4930-9db2-fa5421175f42","message":"[c8cdef81-4371-4930-9db2-fa5421175f42] Client successfully validated - Connected: true"}
{"timestamp":"2026-08-04T16:24:36.9306433-03:00","level":"INFO","instance_id":"c8cdef81-4371-4930-9db2-fa5421175f42","message":"[c8cdef81-4371-4930-9db2-fa5421175f42] Checking client connection status - Client exists: true"}
{"timestamp":"2026-08-04T16:24:36.9306433-03:00","level":"INFO","instance_id":"c8cdef81-4371-4930-9db2-fa5421175f42","message":"[c8cdef81-4371-4930-9db2-fa5421175f42] Client successfully validated - Connected: true"}
{"timestamp":"2026-08-04T16:24:38.404709-03:00","level":"INFO","instance_id":"c8cdef81-4371-4930-9db2-fa5421175f42","message":"[c8cdef81-4371-4930-9db2-fa5421175f42] Checking client connection status - Client exists: true"}
{"timestamp":"2026-08-04T16:24:38.404709-03:00","level":"INFO","instance_id":"c8cdef81-4371-4930-9db2-fa5421175f42","message":"[c8cdef81-4371-4930-9db2-fa5421175f42] Client successfully validated - Connected: true"}
{"timestamp":"2026-08-04T16:24:40.508679-03:00","level":"INFO","instance_id":"c8cdef81-4371-4930-9db2-fa5421175f42","message":"[c8cdef81-4371-4930-9db2-fa5421175f42] Checking client connection status - Client exists: true"}
{"timestamp":"2026-08-04T16:24:40.508679-03:00","level":"INFO","instance_id":"c8cdef81-4371-4930-9db2-fa5421175f42","message":"[c8cdef81-4371-4930-9db2-fa5421175f42] Client successfully validated - Connected: true"}
{"timestamp":"2026-08-04T16:24:42.0155799-03:00","level":"INFO","instance_id":"c8cdef81-4371-4930-9db2-fa5421175f42","message":"[c8cdef81-4371-4930-9db2-fa5421175f42] Checking client connection status - Client exists: true"}
{"timestamp":"2026-08-04T16:24:42.0155799-03:00","level":"INFO","instance_id":"c8cdef81-4371-4930-9db2-fa5421175f42","message":"[c8cdef81-4371-4930-9db2-fa5421175f42] Client successfully validated - Connected: true"}
{"timestamp":"2026-08-04T16:24:44.1368837-03:00","level":"INFO","instance_id":"c8cdef81-4371-4930-9db2-fa5421175f42","message":"[c8cdef81-4371-4930-9db2-fa5421175f42] Checking client connection status - Client exists: true"}
{"timestamp":"2026-08-04T16:24:44.1368837-03:00","level":"INFO","instance_id":"c8cdef81-4371-4930-9db2-fa5421175f42","message":"[c8cdef81-4371-4930-9db2-fa5421175f42] Client successfully validated - Connected: true"}
{"timestamp":"2026-08-04T16:24:45.6119774-03:00","level":"INFO","instance_id":"c8cdef81-4371-4930-9db2-fa5421175f42","message":"[c8cdef81-4371-4930-9db2-fa5421175f42] Checking client connection status - Client exists: true"}
{"timestamp":"2026-08-04T16:24:45.6119774-03:00","level":"INFO","instance_id":"c8cdef81-4371-4930-9db2-fa5421175f42","message":"[c8cdef81-4371-4930-9db2-fa5421175f42] Client successfully validated - Connected: true"}
{"timestamp":"2026-08-04T16:24:47.7572836-03:00","level":"INFO","instance_id":"c8cdef81-4371-4930-9db2-fa5421175f42","message":"[c8cdef81-4371-4930-9db2-fa5421175f42] Checking client connection status - Client exists: true"}
{"timestamp":"2026-08-04T16:24:47.7572836-03:00","level":"INFO","instance_id":"c8cdef81-4371-4930-9db2-fa5421175f42","message":"[c8cdef81-4371-4930-9db2-fa5421175f42] Client successfully validated - Connected: true"}
{"timestamp":"2026-08-04T16:24:49.2173107-03:00","level":"INFO","instance_id":"c8cdef81-4371-4930-9db2-fa5421175f42","message":"[c8cdef81-4371-4930-9db2-fa5421175f42] Checking client connection status - Client exists: true"}
{"timestamp":"2026-08-04T16:24:49.2173107-03:00","level":"INFO","instance_id":"c8cdef81-4371-4930-9db2-fa5421175f42","message":"[c8cdef81-4371-4930-9db2-fa5421175f42] Client successfully validated - Connected: true"}
{"timestamp":"2026-08-04T16:24:51.312089-03:00","level":"INFO","instance_id":"c8cdef81-4371-4930-9db2-fa5421175f42","message":"[c8cdef81-4371-4930-9db2-fa5421175f42] Checking client connection status - Client exists: true"}
{"timestamp":"2026-08-04T16:24:51.312089-03:00","level":"INFO","instance_id":"c8cdef81-4371-4930-9db2-fa5421175f42","message":"[c8cdef81-4371-4930-9db2-fa5421175f42] Client successfully validated - Connected: true"}
{"timestamp":"2026-08-04T16:24:52.8074257-03:00","level":"INFO","instance_id":"c8cdef81-4371-4930-9db2-fa5421175f42","message":"[c8cdef81-4371-4930-9db2-fa5421175f42] Checking client connection status - Client exists: true"}
{"timestamp":"2026-08-04T16:24:52.8074257-03:00","level":"INFO","instance_id":"c8cdef81-4371-4930-9db2-fa5421175f42","message":"[c8cdef81-4371-4930-9db2-fa5421175f42] Client successfully validated - Connected: true"}
{"timestamp":"2026-08-04T16:24:54.9215664-03:00","level":"INFO","instance_id":"c8cdef81-4371-4930-9db2-fa5421175f42","message":"[c8cdef81-4371-4930-9db2-fa5421175f42] Checking client connection status - Client exists: true"}
{"timestamp":"2026-08-04T16:24:54.9215664-03:00","level":"INFO","instance_id":"c8cdef81-4371-4930-9db2-fa5421175f42","message":"[c8cdef81-4371-4930-9db2-fa5421175f42] Client successfully validated - Connected: true"}
{"timestamp":"2026-08-04T16:24:56.4169924-03:00","level":"INFO","instance_id":"c8cdef81-4371-4930-9db2-fa5421175f42","message":"[c8cdef81-4371-4930-9db2-fa5421175f42] Checking client connection status - Client exists: true"}
{"timestamp":"2026-08-04T16:24:56.4169924-03:00","level":"INFO","instance_id":"c8cdef81-4371-4930-9db2-fa5421175f42","message":"[c8cdef81-4371-4930-9db2-fa5421175f42] Client successfully validated - Connected: true"}
{"timestamp":"2026-08-04T16:24:58.5237464-03:00","level":"INFO","instance_id":"c8cdef81-4371-4930-9db2-fa5421175f42","message":"[c8cdef81-4371-4930-9db2-fa5421175f42] Checking client connection status - Client exists: true"}
{"timestamp":"2026-08-04T16:24:58.5237464-03:00","level":"INFO","instance_id":"c8cdef81-4371-4930-9db2-fa5421175f42","message":"[c8cdef81-4371-4930-9db2-fa5421175f42] Client successfully validated - Connected: true"}
{"timestamp":"2026-08-04T16:25:00.031985-03:00","level":"INFO","instance_id":"c8cdef81-4371-4930-9db2-fa5421175f42","message":"[c8cdef81-4371-4930-9db2-fa5421175f42] Checking client connection status - Client exists: true"}
{"timestamp":"2026-08-04T16:25:00.031985-03:00","level":"INFO","instance_id":"c8cdef81-4371-4930-9db2-fa5421175f42","message":"[c8cdef81-4371-4930-9db2-fa5421175f42] Client successfully validated - Connected: true"}
{"timestamp":"2026-08-04T16:25:02.1521772-03:00","level":"INFO","instance_id":"c8cdef81-4371-4930-9db2-fa5421175f42","message":"[c8cdef81-4371-4930-9db2-fa5421175f42] Checking client connection status - Client exists: true"}
{"timestamp":"2026-08-04T16:25:02.1521772-03:00","level":"INFO","instance_id":"c8cdef81-4371-4930-9db2-fa5421175f42","message":"[c8cdef81-4371-4930-9db2-fa5421175f42] Client successfully validated - Connected: true"}
{"timestamp":"2026-08-04T16:25:03.6195536-03:00","level":"INFO","instance_id":"c8cdef81-4371-4930-9db2-fa5421175f42","message":"[c8cdef81-4371-4930-9db2-fa5421175f42] Checking client connection status - Client exists: true"}
{"timestamp":"2026-08-04T16:25:03.6195536-03:00","level":"INFO","instance_id":"c8cdef81-4371-4930-9db2-fa5421175f42","message":"[c8cdef81-4371-4930-9db2-fa5421175f42] Client successfully validated - Connected: true"}
{"timestamp":"2026-08-04T16:25:05.8701405-03:00","level":"INFO","instance_id":"c8cdef81-4371-4930-9db2-fa5421175f42","message":"[c8cdef81-4371-4930-9db2-fa5421175f42] Checking client connection status - Client exists: true"}
{"timestamp":"2026-08-04T16:25:05.8701405-03:00","level":"INFO","instance_id":"c8cdef81-4371-4930-9db2-fa5421175f42","message":"[c8cdef81-4371-4930-9db2-fa5421175f42] Client successfully validated - Connected: true"}
{"timestamp":"2026-08-04T16:25:07.2232527-03:00","level":"INFO","instance_id":"c8cdef81-4371-4930-9db2-fa5421175f42","message":"[c8cdef81-4371-4930-9db2-fa5421175f42] Checking client connection status - Client exists: true"}
{"timestamp":"2026-08-04T16:25:07.2232527-03:00","level":"INFO","instance_id":"c8cdef81-4371-4930-9db2-fa5421175f42","message":"[c8cdef81-4371-4930-9db2-fa5421175f42] Client successfully validated - Connected: true"}
{"timestamp":"2026-08-04T16:25:09.3301171-03:00","level":"INFO","instance_id":"c8cdef81-4371-4930-9db2-fa5421175f42","message":"[c8cdef81-4371-4930-9db2-fa5421175f42] Checking client connection status - Client exists: true"}
{"timestamp":"2026-08-04T16:25:09.3301171-03:00","level":"INFO","instance_id":"c8cdef81-4371-4930-9db2-fa5421175f42","message":"[c8cdef81-4371-4930-9db2-fa5421175f42] Client successfully validated - Connected: true"}
{"timestamp":"2026-08-04T16:25:10.9958181-03:00","level":"INFO","instance_id":"c8cdef81-4371-4930-9db2-fa5421175f42","message":"[c8cdef81-4371-4930-9db2-fa5421175f42] Checking client connection status - Client exists: true"}
{"timestamp":"2026-08-04T16:25:10.9958181-03:00","level":"INFO","instance_id":"c8cdef81-4371-4930-9db2-fa5421175f42","message":"[c8cdef81-4371-4930-9db2-fa5421175f42] Client successfully validated - Connected: true"}
{"timestamp":"2026-08-04T16:25:13.3105293-03:00","level":"INFO","instance_id":"c8cdef81-4371-4930-9db2-fa5421175f42","message":"[c8cdef81-4371-4930-9db2-fa5421175f42] Checking client connection status - Client exists: true"}
{"timestamp":"2026-08-04T16:25:13.3105293-03:00","level":"INFO","instance_id":"c8cdef81-4371-4930-9db2-fa5421175f42","message":"[c8cdef81-4371-4930-9db2-fa5421175f42] Client successfully validated - Connected: true"}
{"timestamp":"2026-08-04T16:25:15.0122074-03:00","level":"INFO","instance_id":"c8cdef81-4371-4930-9db2-fa5421175f42","message":"[c8cdef81-4371-4930-9db2-fa5421175f42] Checking client connection status - Client exists: true"}
{"timestamp":"2026-08-04T16:25:15.0163921-03:00","level":"INFO","instance_id":"c8cdef81-4371-4930-9db2-fa5421175f42","message":"[c8cdef81-4371-4930-9db2-fa5421175f42] Client successfully validated - Connected: true"}
{"timestamp":"2026-08-04T16:25:17.3142224-03:00","level":"INFO","instance_id":"c8cdef81-4371-4930-9db2-fa5421175f42","message":"[c8cdef81-4371-4930-9db2-fa5421175f42] Checking client connection status - Client exists: true"}
{"timestamp":"2026-08-04T16:25:17.3142224-03:00","level":"INFO","instance_id":"c8cdef81-4371-4930-9db2-fa5421175f42","message":"[c8cdef81-4371-4930-9db2-fa5421175f42] Client successfully validated - Connected: true"}
{"timestamp":"2026-08-04T16:25:18.9951866-03:00","level":"INFO","instance_id":"c8cdef81-4371-4930-9db2-fa5421175f42","message":"[c8cdef81-4371-4930-9db2-fa5421175f42] Checking client connection status - Client exists: true"}
{"timestamp":"2026-08-04T16:25:18.9951866-03:00","level":"INFO","instance_id":"c8cdef81-4371-4930-9db2-fa5421175f42","message":"[c8cdef81-4371-4930-9db2-fa5421175f42] Client successfully validated - Connected: true"}
{"timestamp":"2026-08-04T16:25:20.3156834-03:00","level":"INFO","instance_id":"c8cdef81-4371-4930-9db2-fa5421175f42","message":"[c8cdef81-4371-4930-9db2-fa5421175f42] Checking client connection status - Client exists: true"}
{"timestamp":"2026-08-04T16:25:20.3156834-03:00","level":"INFO","instance_id":"c8cdef81-4371-4930-9db2-fa5421175f42","message":"[c8cdef81-4371-4930-9db2-fa5421175f42] Client successfully validated - Connected: true"}
{"timestamp":"2026-08-04T16:25:22.0000203-03:00","level":"INFO","instance_id":"c8cdef81-4371-4930-9db2-fa5421175f42","message":"[c8cdef81-4371-4930-9db2-fa5421175f42] Checking client connection status - Client exists: true"}
{"timestamp":"2026-08-04T16:25:22.0005251-03:00","level":"INFO","instance_id":"c8cdef81-4371-4930-9db2-fa5421175f42","message":"[c8cdef81-4371-4930-9db2-fa5421175f42] Client successfully validated - Connected: true"}
{"timestamp":"2026-08-04T16:25:24.3216969-03:00","level":"INFO","instance_id":"c8cdef81-4371-4930-9db2-fa5421175f42","message":"[c8cdef81-4371-4930-9db2-fa5421175f42] Checking client connection status - Client exists: true"}
{"timestamp":"2026-08-04T16:25:24.3216969-03:00","level":"INFO","instance_id":"c8cdef81-4371-4930-9db2-fa5421175f42","message":"[c8cdef81-4371-4930-9db2-fa5421175f42] Client successfully validated - Connected: true"}
{"timestamp":"2026-08-04T16:25:26.0101497-03:00","level":"INFO","instance_id":"c8cdef81-4371-4930-9db2-fa5421175f42","message":"[c8cdef81-4371-4930-9db2-fa5421175f42] Checking client connection status - Client exists: true"}
{"timestamp":"2026-08-04T16:25:26.0101497-03:00","level":"INFO","instance_id":"c8cdef81-4371-4930-9db2-fa5421175f42","message":"[c8cdef81-4371-4930-9db2-fa5421175f42] Client successfully validated - Connected: true"}
{"timestamp":"2026-08-04T16:25:28.3110555-03:00","level":"INFO","instance_id":"c8cdef81-4371-4930-9db2-fa5421175f42","message":"[c8cdef81-4371-4930-9db2-fa5421175f42] Checking client connection status - Client exists: true"}
{"timestamp":"2026-08-04T16:25:28.3110555-03:00","level":"INFO","instance_id":"c8cdef81-4371-4930-9db2-fa5421175f42","message":"[c8cdef81-4371-4930-9db2-fa5421175f42] Client successfully validated - Connected: true"}
{"timestamp":"2026-08-04T16:25:28.8355011-03:00","level":"INFO","instance_id":"c8cdef81-4371-4930-9db2-fa5421175f42","message":"[c8cdef81-4371-4930-9db2-fa5421175f42] Checking client connection status - Client exists: true"}
{"timestamp":"2026-08-04T16:25:28.8355011-03:00","level":"INFO","instance_id":"c8cdef81-4371-4930-9db2-fa5421175f42","message":"[c8cdef81-4371-4930-9db2-fa5421175f42] Client successfully validated - Connected: true"}
{"timestamp":"2026-08-04T16:25:31.3046065-03:00","level":"INFO","instance_id":"c8cdef81-4371-4930-9db2-fa5421175f42","message":"[c8cdef81-4371-4930-9db2-fa5421175f42] Checking client connection status - Client exists: true"}
{"timestamp":"2026-08-04T16:25:31.3046065-03:00","level":"INFO","instance_id":"c8cdef81-4371-4930-9db2-fa5421175f42","message":"[c8cdef81-4371-4930-9db2-fa5421175f42] Client successfully validated - Connected: true"}
{"timestamp":"2026-08-04T16:25:32.9974383-03:00","level":"INFO","instance_id":"c8cdef81-4371-4930-9db2-fa5421175f42","message":"[c8cdef81-4371-4930-9db2-fa5421175f42] Checking client connection status - Client exists: true"}
{"timestamp":"2026-08-04T16:25:32.9974383-03:00","level":"INFO","instance_id":"c8cdef81-4371-4930-9db2-fa5421175f42","message":"[c8cdef81-4371-4930-9db2-fa5421175f42] Client successfully validated - Connected: true"}
{"timestamp":"2026-08-04T16:25:35.3043198-03:00","level":"INFO","instance_id":"c8cdef81-4371-4930-9db2-fa5421175f42","message":"[c8cdef81-4371-4930-9db2-fa5421175f42] Checking client connection status - Client exists: true"}
{"timestamp":"2026-08-04T16:25:35.3043198-03:00","level":"INFO","instance_id":"c8cdef81-4371-4930-9db2-fa5421175f42","message":"[c8cdef81-4371-4930-9db2-fa5421175f42] Client successfully validated - Connected: true"}
{"timestamp":"2026-08-04T16:25:37.0046615-03:00","level":"INFO","instance_id":"c8cdef81-4371-4930-9db2-fa5421175f42","message":"[c8cdef81-4371-4930-9db2-fa5421175f42] Checking client connection status - Client exists: true"}
{"timestamp":"2026-08-04T16:25:37.0046615-03:00","level":"INFO","instance_id":"c8cdef81-4371-4930-9db2-fa5421175f42","message":"[c8cdef81-4371-4930-9db2-fa5421175f42] Client successfully validated - Connected: true"}
{"timestamp":"2026-08-04T16:25:38.3057844-03:00","level":"INFO","instance_id":"c8cdef81-4371-4930-9db2-fa5421175f42","message":"[c8cdef81-4371-4930-9db2-fa5421175f42] Checking client connection status - Client exists: true"}
{"timestamp":"2026-08-04T16:25:38.3057844-03:00","level":"INFO","instance_id":"c8cdef81-4371-4930-9db2-fa5421175f42","message":"[c8cdef81-4371-4930-9db2-fa5421175f42] Client successfully validated - Connected: true"}
{"timestamp":"2026-08-04T16:25:39.9935646-03:00","level":"INFO","instance_id":"c8cdef81-4371-4930-9db2-fa5421175f42","message":"[c8cdef81-4371-4930-9db2-fa5421175f42] Checking client connection status - Client exists: true"}
{"timestamp":"2026-08-04T16:25:39.9935646-03:00","level":"INFO","instance_id":"c8cdef81-4371-4930-9db2-fa5421175f42","message":"[c8cdef81-4371-4930-9db2-fa5421175f42] Client successfully validated - Connected: true"}
{"timestamp":"2026-08-04T16:25:42.311788-03:00","level":"INFO","instance_id":"c8cdef81-4371-4930-9db2-fa5421175f42","message":"[c8cdef81-4371-4930-9db2-fa5421175f42] Checking client connection status - Client exists: true"}
{"timestamp":"2026-08-04T16:25:42.311788-03:00","level":"INFO","instance_id":"c8cdef81-4371-4930-9db2-fa5421175f42","message":"[c8cdef81-4371-4930-9db2-fa5421175f42] Client successfully validated - Connected: true"}
{"timestamp":"2026-08-04T16:25:43.9967246-03:00","level":"INFO","instance_id":"c8cdef81-4371-4930-9db2-fa5421175f42","message":"[c8cdef81-4371-4930-9db2-fa5421175f42] Checking client connection status - Client exists: true"}
{"timestamp":"2026-08-04T16:25:43.9967246-03:00","level":"INFO","instance_id":"c8cdef81-4371-4930-9db2-fa5421175f42","message":"[c8cdef81-4371-4930-9db2-fa5421175f42] Client successfully validated - Connected: true"}
{"timestamp":"2026-08-04T16:25:46.3119195-03:00","level":"INFO","instance_id":"c8cdef81-4371-4930-9db2-fa5421175f42","message":"[c8cdef81-4371-4930-9db2-fa5421175f42] Checking client connection status - Client exists: true"}
{"timestamp":"2026-08-04T16:25:46.3119195-03:00","level":"INFO","instance_id":"c8cdef81-4371-4930-9db2-fa5421175f42","message":"[c8cdef81-4371-4930-9db2-fa5421175f42] Client successfully validated - Connected: true"}
{"timestamp":"2026-08-04T16:25:46.8520084-03:00","level":"INFO","instance_id":"c8cdef81-4371-4930-9db2-fa5421175f42","message":"[c8cdef81-4371-4930-9db2-fa5421175f42] Checking client connection status - Client exists: true"}
{"timestamp":"2026-08-04T16:25:46.8520084-03:00","level":"INFO","instance_id":"c8cdef81-4371-4930-9db2-fa5421175f42","message":"[c8cdef81-4371-4930-9db2-fa5421175f42] Client successfully validated - Connected: true"}
{"timestamp":"2026-08-04T16:25:49.3060023-03:00","level":"INFO","instance_id":"c8cdef81-4371-4930-9db2-fa5421175f42","message":"[c8cdef81-4371-4930-9db2-fa5421175f42] Checking client connection status - Client exists: true"}
{"timestamp":"2026-08-04T16:25:49.3060023-03:00","level":"INFO","instance_id":"c8cdef81-4371-4930-9db2-fa5421175f42","message":"[c8cdef81-4371-4930-9db2-fa5421175f42] Client successfully validated - Connected: true"}
{"timestamp":"2026-08-04T16:25:50.9920527-03:00","level":"INFO","instance_id":"c8cdef81-4371-4930-9db2-fa5421175f42","message":"[c8cdef81-4371-4930-9db2-fa5421175f42] Checking client connection status - Client exists: true"}
{"timestamp":"2026-08-04T16:25:50.9920527-03:00","level":"INFO","instance_id":"c8cdef81-4371-4930-9db2-fa5421175f42","message":"[c8cdef81-4371-4930-9db2-fa5421175f42] Client successfully validated - Connected: true"}
{"timestamp":"2026-08-04T16:25:53.3060248-03:00","level":"INFO","instance_id":"c8cdef81-4371-4930-9db2-fa5421175f42","message":"[c8cdef81-4371-4930-9db2-fa5421175f42] Checking client connection status - Client exists: true"}
{"timestamp":"2026-08-04T16:25:53.3060248-03:00","level":"INFO","instance_id":"c8cdef81-4371-4930-9db2-fa5421175f42","message":"[c8cdef81-4371-4930-9db2-fa5421175f42] Client successfully validated - Connected: true"}
{"timestamp":"2026-08-04T16:25:53.4145496-03:00","level":"WARN","instance_id":"c8cdef81-4371-4930-9db2-fa5421175f42","message":"[c8cdef81-4371-4930-9db2-fa5421175f42] Unhandled event *events.BusinessName: \u0026{JID:275578087297177@lid Message:0x260daeb0c008 OldBusinessName: NewBusinessName:estou broqueado}"}
{"timestamp":"2026-08-04T16:25:53.7236067-03:00","level":"INFO","instance_id":"c8cdef81-4371-4930-9db2-fa5421175f42","message":"[c8cdef81-4371-4930-9db2-fa5421175f42] ===== DISPATCHING WEBHOOK ===== Event: PushName, Queue: c8cdef81-4371-4930-9db2-fa5421175f42.pushname, DataSize: 1256 bytes"}
{"timestamp":"2026-08-04T16:25:53.7236067-03:00","level":"INFO","instance_id":"c8cdef81-4371-4930-9db2-fa5421175f42","message":"[c8cdef81-4371-4930-9db2-fa5421175f42] subscriptions [MESSAGE] eventType PushName"}
{"timestamp":"2026-08-04T16:25:54.7805968-03:00","level":"INFO","instance_id":"c8cdef81-4371-4930-9db2-fa5421175f42","message":"[c8cdef81-4371-4930-9db2-fa5421175f42] ===== MESSAGE RECEIVED ===== ID: A5A4E92EB1A34B76E99C9707E6B2A686, From: 120363393498777562@g.us, Type: text, Size: unknown"}
{"timestamp":"2026-08-04T16:25:54.7805968-03:00","level":"INFO","instance_id":"c8cdef81-4371-4930-9db2-fa5421175f42","message":"[c8cdef81-4371-4930-9db2-fa5421175f42] Detected LID/WhatsApp JID swap case - Sender: 275578087297177@lid, SenderAlt: 556292617864@s.whatsapp.net"}
{"timestamp":"2026-08-04T16:25:54.7805968-03:00","level":"INFO","instance_id":"c8cdef81-4371-4930-9db2-fa5421175f42","message":"[c8cdef81-4371-4930-9db2-fa5421175f42] JID swap completed - New Sender: 556292617864@s.whatsapp.net, New SenderAlt: 275578087297177@lid, New Chat: 120363393498777562@g.us"}
{"timestamp":"2026-08-04T16:25:54.7805968-03:00","level":"INFO","instance_id":"c8cdef81-4371-4930-9db2-fa5421175f42","message":"[c8cdef81-4371-4930-9db2-fa5421175f42] Message ignored because it's a unknown protocol message"}
{"timestamp":"2026-08-04T16:25:54.9950648-03:00","level":"INFO","instance_id":"c8cdef81-4371-4930-9db2-fa5421175f42","message":"[c8cdef81-4371-4930-9db2-fa5421175f42] Checking client connection status - Client exists: true"}
{"timestamp":"2026-08-04T16:25:54.9950648-03:00","level":"INFO","instance_id":"c8cdef81-4371-4930-9db2-fa5421175f42","message":"[c8cdef81-4371-4930-9db2-fa5421175f42] Client successfully validated - Connected: true"}
{"timestamp":"2026-08-04T16:25:55.7601145-03:00","level":"INFO","instance_id":"c8cdef81-4371-4930-9db2-fa5421175f42","message":"[c8cdef81-4371-4930-9db2-fa5421175f42] ===== MESSAGE RECEIVED ===== ID: A5A4E92EB1A34B76E99C9707E6B2A686, From: 120363393498777562@g.us, Type: text, Size: unknown"}
{"timestamp":"2026-08-04T16:25:55.7611889-03:00","level":"INFO","instance_id":"c8cdef81-4371-4930-9db2-fa5421175f42","message":"[c8cdef81-4371-4930-9db2-fa5421175f42] Detected LID/WhatsApp JID swap case - Sender: 275578087297177@lid, SenderAlt: 556292617864@s.whatsapp.net"}
{"timestamp":"2026-08-04T16:25:55.7611889-03:00","level":"INFO","instance_id":"c8cdef81-4371-4930-9db2-fa5421175f42","message":"[c8cdef81-4371-4930-9db2-fa5421175f42] JID swap completed - New Sender: 556292617864@s.whatsapp.net, New SenderAlt: 275578087297177@lid, New Chat: 120363393498777562@g.us"}
{"timestamp":"2026-08-04T16:25:56.3224037-03:00","level":"INFO","instance_id":"c8cdef81-4371-4930-9db2-fa5421175f42","message":"[c8cdef81-4371-4930-9db2-fa5421175f42] Checking client connection status - Client exists: true"}
{"timestamp":"2026-08-04T16:25:56.3224037-03:00","level":"INFO","instance_id":"c8cdef81-4371-4930-9db2-fa5421175f42","message":"[c8cdef81-4371-4930-9db2-fa5421175f42] Client successfully validated - Connected: true"}
{"timestamp":"2026-08-04T16:25:58.0051189-03:00","level":"INFO","instance_id":"c8cdef81-4371-4930-9db2-fa5421175f42","message":"[c8cdef81-4371-4930-9db2-fa5421175f42] Checking client connection status - Client exists: true"}
{"timestamp":"2026-08-04T16:25:58.0051189-03:00","level":"INFO","instance_id":"c8cdef81-4371-4930-9db2-fa5421175f42","message":"[c8cdef81-4371-4930-9db2-fa5421175f42] Client successfully validated - Connected: true"}
{"timestamp":"2026-08-04T16:26:00.3075531-03:00","level":"INFO","instance_id":"c8cdef81-4371-4930-9db2-fa5421175f42","message":"[c8cdef81-4371-4930-9db2-fa5421175f42] Checking client connection status - Client exists: true"}
{"timestamp":"2026-08-04T16:26:00.3075531-03:00","level":"INFO","instance_id":"c8cdef81-4371-4930-9db2-fa5421175f42","message":"[c8cdef81-4371-4930-9db2-fa5421175f42] Client successfully validated - Connected: true"}
{"timestamp":"2026-08-04T16:26:01.9988283-03:00","level":"INFO","instance_id":"c8cdef81-4371-4930-9db2-fa5421175f42","message":"[c8cdef81-4371-4930-9db2-fa5421175f42] Checking client connection status - Client exists: true"}
{"timestamp":"2026-08-04T16:26:01.9988283-03:00","level":"INFO","instance_id":"c8cdef81-4371-4930-9db2-fa5421175f42","message":"[c8cdef81-4371-4930-9db2-fa5421175f42] Client successfully validated - Connected: true"}
{"timestamp":"2026-08-04T16:26:04.3029008-03:00","level":"INFO","instance_id":"c8cdef81-4371-4930-9db2-fa5421175f42","message":"[c8cdef81-4371-4930-9db2-fa5421175f42] Checking client connection status - Client exists: true"}
{"timestamp":"2026-08-04T16:26:04.3029008-03:00","level":"INFO","instance_id":"c8cdef81-4371-4930-9db2-fa5421175f42","message":"[c8cdef81-4371-4930-9db2-fa5421175f42] Client successfully validated - Connected: true"}
{"timestamp":"2026-08-04T16:26:04.8482606-03:00","level":"INFO","instance_id":"c8cdef81-4371-4930-9db2-fa5421175f42","message":"[c8cdef81-4371-4930-9db2-fa5421175f42] Checking client connection status - Client exists: true"}
{"timestamp":"2026-08-04T16:26:04.8482606-03:00","level":"INFO","instance_id":"c8cdef81-4371-4930-9db2-fa5421175f42","message":"[c8cdef81-4371-4930-9db2-fa5421175f42] Client successfully validated - Connected: true"}
{"timestamp":"2026-08-04T16:26:07.3050772-03:00","level":"INFO","instance_id":"c8cdef81-4371-4930-9db2-fa5421175f42","message":"[c8cdef81-4371-4930-9db2-fa5421175f42] Checking client connection status - Client exists: true"}
{"timestamp":"2026-08-04T16:26:07.3050772-03:00","level":"INFO","instance_id":"c8cdef81-4371-4930-9db2-fa5421175f42","message":"[c8cdef81-4371-4930-9db2-fa5421175f42] Client successfully validated - Connected: true"}
{"timestamp":"2026-08-04T16:26:08.9909227-03:00","level":"INFO","instance_id":"c8cdef81-4371-4930-9db2-fa5421175f42","message":"[c8cdef81-4371-4930-9db2-fa5421175f42] Checking client connection status - Client exists: true"}
{"timestamp":"2026-08-04T16:26:08.9909227-03:00","level":"INFO","instance_id":"c8cdef81-4371-4930-9db2-fa5421175f42","message":"[c8cdef81-4371-4930-9db2-fa5421175f42] Client successfully validated - Connected: true"}
{"timestamp":"2026-08-04T16:26:11.313962-03:00","level":"INFO","instance_id":"c8cdef81-4371-4930-9db2-fa5421175f42","message":"[c8cdef81-4371-4930-9db2-fa5421175f42] Checking client connection status - Client exists: true"}
{"timestamp":"2026-08-04T16:26:11.313962-03:00","level":"INFO","instance_id":"c8cdef81-4371-4930-9db2-fa5421175f42","message":"[c8cdef81-4371-4930-9db2-fa5421175f42] Client successfully validated - Connected: true"}
{"timestamp":"2026-08-04T16:26:12.9962221-03:00","level":"INFO","instance_id":"c8cdef81-4371-4930-9db2-fa5421175f42","message":"[c8cdef81-4371-4930-9db2-fa5421175f42] Checking client connection status - Client exists: true"}
{"timestamp":"2026-08-04T16:26:12.9962221-03:00","level":"INFO","instance_id":"c8cdef81-4371-4930-9db2-fa5421175f42","message":"[c8cdef81-4371-4930-9db2-fa5421175f42] Client successfully validated - Connected: true"}
{"timestamp":"2026-08-04T16:26:14.3044414-03:00","level":"INFO","instance_id":"c8cdef81-4371-4930-9db2-fa5421175f42","message":"[c8cdef81-4371-4930-9db2-fa5421175f42] Checking client connection status - Client exists: true"}
{"timestamp":"2026-08-04T16:26:14.3044414-03:00","level":"INFO","instance_id":"c8cdef81-4371-4930-9db2-fa5421175f42","message":"[c8cdef81-4371-4930-9db2-fa5421175f42] Client successfully validated - Connected: true"}
{"timestamp":"2026-08-04T16:26:16.0015119-03:00","level":"INFO","instance_id":"c8cdef81-4371-4930-9db2-fa5421175f42","message":"[c8cdef81-4371-4930-9db2-fa5421175f42] Checking client connection status - Client exists: true"}
{"timestamp":"2026-08-04T16:26:16.0015119-03:00","level":"INFO","instance_id":"c8cdef81-4371-4930-9db2-fa5421175f42","message":"[c8cdef81-4371-4930-9db2-fa5421175f42] Client successfully validated - Connected: true"}
{"timestamp":"2026-08-04T16:26:18.085377-03:00","level":"INFO","instance_id":"c8cdef81-4371-4930-9db2-fa5421175f42","message":"[c8cdef81-4371-4930-9db2-fa5421175f42] ===== MESSAGE PROCESSING COMPLETED ===== ID: A5A4E92EB1A34B76E99C9707E6B2A686, From: 120363393498777562@g.us, Type: text, Webhook: true"}
{"timestamp":"2026-08-04T16:26:18.085377-03:00","level":"INFO","instance_id":"c8cdef81-4371-4930-9db2-fa5421175f42","message":"[c8cdef81-4371-4930-9db2-fa5421175f42] ===== DISPATCHING WEBHOOK ===== Event: Message, Queue: c8cdef81-4371-4930-9db2-fa5421175f42.message, DataSize: 9806 bytes"}
{"timestamp":"2026-08-04T16:26:18.0858796-03:00","level":"INFO","instance_id":"c8cdef81-4371-4930-9db2-fa5421175f42","message":"[c8cdef81-4371-4930-9db2-fa5421175f42] subscriptions [MESSAGE] eventType Message"}
{"timestamp":"2026-08-04T16:26:18.0858796-03:00","level":"INFO","instance_id":"c8cdef81-4371-4930-9db2-fa5421175f42","message":"[c8cdef81-4371-4930-9db2-fa5421175f42] Event received of type Message"}
{"timestamp":"2026-08-04T16:26:18.3102824-03:00","level":"INFO","instance_id":"c8cdef81-4371-4930-9db2-fa5421175f42","message":"[c8cdef81-4371-4930-9db2-fa5421175f42] Checking client connection status - Client exists: true"}
{"timestamp":"2026-08-04T16:26:18.3102824-03:00","level":"INFO","instance_id":"c8cdef81-4371-4930-9db2-fa5421175f42","message":"[c8cdef81-4371-4930-9db2-fa5421175f42] Client successfully validated - Connected: true"}
{"timestamp":"2026-08-04T16:26:19.9967254-03:00","level":"INFO","instance_id":"c8cdef81-4371-4930-9db2-fa5421175f42","message":"[c8cdef81-4371-4930-9db2-fa5421175f42] Checking client connection status - Client exists: true"}
{"timestamp":"2026-08-04T16:26:19.9967254-03:00","level":"INFO","instance_id":"c8cdef81-4371-4930-9db2-fa5421175f42","message":"[c8cdef81-4371-4930-9db2-fa5421175f42] Client successfully validated - Connected: true"}
{"timestamp":"2026-08-04T16:26:22.3143154-03:00","level":"INFO","instance_id":"c8cdef81-4371-4930-9db2-fa5421175f42","message":"[c8cdef81-4371-4930-9db2-fa5421175f42] Checking client connection status - Client exists: true"}
{"timestamp":"2026-08-04T16:26:22.3143154-03:00","level":"INFO","instance_id":"c8cdef81-4371-4930-9db2-fa5421175f42","message":"[c8cdef81-4371-4930-9db2-fa5421175f42] Client successfully validated - Connected: true"}
{"timestamp":"2026-08-04T16:26:22.8316912-03:00","level":"INFO","instance_id":"c8cdef81-4371-4930-9db2-fa5421175f42","message":"[c8cdef81-4371-4930-9db2-fa5421175f42] Checking client connection status - Client exists: true"}
{"timestamp":"2026-08-04T16:26:22.8316912-03:00","level":"INFO","instance_id":"c8cdef81-4371-4930-9db2-fa5421175f42","message":"[c8cdef81-4371-4930-9db2-fa5421175f42] Client successfully validated - Connected: true"}
{"timestamp":"2026-08-04T16:26:25.3146035-03:00","level":"INFO","instance_id":"c8cdef81-4371-4930-9db2-fa5421175f42","message":"[c8cdef81-4371-4930-9db2-fa5421175f42] Checking client connection status - Client exists: true"}
{"timestamp":"2026-08-04T16:26:25.3146035-03:00","level":"INFO","instance_id":"c8cdef81-4371-4930-9db2-fa5421175f42","message":"[c8cdef81-4371-4930-9db2-fa5421175f42] Client successfully validated - Connected: true"}
{"timestamp":"2026-08-04T16:26:26.9931574-03:00","level":"INFO","instance_id":"c8cdef81-4371-4930-9db2-fa5421175f42","message":"[c8cdef81-4371-4930-9db2-fa5421175f42] Checking client connection status - Client exists: true"}
{"timestamp":"2026-08-04T16:26:26.9931574-03:00","level":"INFO","instance_id":"c8cdef81-4371-4930-9db2-fa5421175f42","message":"[c8cdef81-4371-4930-9db2-fa5421175f42] Client successfully validated - Connected: true"}
{"timestamp":"2026-08-04T16:26:29.3135401-03:00","level":"INFO","instance_id":"c8cdef81-4371-4930-9db2-fa5421175f42","message":"[c8cdef81-4371-4930-9db2-fa5421175f42] Checking client connection status - Client exists: true"}
{"timestamp":"2026-08-04T16:26:29.3135401-03:00","level":"INFO","instance_id":"c8cdef81-4371-4930-9db2-fa5421175f42","message":"[c8cdef81-4371-4930-9db2-fa5421175f42] Client successfully validated - Connected: true"}
{"timestamp":"2026-08-04T16:26:31.0009449-03:00","level":"INFO","instance_id":"c8cdef81-4371-4930-9db2-fa5421175f42","message":"[c8cdef81-4371-4930-9db2-fa5421175f42] Checking client connection status - Client exists: true"}
{"timestamp":"2026-08-04T16:26:31.0009449-03:00","level":"INFO","instance_id":"c8cdef81-4371-4930-9db2-fa5421175f42","message":"[c8cdef81-4371-4930-9db2-fa5421175f42] Client successfully validated - Connected: true"}
{"timestamp":"2026-08-04T16:26:32.302965-03:00","level":"INFO","instance_id":"c8cdef81-4371-4930-9db2-fa5421175f42","message":"[c8cdef81-4371-4930-9db2-fa5421175f42] Checking client connection status - Client exists: true"}
{"timestamp":"2026-08-04T16:26:32.302965-03:00","level":"INFO","instance_id":"c8cdef81-4371-4930-9db2-fa5421175f42","message":"[c8cdef81-4371-4930-9db2-fa5421175f42] Client successfully validated - Connected: true"}
{"timestamp":"2026-08-04T16:26:33.9959403-03:00","level":"INFO","instance_id":"c8cdef81-4371-4930-9db2-fa5421175f42","message":"[c8cdef81-4371-4930-9db2-fa5421175f42] Checking client connection status - Client exists: true"}
{"timestamp":"2026-08-04T16:26:33.9968684-03:00","level":"INFO","instance_id":"c8cdef81-4371-4930-9db2-fa5421175f42","message":"[c8cdef81-4371-4930-9db2-fa5421175f42] Client successfully validated - Connected: true"}
{"timestamp":"2026-08-04T16:26:36.3126891-03:00","level":"INFO","instance_id":"c8cdef81-4371-4930-9db2-fa5421175f42","message":"[c8cdef81-4371-4930-9db2-fa5421175f42] Checking client connection status - Client exists: true"}
{"timestamp":"2026-08-04T16:26:36.3126891-03:00","level":"INFO","instance_id":"c8cdef81-4371-4930-9db2-fa5421175f42","message":"[c8cdef81-4371-4930-9db2-fa5421175f42] Client successfully validated - Connected: true"}
{"timestamp":"2026-08-04T16:26:38.0069948-03:00","level":"INFO","instance_id":"c8cdef81-4371-4930-9db2-fa5421175f42","message":"[c8cdef81-4371-4930-9db2-fa5421175f42] Checking client connection status - Client exists: true"}
{"timestamp":"2026-08-04T16:26:38.0069948-03:00","level":"INFO","instance_id":"c8cdef81-4371-4930-9db2-fa5421175f42","message":"[c8cdef81-4371-4930-9db2-fa5421175f42] Client successfully validated - Connected: true"}
{"timestamp":"2026-08-04T16:26:40.3040999-03:00","level":"INFO","instance_id":"c8cdef81-4371-4930-9db2-fa5421175f42","message":"[c8cdef81-4371-4930-9db2-fa5421175f42] Checking client connection status - Client exists: true"}
{"timestamp":"2026-08-04T16:26:40.3040999-03:00","level":"INFO","instance_id":"c8cdef81-4371-4930-9db2-fa5421175f42","message":"[c8cdef81-4371-4930-9db2-fa5421175f42] Client successfully validated - Connected: true"}
{"timestamp":"2026-08-04T16:26:40.8397575-03:00","level":"INFO","instance_id":"c8cdef81-4371-4930-9db2-fa5421175f42","message":"[c8cdef81-4371-4930-9db2-fa5421175f42] Checking client connection status - Client exists: true"}
{"timestamp":"2026-08-04T16:26:40.8397575-03:00","level":"INFO","instance_id":"c8cdef81-4371-4930-9db2-fa5421175f42","message":"[c8cdef81-4371-4930-9db2-fa5421175f42] Client successfully validated - Connected: true"}
{"timestamp":"2026-08-04T16:26:43.3009565-03:00","level":"INFO","instance_id":"c8cdef81-4371-4930-9db2-fa5421175f42","message":"[c8cdef81-4371-4930-9db2-fa5421175f42] Checking client connection status - Client exists: true"}
{"timestamp":"2026-08-04T16:26:43.3009565-03:00","level":"INFO","instance_id":"c8cdef81-4371-4930-9db2-fa5421175f42","message":"[c8cdef81-4371-4930-9db2-fa5421175f42] Client successfully validated - Connected: true"}
{"timestamp":"2026-08-04T16:26:45.0025875-03:00","level":"INFO","instance_id":"c8cdef81-4371-4930-9db2-fa5421175f42","message":"[c8cdef81-4371-4930-9db2-fa5421175f42] Checking client connection status - Client exists: true"}
{"timestamp":"2026-08-04T16:26:45.0025875-03:00","level":"INFO","instance_id":"c8cdef81-4371-4930-9db2-fa5421175f42","message":"[c8cdef81-4371-4930-9db2-fa5421175f42] Client successfully validated - Connected: true"}
{"timestamp":"2026-08-04T16:27:12.6707092-03:00","level":"INFO","instance_id":"c8cdef81-4371-4930-9db2-fa5421175f42","message":"[c8cdef81-4371-4930-9db2-fa5421175f42] Checking client connection status - Client exists: true"}
{"timestamp":"2026-08-04T16:27:12.6707092-03:00","level":"INFO","instance_id":"c8cdef81-4371-4930-9db2-fa5421175f42","message":"[c8cdef81-4371-4930-9db2-fa5421175f42] Client successfully validated - Connected: true"}
{"timestamp":"2026-08-04T16:27:13.1379479-03:00","level":"INFO","instance_id":"c8cdef81-4371-4930-9db2-fa5421175f42","message":"[c8cdef81-4371-4930-9db2-fa5421175f42] Checking client connection status - Client exists: true"}
{"timestamp":"2026-08-04T16:27:13.1379479-03:00","level":"INFO","instance_id":"c8cdef81-4371-4930-9db2-fa5421175f42","message":"[c8cdef81-4371-4930-9db2-fa5421175f42] Client successfully validated - Connected: true"}
{"timestamp":"2026-08-04T16:27:14.6352811-03:00","level":"INFO","instance_id":"c8cdef81-4371-4930-9db2-fa5421175f42","message":"[c8cdef81-4371-4930-9db2-fa5421175f42] Checking client connection status - Client exists: true"}
{"timestamp":"2026-08-04T16:27:14.6352811-03:00","level":"INFO","instance_id":"c8cdef81-4371-4930-9db2-fa5421175f42","message":"[c8cdef81-4371-4930-9db2-fa5421175f42] Client successfully validated - Connected: true"}
{"timestamp":"2026-08-04T16:27:16.1183439-03:00","level":"INFO","instance_id":"c8cdef81-4371-4930-9db2-fa5421175f42","message":"[c8cdef81-4371-4930-9db2-fa5421175f42] Checking client connection status - Client exists: true"}
{"timestamp":"2026-08-04T16:27:16.1183439-03:00","level":"INFO","instance_id":"c8cdef81-4371-4930-9db2-fa5421175f42","message":"[c8cdef81-4371-4930-9db2-fa5421175f42] Client successfully validated - Connected: true"}
{"timestamp":"2026-08-04T16:27:18.2509814-03:00","level":"INFO","instance_id":"c8cdef81-4371-4930-9db2-fa5421175f42","message":"[c8cdef81-4371-4930-9db2-fa5421175f42] Checking client connection status - Client exists: true"}
{"timestamp":"2026-08-04T16:27:18.2509814-03:00","level":"INFO","instance_id":"c8cdef81-4371-4930-9db2-fa5421175f42","message":"[c8cdef81-4371-4930-9db2-fa5421175f42] Client successfully validated - Connected: true"}
{"timestamp":"2026-08-04T16:27:19.7482083-03:00","level":"INFO","instance_id":"c8cdef81-4371-4930-9db2-fa5421175f42","message":"[c8cdef81-4371-4930-9db2-fa5421175f42] Checking client connection status - Client exists: true"}
{"timestamp":"2026-08-04T16:27:19.7482083-03:00","level":"INFO","instance_id":"c8cdef81-4371-4930-9db2-fa5421175f42","message":"[c8cdef81-4371-4930-9db2-fa5421175f42] Client successfully validated - Connected: true"}
{"timestamp":"2026-08-04T16:27:21.8497808-03:00","level":"INFO","instance_id":"c8cdef81-4371-4930-9db2-fa5421175f42","message":"[c8cdef81-4371-4930-9db2-fa5421175f42] Checking client connection status - Client exists: true"}
{"timestamp":"2026-08-04T16:27:21.8497808-03:00","level":"INFO","instance_id":"c8cdef81-4371-4930-9db2-fa5421175f42","message":"[c8cdef81-4371-4930-9db2-fa5421175f42] Client successfully validated - Connected: true"}
{"timestamp":"2026-08-04T16:27:23.3358984-03:00","level":"INFO","instance_id":"c8cdef81-4371-4930-9db2-fa5421175f42","message":"[c8cdef81-4371-4930-9db2-fa5421175f42] Checking client connection status - Client exists: true"}
{"timestamp":"2026-08-04T16:27:23.3358984-03:00","level":"INFO","instance_id":"c8cdef81-4371-4930-9db2-fa5421175f42","message":"[c8cdef81-4371-4930-9db2-fa5421175f42] Client successfully validated - Connected: true"}
{"timestamp":"2026-08-04T16:27:25.4519247-03:00","level":"INFO","instance_id":"c8cdef81-4371-4930-9db2-fa5421175f42","message":"[c8cdef81-4371-4930-9db2-fa5421175f42] Checking client connection status - Client exists: true"}
{"timestamp":"2026-08-04T16:27:25.4519247-03:00","level":"INFO","instance_id":"c8cdef81-4371-4930-9db2-fa5421175f42","message":"[c8cdef81-4371-4930-9db2-fa5421175f42] Client successfully validated - Connected: true"}
{"timestamp":"2026-08-04T16:27:26.9488613-03:00","level":"INFO","instance_id":"c8cdef81-4371-4930-9db2-fa5421175f42","message":"[c8cdef81-4371-4930-9db2-fa5421175f42] Checking client connection status - Client exists: true"}
{"timestamp":"2026-08-04T16:27:26.9488613-03:00","level":"INFO","instance_id":"c8cdef81-4371-4930-9db2-fa5421175f42","message":"[c8cdef81-4371-4930-9db2-fa5421175f42] Client successfully validated - Connected: true"}
{"timestamp":"2026-08-04T16:27:29.052204-03:00","level":"INFO","instance_id":"c8cdef81-4371-4930-9db2-fa5421175f42","message":"[c8cdef81-4371-4930-9db2-fa5421175f42] Checking client connection status - Client exists: true"}
{"timestamp":"2026-08-04T16:27:29.052204-03:00","level":"INFO","instance_id":"c8cdef81-4371-4930-9db2-fa5421175f42","message":"[c8cdef81-4371-4930-9db2-fa5421175f42] Client successfully validated - Connected: true"}
{"timestamp":"2026-08-04T16:27:30.5476028-03:00","level":"INFO","instance_id":"c8cdef81-4371-4930-9db2-fa5421175f42","message":"[c8cdef81-4371-4930-9db2-fa5421175f42] Checking client connection status - Client exists: true"}
{"timestamp":"2026-08-04T16:27:30.5476028-03:00","level":"INFO","instance_id":"c8cdef81-4371-4930-9db2-fa5421175f42","message":"[c8cdef81-4371-4930-9db2-fa5421175f42] Client successfully validated - Connected: true"}
{"timestamp":"2026-08-04T16:27:32.6607885-03:00","level":"INFO","instance_id":"c8cdef81-4371-4930-9db2-fa5421175f42","message":"[c8cdef81-4371-4930-9db2-fa5421175f42] Checking client connection status - Client exists: true"}
{"timestamp":"2026-08-04T16:27:32.6607885-03:00","level":"INFO","instance_id":"c8cdef81-4371-4930-9db2-fa5421175f42","message":"[c8cdef81-4371-4930-9db2-fa5421175f42] Client successfully validated - Connected: true"}
{"timestamp":"2026-08-04T16:27:34.5384947-03:00","level":"INFO","instance_id":"c8cdef81-4371-4930-9db2-fa5421175f42","message":"[c8cdef81-4371-4930-9db2-fa5421175f42] Checking client connection status - Client exists: true"}
{"timestamp":"2026-08-04T16:27:34.5384947-03:00","level":"INFO","instance_id":"c8cdef81-4371-4930-9db2-fa5421175f42","message":"[c8cdef81-4371-4930-9db2-fa5421175f42] Client successfully validated - Connected: true"}
{"timestamp":"2026-08-04T16:27:36.2517135-03:00","level":"INFO","instance_id":"c8cdef81-4371-4930-9db2-fa5421175f42","message":"[c8cdef81-4371-4930-9db2-fa5421175f42] Checking client connection status - Client exists: true"}
{"timestamp":"2026-08-04T16:27:36.2517135-03:00","level":"INFO","instance_id":"c8cdef81-4371-4930-9db2-fa5421175f42","message":"[c8cdef81-4371-4930-9db2-fa5421175f42] Client successfully validated - Connected: true"}
{"timestamp":"2026-08-04T16:27:37.7508906-03:00","level":"INFO","instance_id":"c8cdef81-4371-4930-9db2-fa5421175f42","message":"[c8cdef81-4371-4930-9db2-fa5421175f42] Checking client connection status - Client exists: true"}
{"timestamp":"2026-08-04T16:27:37.7508906-03:00","level":"INFO","instance_id":"c8cdef81-4371-4930-9db2-fa5421175f42","message":"[c8cdef81-4371-4930-9db2-fa5421175f42] Client successfully validated - Connected: true"}
{"timestamp":"2026-08-04T16:27:39.8604529-03:00","level":"INFO","instance_id":"c8cdef81-4371-4930-9db2-fa5421175f42","message":"[c8cdef81-4371-4930-9db2-fa5421175f42] Checking client connection status - Client exists: true"}
{"timestamp":"2026-08-04T16:27:39.8604529-03:00","level":"INFO","instance_id":"c8cdef81-4371-4930-9db2-fa5421175f42","message":"[c8cdef81-4371-4930-9db2-fa5421175f42] Client successfully validated - Connected: true"}
{"timestamp":"2026-08-04T16:27:41.3355502-03:00","level":"INFO","instance_id":"c8cdef81-4371-4930-9db2-fa5421175f42","message":"[c8cdef81-4371-4930-9db2-fa5421175f42] Checking client connection status - Client exists: true"}
{"timestamp":"2026-08-04T16:27:41.3362496-03:00","level":"INFO","instance_id":"c8cdef81-4371-4930-9db2-fa5421175f42","message":"[c8cdef81-4371-4930-9db2-fa5421175f42] Client successfully validated - Connected: true"}
{"timestamp":"2026-08-04T16:27:43.4479561-03:00","level":"INFO","instance_id":"c8cdef81-4371-4930-9db2-fa5421175f42","message":"[c8cdef81-4371-4930-9db2-fa5421175f42] Checking client connection status - Client exists: true"}
{"timestamp":"2026-08-04T16:27:43.4479561-03:00","level":"INFO","instance_id":"c8cdef81-4371-4930-9db2-fa5421175f42","message":"[c8cdef81-4371-4930-9db2-fa5421175f42] Client successfully validated - Connected: true"}
{"timestamp":"2026-08-04T16:27:44.9487034-03:00","level":"INFO","instance_id":"c8cdef81-4371-4930-9db2-fa5421175f42","message":"[c8cdef81-4371-4930-9db2-fa5421175f42] Checking client connection status - Client exists: true"}
{"timestamp":"2026-08-04T16:27:44.9487034-03:00","level":"INFO","instance_id":"c8cdef81-4371-4930-9db2-fa5421175f42","message":"[c8cdef81-4371-4930-9db2-fa5421175f42] Client successfully validated - Connected: true"}
{"timestamp":"2026-08-04T16:27:47.0479967-03:00","level":"INFO","instance_id":"c8cdef81-4371-4930-9db2-fa5421175f42","message":"[c8cdef81-4371-4930-9db2-fa5421175f42] Checking client connection status - Client exists: true"}
{"timestamp":"2026-08-04T16:27:47.0479967-03:00","level":"INFO","instance_id":"c8cdef81-4371-4930-9db2-fa5421175f42","message":"[c8cdef81-4371-4930-9db2-fa5421175f42] Client successfully validated - Connected: true"}
{"timestamp":"2026-08-04T16:27:48.5674079-03:00","level":"INFO","instance_id":"c8cdef81-4371-4930-9db2-fa5421175f42","message":"[c8cdef81-4371-4930-9db2-fa5421175f42] Checking client connection status - Client exists: true"}
{"timestamp":"2026-08-04T16:27:48.5674079-03:00","level":"INFO","instance_id":"c8cdef81-4371-4930-9db2-fa5421175f42","message":"[c8cdef81-4371-4930-9db2-fa5421175f42] Client successfully validated - Connected: true"}
{"timestamp":"2026-08-04T16:27:50.6592817-03:00","level":"INFO","instance_id":"c8cdef81-4371-4930-9db2-fa5421175f42","message":"[c8cdef81-4371-4930-9db2-fa5421175f42] Checking client connection status - Client exists: true"}
{"timestamp":"2026-08-04T16:27:50.6592817-03:00","level":"INFO","instance_id":"c8cdef81-4371-4930-9db2-fa5421175f42","message":"[c8cdef81-4371-4930-9db2-fa5421175f42] Client successfully validated - Connected: true"}
{"timestamp":"2026-08-04T16:27:52.1478532-03:00","level":"INFO","instance_id":"c8cdef81-4371-4930-9db2-fa5421175f42","message":"[c8cdef81-4371-4930-9db2-fa5421175f42] Checking client connection status - Client exists: true"}
{"timestamp":"2026-08-04T16:27:52.1478532-03:00","level":"INFO","instance_id":"c8cdef81-4371-4930-9db2-fa5421175f42","message":"[c8cdef81-4371-4930-9db2-fa5421175f42] Client successfully validated - Connected: true"}
{"timestamp":"2026-08-04T16:27:54.2471711-03:00","level":"INFO","instance_id":"c8cdef81-4371-4930-9db2-fa5421175f42","message":"[c8cdef81-4371-4930-9db2-fa5421175f42] Checking client connection status - Client exists: true"}
{"timestamp":"2026-08-04T16:27:54.2471711-03:00","level":"INFO","instance_id":"c8cdef81-4371-4930-9db2-fa5421175f42","message":"[c8cdef81-4371-4930-9db2-fa5421175f42] Client successfully validated - Connected: true"}
{"timestamp":"2026-08-04T16:27:55.7392801-03:00","level":"INFO","instance_id":"c8cdef81-4371-4930-9db2-fa5421175f42","message":"[c8cdef81-4371-4930-9db2-fa5421175f42] Checking client connection status - Client exists: true"}
{"timestamp":"2026-08-04T16:27:55.7392801-03:00","level":"INFO","instance_id":"c8cdef81-4371-4930-9db2-fa5421175f42","message":"[c8cdef81-4371-4930-9db2-fa5421175f42] Client successfully validated - Connected: true"}
{"timestamp":"2026-08-04T16:27:57.8571865-03:00","level":"INFO","instance_id":"c8cdef81-4371-4930-9db2-fa5421175f42","message":"[c8cdef81-4371-4930-9db2-fa5421175f42] Checking client connection status - Client exists: true"}
{"timestamp":"2026-08-04T16:27:57.8571865-03:00","level":"INFO","instance_id":"c8cdef81-4371-4930-9db2-fa5421175f42","message":"[c8cdef81-4371-4930-9db2-fa5421175f42] Client successfully validated - Connected: true"}
{"timestamp":"2026-08-04T16:27:59.3590217-03:00","level":"INFO","instance_id":"c8cdef81-4371-4930-9db2-fa5421175f42","message":"[c8cdef81-4371-4930-9db2-fa5421175f42] Checking client connection status - Client exists: true"}
{"timestamp":"2026-08-04T16:27:59.3590217-03:00","level":"INFO","instance_id":"c8cdef81-4371-4930-9db2-fa5421175f42","message":"[c8cdef81-4371-4930-9db2-fa5421175f42] Client successfully validated - Connected: true"}
{"timestamp":"2026-08-04T16:28:01.4493875-03:00","level":"INFO","instance_id":"c8cdef81-4371-4930-9db2-fa5421175f42","message":"[c8cdef81-4371-4930-9db2-fa5421175f42] Checking client connection status - Client exists: true"}
{"timestamp":"2026-08-04T16:28:01.4493875-03:00","level":"INFO","instance_id":"c8cdef81-4371-4930-9db2-fa5421175f42","message":"[c8cdef81-4371-4930-9db2-fa5421175f42] Client successfully validated - Connected: true"}
{"timestamp":"2026-08-04T16:28:02.9463994-03:00","level":"INFO","instance_id":"c8cdef81-4371-4930-9db2-fa5421175f42","message":"[c8cdef81-4371-4930-9db2-fa5421175f42] Checking client connection status - Client exists: true"}
{"timestamp":"2026-08-04T16:28:02.9463994-03:00","level":"INFO","instance_id":"c8cdef81-4371-4930-9db2-fa5421175f42","message":"[c8cdef81-4371-4930-9db2-fa5421175f42] Client successfully validated - Connected: true"}
{"timestamp":"2026-08-04T16:28:05.0660132-03:00","level":"INFO","instance_id":"c8cdef81-4371-4930-9db2-fa5421175f42","message":"[c8cdef81-4371-4930-9db2-fa5421175f42] Checking client connection status - Client exists: true"}
{"timestamp":"2026-08-04T16:28:05.0660132-03:00","level":"INFO","instance_id":"c8cdef81-4371-4930-9db2-fa5421175f42","message":"[c8cdef81-4371-4930-9db2-fa5421175f42] Client successfully validated - Connected: true"}
{"timestamp":"2026-08-04T16:28:06.5376743-03:00","level":"INFO","instance_id":"c8cdef81-4371-4930-9db2-fa5421175f42","message":"[c8cdef81-4371-4930-9db2-fa5421175f42] Checking client connection status - Client exists: true"}
{"timestamp":"2026-08-04T16:28:06.5376743-03:00","level":"INFO","instance_id":"c8cdef81-4371-4930-9db2-fa5421175f42","message":"[c8cdef81-4371-4930-9db2-fa5421175f42] Client successfully validated - Connected: true"}
{"timestamp":"2026-08-04T16:28:08.6539054-03:00","level":"INFO","instance_id":"c8cdef81-4371-4930-9db2-fa5421175f42","message":"[c8cdef81-4371-4930-9db2-fa5421175f42] Checking client connection status - Client exists: true"}
{"timestamp":"2026-08-04T16:28:08.6539054-03:00","level":"INFO","instance_id":"c8cdef81-4371-4930-9db2-fa5421175f42","message":"[c8cdef81-4371-4930-9db2-fa5421175f42] Client successfully validated - Connected: true"}
{"timestamp":"2026-08-04T16:28:10.1381878-03:00","level":"INFO","instance_id":"c8cdef81-4371-4930-9db2-fa5421175f42","message":"[c8cdef81-4371-4930-9db2-fa5421175f42] Checking client connection status - Client exists: true"}
{"timestamp":"2026-08-04T16:28:10.1381878-03:00","level":"INFO","instance_id":"c8cdef81-4371-4930-9db2-fa5421175f42","message":"[c8cdef81-4371-4930-9db2-fa5421175f42] Client successfully validated - Connected: true"}
{"timestamp":"2026-08-04T16:28:12.25663-03:00","level":"INFO","instance_id":"c8cdef81-4371-4930-9db2-fa5421175f42","message":"[c8cdef81-4371-4930-9db2-fa5421175f42] Checking client connection status - Client exists: true"}
{"timestamp":"2026-08-04T16:28:12.25663-03:00","level":"INFO","instance_id":"c8cdef81-4371-4930-9db2-fa5421175f42","message":"[c8cdef81-4371-4930-9db2-fa5421175f42] Client successfully validated - Connected: true"}
{"timestamp":"2026-08-04T16:28:13.7482303-03:00","level":"INFO","instance_id":"c8cdef81-4371-4930-9db2-fa5421175f42","message":"[c8cdef81-4371-4930-9db2-fa5421175f42] Checking client connection status - Client exists: true"}
{"timestamp":"2026-08-04T16:28:13.7482303-03:00","level":"INFO","instance_id":"c8cdef81-4371-4930-9db2-fa5421175f42","message":"[c8cdef81-4371-4930-9db2-fa5421175f42] Client successfully validated - Connected: true"}
{"timestamp":"2026-08-04T16:28:15.860028-03:00","level":"INFO","instance_id":"c8cdef81-4371-4930-9db2-fa5421175f42","message":"[c8cdef81-4371-4930-9db2-fa5421175f42] Checking client connection status - Client exists: true"}
{"timestamp":"2026-08-04T16:28:15.860028-03:00","level":"INFO","instance_id":"c8cdef81-4371-4930-9db2-fa5421175f42","message":"[c8cdef81-4371-4930-9db2-fa5421175f42] Client successfully validated - Connected: true"}
{"timestamp":"2026-08-04T16:28:17.3357055-03:00","level":"INFO","instance_id":"c8cdef81-4371-4930-9db2-fa5421175f42","message":"[c8cdef81-4371-4930-9db2-fa5421175f42] Checking client connection status - Client exists: true"}
{"timestamp":"2026-08-04T16:28:17.3357055-03:00","level":"INFO","instance_id":"c8cdef81-4371-4930-9db2-fa5421175f42","message":"[c8cdef81-4371-4930-9db2-fa5421175f42] Client successfully validated - Connected: true"}
{"timestamp":"2026-08-04T16:28:19.4521661-03:00","level":"INFO","instance_id":"c8cdef81-4371-4930-9db2-fa5421175f42","message":"[c8cdef81-4371-4930-9db2-fa5421175f42] Checking client connection status - Client exists: true"}
{"timestamp":"2026-08-04T16:28:19.4521661-03:00","level":"INFO","instance_id":"c8cdef81-4371-4930-9db2-fa5421175f42","message":"[c8cdef81-4371-4930-9db2-fa5421175f42] Client successfully validated - Connected: true"}
{"timestamp":"2026-08-04T16:28:20.9430727-03:00","level":"INFO","instance_id":"c8cdef81-4371-4930-9db2-fa5421175f42","message":"[c8cdef81-4371-4930-9db2-fa5421175f42] Checking client connection status - Client exists: true"}
{"timestamp":"2026-08-04T16:28:20.9436737-03:00","level":"INFO","instance_id":"c8cdef81-4371-4930-9db2-fa5421175f42","message":"[c8cdef81-4371-4930-9db2-fa5421175f42] Client successfully validated - Connected: true"}
{"timestamp":"2026-08-04T16:28:23.0552434-03:00","level":"INFO","instance_id":"c8cdef81-4371-4930-9db2-fa5421175f42","message":"[c8cdef81-4371-4930-9db2-fa5421175f42] Checking client connection status - Client exists: true"}
{"timestamp":"2026-08-04T16:28:23.0552434-03:00","level":"INFO","instance_id":"c8cdef81-4371-4930-9db2-fa5421175f42","message":"[c8cdef81-4371-4930-9db2-fa5421175f42] Client successfully validated - Connected: true"}
{"timestamp":"2026-08-04T16:28:24.5484032-03:00","level":"INFO","instance_id":"c8cdef81-4371-4930-9db2-fa5421175f42","message":"[c8cdef81-4371-4930-9db2-fa5421175f42] Checking client connection status - Client exists: true"}
{"timestamp":"2026-08-04T16:28:24.5484032-03:00","level":"INFO","instance_id":"c8cdef81-4371-4930-9db2-fa5421175f42","message":"[c8cdef81-4371-4930-9db2-fa5421175f42] Client successfully validated - Connected: true"}
{"timestamp":"2026-08-04T16:28:26.6546455-03:00","level":"INFO","instance_id":"c8cdef81-4371-4930-9db2-fa5421175f42","message":"[c8cdef81-4371-4930-9db2-fa5421175f42] Checking client connection status - Client exists: true"}
{"timestamp":"2026-08-04T16:28:26.6546455-03:00","level":"INFO","instance_id":"c8cdef81-4371-4930-9db2-fa5421175f42","message":"[c8cdef81-4371-4930-9db2-fa5421175f42] Client successfully validated - Connected: true"}
{"timestamp":"2026-08-04T16:28:28.1503519-03:00","level":"INFO","instance_id":"c8cdef81-4371-4930-9db2-fa5421175f42","message":"[c8cdef81-4371-4930-9db2-fa5421175f42] Checking client connection status - Client exists: true"}
{"timestamp":"2026-08-04T16:28:28.1503519-03:00","level":"INFO","instance_id":"c8cdef81-4371-4930-9db2-fa5421175f42","message":"[c8cdef81-4371-4930-9db2-fa5421175f42] Client successfully validated - Connected: true"}
{"timestamp":"2026-08-04T16:28:30.2551165-03:00","level":"INFO","instance_id":"c8cdef81-4371-4930-9db2-fa5421175f42","message":"[c8cdef81-4371-4930-9db2-fa5421175f42] Checking client connection status - Client exists: true"}
{"timestamp":"2026-08-04T16:28:30.2551165-03:00","level":"INFO","instance_id":"c8cdef81-4371-4930-9db2-fa5421175f42","message":"[c8cdef81-4371-4930-9db2-fa5421175f42] Client successfully validated - Connected: true"}
{"timestamp":"2026-08-04T16:28:31.7364794-03:00","level":"INFO","instance_id":"c8cdef81-4371-4930-9db2-fa5421175f42","message":"[c8cdef81-4371-4930-9db2-fa5421175f42] Checking client connection status - Client exists: true"}
{"timestamp":"2026-08-04T16:28:31.7364794-03:00","level":"INFO","instance_id":"c8cdef81-4371-4930-9db2-fa5421175f42","message":"[c8cdef81-4371-4930-9db2-fa5421175f42] Client successfully validated - Connected: true"}
{"timestamp":"2026-08-04T16:28:33.8618277-03:00","level":"INFO","instance_id":"c8cdef81-4371-4930-9db2-fa5421175f42","message":"[c8cdef81-4371-4930-9db2-fa5421175f42] Checking client connection status - Client exists: true"}
{"timestamp":"2026-08-04T16:28:33.8618277-03:00","level":"INFO","instance_id":"c8cdef81-4371-4930-9db2-fa5421175f42","message":"[c8cdef81-4371-4930-9db2-fa5421175f42] Client successfully validated - Connected: true"}
{"timestamp":"2026-08-04T16:28:35.337203-03:00","level":"INFO","instance_id":"c8cdef81-4371-4930-9db2-fa5421175f42","message":"[c8cdef81-4371-4930-9db2-fa5421175f42] Checking client connection status - Client exists: true"}
{"timestamp":"2026-08-04T16:28:35.337203-03:00","level":"INFO","instance_id":"c8cdef81-4371-4930-9db2-fa5421175f42","message":"[c8cdef81-4371-4930-9db2-fa5421175f42] Client successfully validated - Connected: true"}
{"timestamp":"2026-08-04T16:28:37.4548842-03:00","level":"INFO","instance_id":"c8cdef81-4371-4930-9db2-fa5421175f42","message":"[c8cdef81-4371-4930-9db2-fa5421175f42] Checking client connection status - Client exists: true"}
{"timestamp":"2026-08-04T16:28:37.4548842-03:00","level":"INFO","instance_id":"c8cdef81-4371-4930-9db2-fa5421175f42","message":"[c8cdef81-4371-4930-9db2-fa5421175f42] Client successfully validated - Connected: true"}
{"timestamp":"2026-08-04T16:28:38.9378434-03:00","level":"INFO","instance_id":"c8cdef81-4371-4930-9db2-fa5421175f42","message":"[c8cdef81-4371-4930-9db2-fa5421175f42] Checking client connection status - Client exists: true"}
{"timestamp":"2026-08-04T16:28:38.9378434-03:00","level":"INFO","instance_id":"c8cdef81-4371-4930-9db2-fa5421175f42","message":"[c8cdef81-4371-4930-9db2-fa5421175f42] Client successfully validated - Connected: true"}
{"timestamp":"2026-08-04T16:28:41.048557-03:00","level":"INFO","instance_id":"c8cdef81-4371-4930-9db2-fa5421175f42","message":"[c8cdef81-4371-4930-9db2-fa5421175f42] Checking client connection status - Client exists: true"}
{"timestamp":"2026-08-04T16:28:41.048557-03:00","level":"INFO","instance_id":"c8cdef81-4371-4930-9db2-fa5421175f42","message":"[c8cdef81-4371-4930-9db2-fa5421175f42] Client successfully validated - Connected: true"}
{"timestamp":"2026-08-04T16:28:42.5459387-03:00","level":"INFO","instance_id":"c8cdef81-4371-4930-9db2-fa5421175f42","message":"[c8cdef81-4371-4930-9db2-fa5421175f42] Checking client connection status - Client exists: true"}
{"timestamp":"2026-08-04T16:28:42.5459387-03:00","level":"INFO","instance_id":"c8cdef81-4371-4930-9db2-fa5421175f42","message":"[c8cdef81-4371-4930-9db2-fa5421175f42] Client successfully validated - Connected: true"}
{"timestamp":"2026-08-04T16:28:44.6537059-03:00","level":"INFO","instance_id":"c8cdef81-4371-4930-9db2-fa5421175f42","message":"[c8cdef81-4371-4930-9db2-fa5421175f42] Checking client connection status - Client exists: true"}
{"timestamp":"2026-08-04T16:28:44.6537059-03:00","level":"INFO","instance_id":"c8cdef81-4371-4930-9db2-fa5421175f42","message":"[c8cdef81-4371-4930-9db2-fa5421175f42] Client successfully validated - Connected: true"}
{"timestamp":"2026-08-04T16:28:46.1488428-03:00","level":"INFO","instance_id":"c8cdef81-4371-4930-9db2-fa5421175f42","message":"[c8cdef81-4371-4930-9db2-fa5421175f42] Checking client connection status - Client exists: true"}
{"timestamp":"2026-08-04T16:28:46.1488428-03:00","level":"INFO","instance_id":"c8cdef81-4371-4930-9db2-fa5421175f42","message":"[c8cdef81-4371-4930-9db2-fa5421175f42] Client successfully validated - Connected: true"}
{"timestamp":"2026-08-04T16:28:47.4077374-03:00","level":"INFO","instance_id":"c8cdef81-4371-4930-9db2-fa5421175f42","message":"[c8cdef81-4371-4930-9db2-fa5421175f42] ===== MESSAGE RECEIVED ===== ID: 3EB0F2BEE62BB49BA1A032, From: 120363247633739480@newsletter, Type: media, Size: 130594 bytes"}
{"timestamp":"2026-08-04T16:28:47.4085297-03:00","level":"INFO","instance_id":"c8cdef81-4371-4930-9db2-fa5421175f42","message":"[c8cdef81-4371-4930-9db2-fa5421175f42] Processing media message - ID: 3EB0F2BEE62BB49BA1A032"}
{"timestamp":"2026-08-04T16:28:47.4085297-03:00","level":"INFO","instance_id":"c8cdef81-4371-4930-9db2-fa5421175f42","message":"[c8cdef81-4371-4930-9db2-fa5421175f42] Downloading image - ID: 3EB0F2BEE62BB49BA1A032"}
{"timestamp":"2026-08-04T16:28:47.7227259-03:00","level":"INFO","instance_id":"c8cdef81-4371-4930-9db2-fa5421175f42","message":"[c8cdef81-4371-4930-9db2-fa5421175f42] Media download successful - ID: 3EB0F2BEE62BB49BA1A032, Expected: 130594 bytes, Actual: 130594 bytes, Duration: 314.1962ms"}
{"timestamp":"2026-08-04T16:28:47.7227259-03:00","level":"INFO","instance_id":"c8cdef81-4371-4930-9db2-fa5421175f42","message":"[c8cdef81-4371-4930-9db2-fa5421175f42] Encoding to base64 - ID: 3EB0F2BEE62BB49BA1A032, Size: 130594 bytes"}
{"timestamp":"2026-08-04T16:28:47.7234822-03:00","level":"INFO","instance_id":"c8cdef81-4371-4930-9db2-fa5421175f42","message":"[c8cdef81-4371-4930-9db2-fa5421175f42] Base64 encoding completed - ID: 3EB0F2BEE62BB49BA1A032, Original: 130594 bytes, Encoded: 174128 chars, Duration: 756.3µs"}
{"timestamp":"2026-08-04T16:28:47.7234822-03:00","level":"INFO","instance_id":"c8cdef81-4371-4930-9db2-fa5421175f42","message":"[c8cdef81-4371-4930-9db2-fa5421175f42] ===== MESSAGE PROCESSING COMPLETED ===== ID: 3EB0F2BEE62BB49BA1A032, From: 120363247633739480@newsletter, Type: media, Webhook: true"}
{"timestamp":"2026-08-04T16:28:47.7234822-03:00","level":"INFO","instance_id":"c8cdef81-4371-4930-9db2-fa5421175f42","message":"[c8cdef81-4371-4930-9db2-fa5421175f42] ===== DISPATCHING WEBHOOK ===== Event: Message, Queue: c8cdef81-4371-4930-9db2-fa5421175f42.message, DataSize: 176630 bytes"}
{"timestamp":"2026-08-04T16:28:47.7245386-03:00","level":"INFO","instance_id":"c8cdef81-4371-4930-9db2-fa5421175f42","message":"[c8cdef81-4371-4930-9db2-fa5421175f42] subscriptions [MESSAGE] eventType Message"}
{"timestamp":"2026-08-04T16:28:47.7245386-03:00","level":"INFO","instance_id":"c8cdef81-4371-4930-9db2-fa5421175f42","message":"[c8cdef81-4371-4930-9db2-fa5421175f42] Event received of type Message"}
{"timestamp":"2026-08-04T16:28:48.2452839-03:00","level":"INFO","instance_id":"c8cdef81-4371-4930-9db2-fa5421175f42","message":"[c8cdef81-4371-4930-9db2-fa5421175f42] Checking client connection status - Client exists: true"}
{"timestamp":"2026-08-04T16:28:48.2452839-03:00","level":"INFO","instance_id":"c8cdef81-4371-4930-9db2-fa5421175f42","message":"[c8cdef81-4371-4930-9db2-fa5421175f42] Client successfully validated - Connected: true"}
{"timestamp":"2026-08-04T16:28:49.7440701-03:00","level":"INFO","instance_id":"c8cdef81-4371-4930-9db2-fa5421175f42","message":"[c8cdef81-4371-4930-9db2-fa5421175f42] Checking client connection status - Client exists: true"}
{"timestamp":"2026-08-04T16:28:49.7440701-03:00","level":"INFO","instance_id":"c8cdef81-4371-4930-9db2-fa5421175f42","message":"[c8cdef81-4371-4930-9db2-fa5421175f42] Client successfully validated - Connected: true"}
{"timestamp":"2026-08-04T16:28:51.8613426-03:00","level":"INFO","instance_id":"c8cdef81-4371-4930-9db2-fa5421175f42","message":"[c8cdef81-4371-4930-9db2-fa5421175f42] Checking client connection status - Client exists: true"}
{"timestamp":"2026-08-04T16:28:51.8613426-03:00","level":"INFO","instance_id":"c8cdef81-4371-4930-9db2-fa5421175f42","message":"[c8cdef81-4371-4930-9db2-fa5421175f42] Client successfully validated - Connected: true"}
{"timestamp":"2026-08-04T16:28:53.3421018-03:00","level":"INFO","instance_id":"c8cdef81-4371-4930-9db2-fa5421175f42","message":"[c8cdef81-4371-4930-9db2-fa5421175f42] Checking client connection status - Client exists: true"}
{"timestamp":"2026-08-04T16:28:53.3421018-03:00","level":"INFO","instance_id":"c8cdef81-4371-4930-9db2-fa5421175f42","message":"[c8cdef81-4371-4930-9db2-fa5421175f42] Client successfully validated - Connected: true"}
{"timestamp":"2026-08-04T16:28:55.4565872-03:00","level":"INFO","instance_id":"c8cdef81-4371-4930-9db2-fa5421175f42","message":"[c8cdef81-4371-4930-9db2-fa5421175f42] Checking client connection status - Client exists: true"}
{"timestamp":"2026-08-04T16:28:55.4565872-03:00","level":"INFO","instance_id":"c8cdef81-4371-4930-9db2-fa5421175f42","message":"[c8cdef81-4371-4930-9db2-fa5421175f42] Client successfully validated - Connected: true"}
{"timestamp":"2026-08-04T16:28:56.9567939-03:00","level":"INFO","instance_id":"c8cdef81-4371-4930-9db2-fa5421175f42","message":"[c8cdef81-4371-4930-9db2-fa5421175f42] Checking client connection status - Client exists: true"}
{"timestamp":"2026-08-04T16:28:56.9567939-03:00","level":"INFO","instance_id":"c8cdef81-4371-4930-9db2-fa5421175f42","message":"[c8cdef81-4371-4930-9db2-fa5421175f42] Client successfully validated - Connected: true"}
{"timestamp":"2026-08-04T16:28:59.711314-03:00","level":"INFO","instance_id":"c8cdef81-4371-4930-9db2-fa5421175f42","message":"[c8cdef81-4371-4930-9db2-fa5421175f42] Checking client connection status - Client exists: true"}
{"timestamp":"2026-08-04T16:28:59.711314-03:00","level":"INFO","instance_id":"c8cdef81-4371-4930-9db2-fa5421175f42","message":"[c8cdef81-4371-4930-9db2-fa5421175f42] Client successfully validated - Connected: true"}
{"timestamp":"2026-08-04T16:29:00.5411301-03:00","level":"INFO","instance_id":"c8cdef81-4371-4930-9db2-fa5421175f42","message":"[c8cdef81-4371-4930-9db2-fa5421175f42] Checking client connection status - Client exists: true"}
{"timestamp":"2026-08-04T16:29:00.5411301-03:00","level":"INFO","instance_id":"c8cdef81-4371-4930-9db2-fa5421175f42","message":"[c8cdef81-4371-4930-9db2-fa5421175f42] Client successfully validated - Connected: true"}
{"timestamp":"2026-08-04T16:29:02.6599573-03:00","level":"INFO","instance_id":"c8cdef81-4371-4930-9db2-fa5421175f42","message":"[c8cdef81-4371-4930-9db2-fa5421175f42] Checking client connection status - Client exists: true"}
{"timestamp":"2026-08-04T16:29:02.6599573-03:00","level":"INFO","instance_id":"c8cdef81-4371-4930-9db2-fa5421175f42","message":"[c8cdef81-4371-4930-9db2-fa5421175f42] Client successfully validated - Connected: true"}
{"timestamp":"2026-08-04T16:29:04.1594458-03:00","level":"INFO","instance_id":"c8cdef81-4371-4930-9db2-fa5421175f42","message":"[c8cdef81-4371-4930-9db2-fa5421175f42] Checking client connection status - Client exists: true"}
{"timestamp":"2026-08-04T16:29:04.1594458-03:00","level":"INFO","instance_id":"c8cdef81-4371-4930-9db2-fa5421175f42","message":"[c8cdef81-4371-4930-9db2-fa5421175f42] Client successfully validated - Connected: true"}
{"timestamp":"2026-08-04T16:29:06.254738-03:00","level":"INFO","instance_id":"c8cdef81-4371-4930-9db2-fa5421175f42","message":"[c8cdef81-4371-4930-9db2-fa5421175f42] Checking client connection status - Client exists: true"}
{"timestamp":"2026-08-04T16:29:06.254738-03:00","level":"INFO","instance_id":"c8cdef81-4371-4930-9db2-fa5421175f42","message":"[c8cdef81-4371-4930-9db2-fa5421175f42] Client successfully validated - Connected: true"}
{"timestamp":"2026-08-04T16:29:07.7391962-03:00","level":"INFO","instance_id":"c8cdef81-4371-4930-9db2-fa5421175f42","message":"[c8cdef81-4371-4930-9db2-fa5421175f42] Checking client connection status - Client exists: true"}
{"timestamp":"2026-08-04T16:29:07.7391962-03:00","level":"INFO","instance_id":"c8cdef81-4371-4930-9db2-fa5421175f42","message":"[c8cdef81-4371-4930-9db2-fa5421175f42] Client successfully validated - Connected: true"}
{"timestamp":"2026-08-04T16:29:09.851599-03:00","level":"INFO","instance_id":"c8cdef81-4371-4930-9db2-fa5421175f42","message":"[c8cdef81-4371-4930-9db2-fa5421175f42] Checking client connection status - Client exists: true"}
{"timestamp":"2026-08-04T16:29:09.851599-03:00","level":"INFO","instance_id":"c8cdef81-4371-4930-9db2-fa5421175f42","message":"[c8cdef81-4371-4930-9db2-fa5421175f42] Client successfully validated - Connected: true"}
{"timestamp":"2026-08-04T16:29:11.3436745-03:00","level":"INFO","instance_id":"c8cdef81-4371-4930-9db2-fa5421175f42","message":"[c8cdef81-4371-4930-9db2-fa5421175f42] Checking client connection status - Client exists: true"}
{"timestamp":"2026-08-04T16:29:11.3436745-03:00","level":"INFO","instance_id":"c8cdef81-4371-4930-9db2-fa5421175f42","message":"[c8cdef81-4371-4930-9db2-fa5421175f42] Client successfully validated - Connected: true"}
{"timestamp":"2026-08-04T16:29:13.4638615-03:00","level":"INFO","instance_id":"c8cdef81-4371-4930-9db2-fa5421175f42","message":"[c8cdef81-4371-4930-9db2-fa5421175f42] Checking client connection status - Client exists: true"}
{"timestamp":"2026-08-04T16:29:13.4638615-03:00","level":"INFO","instance_id":"c8cdef81-4371-4930-9db2-fa5421175f42","message":"[c8cdef81-4371-4930-9db2-fa5421175f42] Client successfully validated - Connected: true"}
{"timestamp":"2026-08-04T16:29:14.9490644-03:00","level":"INFO","instance_id":"c8cdef81-4371-4930-9db2-fa5421175f42","message":"[c8cdef81-4371-4930-9db2-fa5421175f42] Checking client connection status - Client exists: true"}
{"timestamp":"2026-08-04T16:29:14.9490644-03:00","level":"INFO","instance_id":"c8cdef81-4371-4930-9db2-fa5421175f42","message":"[c8cdef81-4371-4930-9db2-fa5421175f42] Client successfully validated - Connected: true"}
{"timestamp":"2026-08-04T16:29:17.0538484-03:00","level":"INFO","instance_id":"c8cdef81-4371-4930-9db2-fa5421175f42","message":"[c8cdef81-4371-4930-9db2-fa5421175f42] Checking client connection status - Client exists: true"}
{"timestamp":"2026-08-04T16:29:17.0538484-03:00","level":"INFO","instance_id":"c8cdef81-4371-4930-9db2-fa5421175f42","message":"[c8cdef81-4371-4930-9db2-fa5421175f42] Client successfully validated - Connected: true"}
{"timestamp":"2026-08-04T16:29:18.5502869-03:00","level":"INFO","instance_id":"c8cdef81-4371-4930-9db2-fa5421175f42","message":"[c8cdef81-4371-4930-9db2-fa5421175f42] Checking client connection status - Client exists: true"}
{"timestamp":"2026-08-04T16:29:18.5502869-03:00","level":"INFO","instance_id":"c8cdef81-4371-4930-9db2-fa5421175f42","message":"[c8cdef81-4371-4930-9db2-fa5421175f42] Client successfully validated - Connected: true"}
{"timestamp":"2026-08-04T16:29:20.6506833-03:00","level":"INFO","instance_id":"c8cdef81-4371-4930-9db2-fa5421175f42","message":"[c8cdef81-4371-4930-9db2-fa5421175f42] Checking client connection status - Client exists: true"}
{"timestamp":"2026-08-04T16:29:20.6506833-03:00","level":"INFO","instance_id":"c8cdef81-4371-4930-9db2-fa5421175f42","message":"[c8cdef81-4371-4930-9db2-fa5421175f42] Client successfully validated - Connected: true"}
{"timestamp":"2026-08-04T16:29:22.1526232-03:00","level":"INFO","instance_id":"c8cdef81-4371-4930-9db2-fa5421175f42","message":"[c8cdef81-4371-4930-9db2-fa5421175f42] Checking client connection status - Client exists: true"}
{"timestamp":"2026-08-04T16:29:22.1526232-03:00","level":"INFO","instance_id":"c8cdef81-4371-4930-9db2-fa5421175f42","message":"[c8cdef81-4371-4930-9db2-fa5421175f42] Client successfully validated - Connected: true"}
{"timestamp":"2026-08-04T16:29:24.2554396-03:00","level":"INFO","instance_id":"c8cdef81-4371-4930-9db2-fa5421175f42","message":"[c8cdef81-4371-4930-9db2-fa5421175f42] Checking client connection status - Client exists: true"}
{"timestamp":"2026-08-04T16:29:24.2554396-03:00","level":"INFO","instance_id":"c8cdef81-4371-4930-9db2-fa5421175f42","message":"[c8cdef81-4371-4930-9db2-fa5421175f42] Client successfully validated - Connected: true"}
{"timestamp":"2026-08-04T16:29:25.7486212-03:00","level":"INFO","instance_id":"c8cdef81-4371-4930-9db2-fa5421175f42","message":"[c8cdef81-4371-4930-9db2-fa5421175f42] Checking client connection status - Client exists: true"}
{"timestamp":"2026-08-04T16:29:25.7486212-03:00","level":"INFO","instance_id":"c8cdef81-4371-4930-9db2-fa5421175f42","message":"[c8cdef81-4371-4930-9db2-fa5421175f42] Client successfully validated - Connected: true"}
{"timestamp":"2026-08-04T16:29:27.8625648-03:00","level":"INFO","instance_id":"c8cdef81-4371-4930-9db2-fa5421175f42","message":"[c8cdef81-4371-4930-9db2-fa5421175f42] Checking client connection status - Client exists: true"}
{"timestamp":"2026-08-04T16:29:27.8625648-03:00","level":"INFO","instance_id":"c8cdef81-4371-4930-9db2-fa5421175f42","message":"[c8cdef81-4371-4930-9db2-fa5421175f42] Client successfully validated - Connected: true"}
{"timestamp":"2026-08-04T16:29:29.3455855-03:00","level":"INFO","instance_id":"c8cdef81-4371-4930-9db2-fa5421175f42","message":"[c8cdef81-4371-4930-9db2-fa5421175f42] Checking client connection status - Client exists: true"}
{"timestamp":"2026-08-04T16:29:29.3455855-03:00","level":"INFO","instance_id":"c8cdef81-4371-4930-9db2-fa5421175f42","message":"[c8cdef81-4371-4930-9db2-fa5421175f42] Client successfully validated - Connected: true"}
{"timestamp":"2026-08-04T16:29:31.4625602-03:00","level":"INFO","instance_id":"c8cdef81-4371-4930-9db2-fa5421175f42","message":"[c8cdef81-4371-4930-9db2-fa5421175f42] Checking client connection status - Client exists: true"}
{"timestamp":"2026-08-04T16:29:31.4625602-03:00","level":"INFO","instance_id":"c8cdef81-4371-4930-9db2-fa5421175f42","message":"[c8cdef81-4371-4930-9db2-fa5421175f42] Client successfully validated - Connected: true"}
{"timestamp":"2026-08-04T16:29:32.9426075-03:00","level":"INFO","instance_id":"c8cdef81-4371-4930-9db2-fa5421175f42","message":"[c8cdef81-4371-4930-9db2-fa5421175f42] Checking client connection status - Client exists: true"}
{"timestamp":"2026-08-04T16:29:32.9426075-03:00","level":"INFO","instance_id":"c8cdef81-4371-4930-9db2-fa5421175f42","message":"[c8cdef81-4371-4930-9db2-fa5421175f42] Client successfully validated - Connected: true"}
{"timestamp":"2026-08-04T16:29:35.0589045-03:00","level":"INFO","instance_id":"c8cdef81-4371-4930-9db2-fa5421175f42","message":"[c8cdef81-4371-4930-9db2-fa5421175f42] Checking client connection status - Client exists: true"}
{"timestamp":"2026-08-04T16:29:35.0589045-03:00","level":"INFO","instance_id":"c8cdef81-4371-4930-9db2-fa5421175f42","message":"[c8cdef81-4371-4930-9db2-fa5421175f42] Client successfully validated - Connected: true"}
{"timestamp":"2026-08-04T16:29:36.5489155-03:00","level":"INFO","instance_id":"c8cdef81-4371-4930-9db2-fa5421175f42","message":"[c8cdef81-4371-4930-9db2-fa5421175f42] Checking client connection status - Client exists: true"}
{"timestamp":"2026-08-04T16:29:36.5489155-03:00","level":"INFO","instance_id":"c8cdef81-4371-4930-9db2-fa5421175f42","message":"[c8cdef81-4371-4930-9db2-fa5421175f42] Client successfully validated - Connected: true"}
{"timestamp":"2026-08-04T16:29:38.6520347-03:00","level":"INFO","instance_id":"c8cdef81-4371-4930-9db2-fa5421175f42","message":"[c8cdef81-4371-4930-9db2-fa5421175f42] Checking client connection status - Client exists: true"}
{"timestamp":"2026-08-04T16:29:38.6520347-03:00","level":"INFO","instance_id":"c8cdef81-4371-4930-9db2-fa5421175f42","message":"[c8cdef81-4371-4930-9db2-fa5421175f42] Client successfully validated - Connected: true"}
{"timestamp":"2026-08-04T16:29:40.1504899-03:00","level":"INFO","instance_id":"c8cdef81-4371-4930-9db2-fa5421175f42","message":"[c8cdef81-4371-4930-9db2-fa5421175f42] Checking client connection status - Client exists: true"}
{"timestamp":"2026-08-04T16:29:40.1504899-03:00","level":"INFO","instance_id":"c8cdef81-4371-4930-9db2-fa5421175f42","message":"[c8cdef81-4371-4930-9db2-fa5421175f42] Client successfully validated - Connected: true"}
{"timestamp":"2026-08-04T16:29:42.2657578-03:00","level":"INFO","instance_id":"c8cdef81-4371-4930-9db2-fa5421175f42","message":"[c8cdef81-4371-4930-9db2-fa5421175f42] Checking client connection status - Client exists: true"}
{"timestamp":"2026-08-04T16:29:42.2657578-03:00","level":"INFO","instance_id":"c8cdef81-4371-4930-9db2-fa5421175f42","message":"[c8cdef81-4371-4930-9db2-fa5421175f42] Client successfully validated - Connected: true"}
{"timestamp":"2026-08-04T16:29:43.7448524-03:00","level":"INFO","instance_id":"c8cdef81-4371-4930-9db2-fa5421175f42","message":"[c8cdef81-4371-4930-9db2-fa5421175f42] Checking client connection status - Client exists: true"}
{"timestamp":"2026-08-04T16:29:43.7448524-03:00","level":"INFO","instance_id":"c8cdef81-4371-4930-9db2-fa5421175f42","message":"[c8cdef81-4371-4930-9db2-fa5421175f42] Client successfully validated - Connected: true"}
{"timestamp":"2026-08-04T16:29:45.8638312-03:00","level":"INFO","instance_id":"c8cdef81-4371-4930-9db2-fa5421175f42","message":"[c8cdef81-4371-4930-9db2-fa5421175f42] Checking client connection status - Client exists: true"}
{"timestamp":"2026-08-04T16:29:45.8638312-03:00","level":"INFO","instance_id":"c8cdef81-4371-4930-9db2-fa5421175f42","message":"[c8cdef81-4371-4930-9db2-fa5421175f42] Client successfully validated - Connected: true"}
{"timestamp":"2026-08-04T16:29:47.3551076-03:00","level":"INFO","instance_id":"c8cdef81-4371-4930-9db2-fa5421175f42","message":"[c8cdef81-4371-4930-9db2-fa5421175f42] Checking client connection status - Client exists: true"}
{"timestamp":"2026-08-04T16:29:47.3551076-03:00","level":"INFO","instance_id":"c8cdef81-4371-4930-9db2-fa5421175f42","message":"[c8cdef81-4371-4930-9db2-fa5421175f42] Client successfully validated - Connected: true"}
{"timestamp":"2026-08-04T16:29:49.4542553-03:00","level":"INFO","instance_id":"c8cdef81-4371-4930-9db2-fa5421175f42","message":"[c8cdef81-4371-4930-9db2-fa5421175f42] Checking client connection status - Client exists: true"}
{"timestamp":"2026-08-04T16:29:49.4542553-03:00","level":"INFO","instance_id":"c8cdef81-4371-4930-9db2-fa5421175f42","message":"[c8cdef81-4371-4930-9db2-fa5421175f42] Client successfully validated - Connected: true"}
{"timestamp":"2026-08-04T16:29:50.950566-03:00","level":"INFO","instance_id":"c8cdef81-4371-4930-9db2-fa5421175f42","message":"[c8cdef81-4371-4930-9db2-fa5421175f42] Checking client connection status - Client exists: true"}
{"timestamp":"2026-08-04T16:29:50.950566-03:00","level":"INFO","instance_id":"c8cdef81-4371-4930-9db2-fa5421175f42","message":"[c8cdef81-4371-4930-9db2-fa5421175f42] Client successfully validated - Connected: true"}
{"timestamp":"2026-08-04T16:29:53.0511994-03:00","level":"INFO","instance_id":"c8cdef81-4371-4930-9db2-fa5421175f42","message":"[c8cdef81-4371-4930-9db2-fa5421175f42] Checking client connection status - Client exists: true"}
{"timestamp":"2026-08-04T16:29:53.0511994-03:00","level":"INFO","instance_id":"c8cdef81-4371-4930-9db2-fa5421175f42","message":"[c8cdef81-4371-4930-9db2-fa5421175f42] Client successfully validated - Connected: true"}
{"timestamp":"2026-08-04T16:29:54.5538791-03:00","level":"INFO","instance_id":"c8cdef81-4371-4930-9db2-fa5421175f42","message":"[c8cdef81-4371-4930-9db2-fa5421175f42] Checking client connection status - Client exists: true"}
{"timestamp":"2026-08-04T16:29:54.5538791-03:00","level":"INFO","instance_id":"c8cdef81-4371-4930-9db2-fa5421175f42","message":"[c8cdef81-4371-4930-9db2-fa5421175f42] Client successfully validated - Connected: true"}
{"timestamp":"2026-08-04T16:29:56.6472633-03:00","level":"INFO","instance_id":"c8cdef81-4371-4930-9db2-fa5421175f42","message":"[c8cdef81-4371-4930-9db2-fa5421175f42] Checking client connection status - Client exists: true"}
{"timestamp":"2026-08-04T16:29:56.6472633-03:00","level":"INFO","instance_id":"c8cdef81-4371-4930-9db2-fa5421175f42","message":"[c8cdef81-4371-4930-9db2-fa5421175f42] Client successfully validated - Connected: true"}
{"timestamp":"2026-08-04T16:29:58.1441328-03:00","level":"INFO","instance_id":"c8cdef81-4371-4930-9db2-fa5421175f42","message":"[c8cdef81-4371-4930-9db2-fa5421175f42] Checking client connection status - Client exists: true"}
{"timestamp":"2026-08-04T16:29:58.1441328-03:00","level":"INFO","instance_id":"c8cdef81-4371-4930-9db2-fa5421175f42","message":"[c8cdef81-4371-4930-9db2-fa5421175f42] Client successfully validated - Connected: true"}
{"timestamp":"2026-08-04T16:30:00.2595571-03:00","level":"INFO","instance_id":"c8cdef81-4371-4930-9db2-fa5421175f42","message":"[c8cdef81-4371-4930-9db2-fa5421175f42] Checking client connection status - Client exists: true"}
{"timestamp":"2026-08-04T16:30:00.2595571-03:00","level":"INFO","instance_id":"c8cdef81-4371-4930-9db2-fa5421175f42","message":"[c8cdef81-4371-4930-9db2-fa5421175f42] Client successfully validated - Connected: true"}
{"timestamp":"2026-08-04T16:30:01.7463455-03:00","level":"INFO","instance_id":"c8cdef81-4371-4930-9db2-fa5421175f42","message":"[c8cdef81-4371-4930-9db2-fa5421175f42] Checking client connection status - Client exists: true"}
{"timestamp":"2026-08-04T16:30:01.7463455-03:00","level":"INFO","instance_id":"c8cdef81-4371-4930-9db2-fa5421175f42","message":"[c8cdef81-4371-4930-9db2-fa5421175f42] Client successfully validated - Connected: true"}
{"timestamp":"2026-08-04T16:30:03.863099-03:00","level":"INFO","instance_id":"c8cdef81-4371-4930-9db2-fa5421175f42","message":"[c8cdef81-4371-4930-9db2-fa5421175f42] Checking client connection status - Client exists: true"}
{"timestamp":"2026-08-04T16:30:03.863099-03:00","level":"INFO","instance_id":"c8cdef81-4371-4930-9db2-fa5421175f42","message":"[c8cdef81-4371-4930-9db2-fa5421175f42] Client successfully validated - Connected: true"}
{"timestamp":"2026-08-04T16:30:05.3510529-03:00","level":"INFO","instance_id":"c8cdef81-4371-4930-9db2-fa5421175f42","message":"[c8cdef81-4371-4930-9db2-fa5421175f42] Checking client connection status - Client exists: true"}
{"timestamp":"2026-08-04T16:30:05.3510529-03:00","level":"INFO","instance_id":"c8cdef81-4371-4930-9db2-fa5421175f42","message":"[c8cdef81-4371-4930-9db2-fa5421175f42] Client successfully validated - Connected: true"}
{"timestamp":"2026-08-04T16:30:07.4519984-03:00","level":"INFO","instance_id":"c8cdef81-4371-4930-9db2-fa5421175f42","message":"[c8cdef81-4371-4930-9db2-fa5421175f42] Checking client connection status - Client exists: true"}
{"timestamp":"2026-08-04T16:30:07.4519984-03:00","level":"INFO","instance_id":"c8cdef81-4371-4930-9db2-fa5421175f42","message":"[c8cdef81-4371-4930-9db2-fa5421175f42] Client successfully validated - Connected: true"}
{"timestamp":"2026-08-04T16:30:09.0092768-03:00","level":"INFO","instance_id":"c8cdef81-4371-4930-9db2-fa5421175f42","message":"[c8cdef81-4371-4930-9db2-fa5421175f42] Checking client connection status - Client exists: true"}
{"timestamp":"2026-08-04T16:30:09.0092768-03:00","level":"INFO","instance_id":"c8cdef81-4371-4930-9db2-fa5421175f42","message":"[c8cdef81-4371-4930-9db2-fa5421175f42] Client successfully validated - Connected: true"}
{"timestamp":"2026-08-04T16:30:11.1606569-03:00","level":"INFO","instance_id":"c8cdef81-4371-4930-9db2-fa5421175f42","message":"[c8cdef81-4371-4930-9db2-fa5421175f42] Checking client connection status - Client exists: true"}
{"timestamp":"2026-08-04T16:30:11.1606569-03:00","level":"INFO","instance_id":"c8cdef81-4371-4930-9db2-fa5421175f42","message":"[c8cdef81-4371-4930-9db2-fa5421175f42] Client successfully validated - Connected: true"}
{"timestamp":"2026-08-04T16:30:12.5449951-03:00","level":"INFO","instance_id":"c8cdef81-4371-4930-9db2-fa5421175f42","message":"[c8cdef81-4371-4930-9db2-fa5421175f42] Checking client connection status - Client exists: true"}
{"timestamp":"2026-08-04T16:30:12.5449951-03:00","level":"INFO","instance_id":"c8cdef81-4371-4930-9db2-fa5421175f42","message":"[c8cdef81-4371-4930-9db2-fa5421175f42] Client successfully validated - Connected: true"}
{"timestamp":"2026-08-04T16:30:14.6600348-03:00","level":"INFO","instance_id":"c8cdef81-4371-4930-9db2-fa5421175f42","message":"[c8cdef81-4371-4930-9db2-fa5421175f42] Checking client connection status - Client exists: true"}
{"timestamp":"2026-08-04T16:30:14.6600348-03:00","level":"INFO","instance_id":"c8cdef81-4371-4930-9db2-fa5421175f42","message":"[c8cdef81-4371-4930-9db2-fa5421175f42] Client successfully validated - Connected: true"}
{"timestamp":"2026-08-04T16:30:16.1526966-03:00","level":"INFO","instance_id":"c8cdef81-4371-4930-9db2-fa5421175f42","message":"[c8cdef81-4371-4930-9db2-fa5421175f42] Checking client connection status - Client exists: true"}
{"timestamp":"2026-08-04T16:30:16.1526966-03:00","level":"INFO","instance_id":"c8cdef81-4371-4930-9db2-fa5421175f42","message":"[c8cdef81-4371-4930-9db2-fa5421175f42] Client successfully validated - Connected: true"}
{"timestamp":"2026-08-04T16:30:18.2521733-03:00","level":"INFO","instance_id":"c8cdef81-4371-4930-9db2-fa5421175f42","message":"[c8cdef81-4371-4930-9db2-fa5421175f42] Checking client connection status - Client exists: true"}
{"timestamp":"2026-08-04T16:30:18.2521733-03:00","level":"INFO","instance_id":"c8cdef81-4371-4930-9db2-fa5421175f42","message":"[c8cdef81-4371-4930-9db2-fa5421175f42] Client successfully validated - Connected: true"}
{"timestamp":"2026-08-04T16:30:19.7498332-03:00","level":"INFO","instance_id":"c8cdef81-4371-4930-9db2-fa5421175f42","message":"[c8cdef81-4371-4930-9db2-fa5421175f42] Checking client connection status - Client exists: true"}
{"timestamp":"2026-08-04T16:30:19.7498332-03:00","level":"INFO","instance_id":"c8cdef81-4371-4930-9db2-fa5421175f42","message":"[c8cdef81-4371-4930-9db2-fa5421175f42] Client successfully validated - Connected: true"}
{"timestamp":"2026-08-04T16:30:21.867003-03:00","level":"INFO","instance_id":"c8cdef81-4371-4930-9db2-fa5421175f42","message":"[c8cdef81-4371-4930-9db2-fa5421175f42] Checking client connection status - Client exists: true"}
{"timestamp":"2026-08-04T16:30:21.867003-03:00","level":"INFO","instance_id":"c8cdef81-4371-4930-9db2-fa5421175f42","message":"[c8cdef81-4371-4930-9db2-fa5421175f42] Client successfully validated - Connected: true"}
{"timestamp":"2026-08-04T16:30:23.350999-03:00","level":"INFO","instance_id":"c8cdef81-4371-4930-9db2-fa5421175f42","message":"[c8cdef81-4371-4930-9db2-fa5421175f42] Checking client connection status - Client exists: true"}
{"timestamp":"2026-08-04T16:30:23.350999-03:00","level":"INFO","instance_id":"c8cdef81-4371-4930-9db2-fa5421175f42","message":"[c8cdef81-4371-4930-9db2-fa5421175f42] Client successfully validated - Connected: true"}
{"timestamp":"2026-08-04T16:30:25.4638232-03:00","level":"INFO","instance_id":"c8cdef81-4371-4930-9db2-fa5421175f42","message":"[c8cdef81-4371-4930-9db2-fa5421175f42] Checking client connection status - Client exists: true"}
{"timestamp":"2026-08-04T16:30:25.4638232-03:00","level":"INFO","instance_id":"c8cdef81-4371-4930-9db2-fa5421175f42","message":"[c8cdef81-4371-4930-9db2-fa5421175f42] Client successfully validated - Connected: true"}
{"timestamp":"2026-08-04T16:30:26.9412523-03:00","level":"INFO","instance_id":"c8cdef81-4371-4930-9db2-fa5421175f42","message":"[c8cdef81-4371-4930-9db2-fa5421175f42] Checking client connection status - Client exists: true"}
{"timestamp":"2026-08-04T16:30:26.9412523-03:00","level":"INFO","instance_id":"c8cdef81-4371-4930-9db2-fa5421175f42","message":"[c8cdef81-4371-4930-9db2-fa5421175f42] Client successfully validated - Connected: true"}
{"timestamp":"2026-08-04T16:30:29.0542892-03:00","level":"INFO","instance_id":"c8cdef81-4371-4930-9db2-fa5421175f42","message":"[c8cdef81-4371-4930-9db2-fa5421175f42] Checking client connection status - Client exists: true"}
{"timestamp":"2026-08-04T16:30:29.0542892-03:00","level":"INFO","instance_id":"c8cdef81-4371-4930-9db2-fa5421175f42","message":"[c8cdef81-4371-4930-9db2-fa5421175f42] Client successfully validated - Connected: true"}
{"timestamp":"2026-08-04T16:30:30.5493071-03:00","level":"INFO","instance_id":"c8cdef81-4371-4930-9db2-fa5421175f42","message":"[c8cdef81-4371-4930-9db2-fa5421175f42] Checking client connection status - Client exists: true"}
{"timestamp":"2026-08-04T16:30:30.5493071-03:00","level":"INFO","instance_id":"c8cdef81-4371-4930-9db2-fa5421175f42","message":"[c8cdef81-4371-4930-9db2-fa5421175f42] Client successfully validated - Connected: true"}
{"timestamp":"2026-08-04T16:30:32.6525361-03:00","level":"INFO","instance_id":"c8cdef81-4371-4930-9db2-fa5421175f42","message":"[c8cdef81-4371-4930-9db2-fa5421175f42] Checking client connection status - Client exists: true"}
{"timestamp":"2026-08-04T16:30:32.6525361-03:00","level":"INFO","instance_id":"c8cdef81-4371-4930-9db2-fa5421175f42","message":"[c8cdef81-4371-4930-9db2-fa5421175f42] Client successfully validated - Connected: true"}
{"timestamp":"2026-08-04T16:30:34.1442844-03:00","level":"INFO","instance_id":"c8cdef81-4371-4930-9db2-fa5421175f42","message":"[c8cdef81-4371-4930-9db2-fa5421175f42] Checking client connection status - Client exists: true"}
{"timestamp":"2026-08-04T16:30:34.1442844-03:00","level":"INFO","instance_id":"c8cdef81-4371-4930-9db2-fa5421175f42","message":"[c8cdef81-4371-4930-9db2-fa5421175f42] Client successfully validated - Connected: true"}
{"timestamp":"2026-08-04T16:30:36.2641953-03:00","level":"INFO","instance_id":"c8cdef81-4371-4930-9db2-fa5421175f42","message":"[c8cdef81-4371-4930-9db2-fa5421175f42] Checking client connection status - Client exists: true"}
{"timestamp":"2026-08-04T16:30:36.2641953-03:00","level":"INFO","instance_id":"c8cdef81-4371-4930-9db2-fa5421175f42","message":"[c8cdef81-4371-4930-9db2-fa5421175f42] Client successfully validated - Connected: true"}
{"timestamp":"2026-08-04T16:30:37.7447552-03:00","level":"INFO","instance_id":"c8cdef81-4371-4930-9db2-fa5421175f42","message":"[c8cdef81-4371-4930-9db2-fa5421175f42] Checking client connection status - Client exists: true"}
{"timestamp":"2026-08-04T16:30:37.7447552-03:00","level":"INFO","instance_id":"c8cdef81-4371-4930-9db2-fa5421175f42","message":"[c8cdef81-4371-4930-9db2-fa5421175f42] Client successfully validated - Connected: true"}
{"timestamp":"2026-08-04T16:30:39.8664228-03:00","level":"INFO","instance_id":"c8cdef81-4371-4930-9db2-fa5421175f42","message":"[c8cdef81-4371-4930-9db2-fa5421175f42] Checking client connection status - Client exists: true"}
{"timestamp":"2026-08-04T16:30:39.8664228-03:00","level":"INFO","instance_id":"c8cdef81-4371-4930-9db2-fa5421175f42","message":"[c8cdef81-4371-4930-9db2-fa5421175f42] Client successfully validated - Connected: true"}
{"timestamp":"2026-08-04T16:30:41.3411622-03:00","level":"INFO","instance_id":"c8cdef81-4371-4930-9db2-fa5421175f42","message":"[c8cdef81-4371-4930-9db2-fa5421175f42] Checking client connection status - Client exists: true"}
{"timestamp":"2026-08-04T16:30:41.3411622-03:00","level":"INFO","instance_id":"c8cdef81-4371-4930-9db2-fa5421175f42","message":"[c8cdef81-4371-4930-9db2-fa5421175f42] Client successfully validated - Connected: true"}
{"timestamp":"2026-08-04T16:30:43.4563631-03:00","level":"INFO","instance_id":"c8cdef81-4371-4930-9db2-fa5421175f42","message":"[c8cdef81-4371-4930-9db2-fa5421175f42] Checking client connection status - Client exists: true"}
{"timestamp":"2026-08-04T16:30:43.4563631-03:00","level":"INFO","instance_id":"c8cdef81-4371-4930-9db2-fa5421175f42","message":"[c8cdef81-4371-4930-9db2-fa5421175f42] Client successfully validated - Connected: true"}
{"timestamp":"2026-08-04T16:30:44.9466617-03:00","level":"INFO","instance_id":"c8cdef81-4371-4930-9db2-fa5421175f42","message":"[c8cdef81-4371-4930-9db2-fa5421175f42] Checking client connection status - Client exists: true"}
{"timestamp":"2026-08-04T16:30:44.9466617-03:00","level":"INFO","instance_id":"c8cdef81-4371-4930-9db2-fa5421175f42","message":"[c8cdef81-4371-4930-9db2-fa5421175f42] Client successfully validated - Connected: true"}
{"timestamp":"2026-08-04T16:30:47.0661019-03:00","level":"INFO","instance_id":"c8cdef81-4371-4930-9db2-fa5421175f42","message":"[c8cdef81-4371-4930-9db2-fa5421175f42] Checking client connection status - Client exists: true"}
{"timestamp":"2026-08-04T16:30:47.0661019-03:00","level":"INFO","instance_id":"c8cdef81-4371-4930-9db2-fa5421175f42","message":"[c8cdef81-4371-4930-9db2-fa5421175f42] Client successfully validated - Connected: true"}
{"timestamp":"2026-08-04T16:30:48.5476158-03:00","level":"INFO","instance_id":"c8cdef81-4371-4930-9db2-fa5421175f42","message":"[c8cdef81-4371-4930-9db2-fa5421175f42] Checking client connection status - Client exists: true"}
{"timestamp":"2026-08-04T16:30:48.5476158-03:00","level":"INFO","instance_id":"c8cdef81-4371-4930-9db2-fa5421175f42","message":"[c8cdef81-4371-4930-9db2-fa5421175f42] Client successfully validated - Connected: true"}
{"timestamp":"2026-08-04T16:30:50.656688-03:00","level":"INFO","instance_id":"c8cdef81-4371-4930-9db2-fa5421175f42","message":"[c8cdef81-4371-4930-9db2-fa5421175f42] Checking client connection status - Client exists: true"}
{"timestamp":"2026-08-04T16:30:50.656688-03:00","level":"INFO","instance_id":"c8cdef81-4371-4930-9db2-fa5421175f42","message":"[c8cdef81-4371-4930-9db2-fa5421175f42] Client successfully validated - Connected: true"}
{"timestamp":"2026-08-04T16:30:52.1443174-03:00","level":"INFO","instance_id":"c8cdef81-4371-4930-9db2-fa5421175f42","message":"[c8cdef81-4371-4930-9db2-fa5421175f42] Checking client connection status - Client exists: true"}
{"timestamp":"2026-08-04T16:30:52.1443174-03:00","level":"INFO","instance_id":"c8cdef81-4371-4930-9db2-fa5421175f42","message":"[c8cdef81-4371-4930-9db2-fa5421175f42] Client successfully validated - Connected: true"}
{"timestamp":"2026-08-04T16:30:54.2603002-03:00","level":"INFO","instance_id":"c8cdef81-4371-4930-9db2-fa5421175f42","message":"[c8cdef81-4371-4930-9db2-fa5421175f42] Checking client connection status - Client exists: true"}
{"timestamp":"2026-08-04T16:30:54.2603002-03:00","level":"INFO","instance_id":"c8cdef81-4371-4930-9db2-fa5421175f42","message":"[c8cdef81-4371-4930-9db2-fa5421175f42] Client successfully validated - Connected: true"}
{"timestamp":"2026-08-04T16:30:55.7538762-03:00","level":"INFO","instance_id":"c8cdef81-4371-4930-9db2-fa5421175f42","message":"[c8cdef81-4371-4930-9db2-fa5421175f42] Checking client connection status - Client exists: true"}
{"timestamp":"2026-08-04T16:30:55.7544049-03:00","level":"INFO","instance_id":"c8cdef81-4371-4930-9db2-fa5421175f42","message":"[c8cdef81-4371-4930-9db2-fa5421175f42] Client successfully validated - Connected: true"}
{"timestamp":"2026-08-04T16:30:57.8625614-03:00","level":"INFO","instance_id":"c8cdef81-4371-4930-9db2-fa5421175f42","message":"[c8cdef81-4371-4930-9db2-fa5421175f42] Checking client connection status - Client exists: true"}
{"timestamp":"2026-08-04T16:30:57.8625614-03:00","level":"INFO","instance_id":"c8cdef81-4371-4930-9db2-fa5421175f42","message":"[c8cdef81-4371-4930-9db2-fa5421175f42] Client successfully validated - Connected: true"}
{"timestamp":"2026-08-04T16:30:59.3391544-03:00","level":"INFO","instance_id":"c8cdef81-4371-4930-9db2-fa5421175f42","message":"[c8cdef81-4371-4930-9db2-fa5421175f42] Checking client connection status - Client exists: true"}
{"timestamp":"2026-08-04T16:30:59.3391544-03:00","level":"INFO","instance_id":"c8cdef81-4371-4930-9db2-fa5421175f42","message":"[c8cdef81-4371-4930-9db2-fa5421175f42] Client successfully validated - Connected: true"}
{"timestamp":"2026-08-04T16:31:01.4492716-03:00","level":"INFO","instance_id":"c8cdef81-4371-4930-9db2-fa5421175f42","message":"[c8cdef81-4371-4930-9db2-fa5421175f42] Checking client connection status - Client exists: true"}
{"timestamp":"2026-08-04T16:31:01.4492716-03:00","level":"INFO","instance_id":"c8cdef81-4371-4930-9db2-fa5421175f42","message":"[c8cdef81-4371-4930-9db2-fa5421175f42] Client successfully validated - Connected: true"}
{"timestamp":"2026-08-04T16:31:02.9475852-03:00","level":"INFO","instance_id":"c8cdef81-4371-4930-9db2-fa5421175f42","message":"[c8cdef81-4371-4930-9db2-fa5421175f42] Checking client connection status - Client exists: true"}
{"timestamp":"2026-08-04T16:31:02.9475852-03:00","level":"INFO","instance_id":"c8cdef81-4371-4930-9db2-fa5421175f42","message":"[c8cdef81-4371-4930-9db2-fa5421175f42] Client successfully validated - Connected: true"}
{"timestamp":"2026-08-04T16:31:05.0512388-03:00","level":"INFO","instance_id":"c8cdef81-4371-4930-9db2-fa5421175f42","message":"[c8cdef81-4371-4930-9db2-fa5421175f42] Checking client connection status - Client exists: true"}
{"timestamp":"2026-08-04T16:31:05.0512388-03:00","level":"INFO","instance_id":"c8cdef81-4371-4930-9db2-fa5421175f42","message":"[c8cdef81-4371-4930-9db2-fa5421175f42] Client successfully validated - Connected: true"}
{"timestamp":"2026-08-04T16:31:06.5428943-03:00","level":"INFO","instance_id":"c8cdef81-4371-4930-9db2-fa5421175f42","message":"[c8cdef81-4371-4930-9db2-fa5421175f42] Checking client connection status - Client exists: true"}
{"timestamp":"2026-08-04T16:31:06.5428943-03:00","level":"INFO","instance_id":"c8cdef81-4371-4930-9db2-fa5421175f42","message":"[c8cdef81-4371-4930-9db2-fa5421175f42] Client successfully validated - Connected: true"}
{"timestamp":"2026-08-04T16:31:08.6601055-03:00","level":"INFO","instance_id":"c8cdef81-4371-4930-9db2-fa5421175f42","message":"[c8cdef81-4371-4930-9db2-fa5421175f42] Checking client connection status - Client exists: true"}
{"timestamp":"2026-08-04T16:31:08.6601055-03:00","level":"INFO","instance_id":"c8cdef81-4371-4930-9db2-fa5421175f42","message":"[c8cdef81-4371-4930-9db2-fa5421175f42] Client successfully validated - Connected: true"}
{"timestamp":"2026-08-04T16:31:10.1463011-03:00","level":"INFO","instance_id":"c8cdef81-4371-4930-9db2-fa5421175f42","message":"[c8cdef81-4371-4930-9db2-fa5421175f42] Checking client connection status - Client exists: true"}
{"timestamp":"2026-08-04T16:31:10.1463011-03:00","level":"INFO","instance_id":"c8cdef81-4371-4930-9db2-fa5421175f42","message":"[c8cdef81-4371-4930-9db2-fa5421175f42] Client successfully validated - Connected: true"}
{"timestamp":"2026-08-04T16:31:12.2618998-03:00","level":"INFO","instance_id":"c8cdef81-4371-4930-9db2-fa5421175f42","message":"[c8cdef81-4371-4930-9db2-fa5421175f42] Checking client connection status - Client exists: true"}
{"timestamp":"2026-08-04T16:31:12.2618998-03:00","level":"INFO","instance_id":"c8cdef81-4371-4930-9db2-fa5421175f42","message":"[c8cdef81-4371-4930-9db2-fa5421175f42] Client successfully validated - Connected: true"}
{"timestamp":"2026-08-04T16:31:13.7544829-03:00","level":"INFO","instance_id":"c8cdef81-4371-4930-9db2-fa5421175f42","message":"[c8cdef81-4371-4930-9db2-fa5421175f42] Checking client connection status - Client exists: true"}
{"timestamp":"2026-08-04T16:31:13.7544829-03:00","level":"INFO","instance_id":"c8cdef81-4371-4930-9db2-fa5421175f42","message":"[c8cdef81-4371-4930-9db2-fa5421175f42] Client successfully validated - Connected: true"}
{"timestamp":"2026-08-04T16:31:15.858131-03:00","level":"INFO","instance_id":"c8cdef81-4371-4930-9db2-fa5421175f42","message":"[c8cdef81-4371-4930-9db2-fa5421175f42] Checking client connection status - Client exists: true"}
{"timestamp":"2026-08-04T16:31:15.858131-03:00","level":"INFO","instance_id":"c8cdef81-4371-4930-9db2-fa5421175f42","message":"[c8cdef81-4371-4930-9db2-fa5421175f42] Client successfully validated - Connected: true"}
{"timestamp":"2026-08-04T16:31:17.3537969-03:00","level":"INFO","instance_id":"c8cdef81-4371-4930-9db2-fa5421175f42","message":"[c8cdef81-4371-4930-9db2-fa5421175f42] Checking client connection status - Client exists: true"}
{"timestamp":"2026-08-04T16:31:17.3537969-03:00","level":"INFO","instance_id":"c8cdef81-4371-4930-9db2-fa5421175f42","message":"[c8cdef81-4371-4930-9db2-fa5421175f42] Client successfully validated - Connected: true"}
{"timestamp":"2026-08-04T16:31:19.4494787-03:00","level":"INFO","instance_id":"c8cdef81-4371-4930-9db2-fa5421175f42","message":"[c8cdef81-4371-4930-9db2-fa5421175f42] Checking client connection status - Client exists: true"}
{"timestamp":"2026-08-04T16:31:19.4494787-03:00","level":"INFO","instance_id":"c8cdef81-4371-4930-9db2-fa5421175f42","message":"[c8cdef81-4371-4930-9db2-fa5421175f42] Client successfully validated - Connected: true"}
{"timestamp":"2026-08-04T16:31:20.9426308-03:00","level":"INFO","instance_id":"c8cdef81-4371-4930-9db2-fa5421175f42","message":"[c8cdef81-4371-4930-9db2-fa5421175f42] Checking client connection status - Client exists: true"}
{"timestamp":"2026-08-04T16:31:20.9441343-03:00","level":"INFO","instance_id":"c8cdef81-4371-4930-9db2-fa5421175f42","message":"[c8cdef81-4371-4930-9db2-fa5421175f42] Client successfully validated - Connected: true"}
{"timestamp":"2026-08-04T16:31:23.0643727-03:00","level":"INFO","instance_id":"c8cdef81-4371-4930-9db2-fa5421175f42","message":"[c8cdef81-4371-4930-9db2-fa5421175f42] Checking client connection status - Client exists: true"}
{"timestamp":"2026-08-04T16:31:23.0643727-03:00","level":"INFO","instance_id":"c8cdef81-4371-4930-9db2-fa5421175f42","message":"[c8cdef81-4371-4930-9db2-fa5421175f42] Client successfully validated - Connected: true"}
{"timestamp":"2026-08-04T16:31:24.5475701-03:00","level":"INFO","instance_id":"c8cdef81-4371-4930-9db2-fa5421175f42","message":"[c8cdef81-4371-4930-9db2-fa5421175f42] Checking client connection status - Client exists: true"}
{"timestamp":"2026-08-04T16:31:24.5475701-03:00","level":"INFO","instance_id":"c8cdef81-4371-4930-9db2-fa5421175f42","message":"[c8cdef81-4371-4930-9db2-fa5421175f42] Client successfully validated - Connected: true"}
{"timestamp":"2026-08-04T16:31:26.6555974-03:00","level":"INFO","instance_id":"c8cdef81-4371-4930-9db2-fa5421175f42","message":"[c8cdef81-4371-4930-9db2-fa5421175f42] Checking client connection status - Client exists: true"}
{"timestamp":"2026-08-04T16:31:26.6555974-03:00","level":"INFO","instance_id":"c8cdef81-4371-4930-9db2-fa5421175f42","message":"[c8cdef81-4371-4930-9db2-fa5421175f42] Client successfully validated - Connected: true"}
{"timestamp":"2026-08-04T16:31:28.542963-03:00","level":"INFO","instance_id":"c8cdef81-4371-4930-9db2-fa5421175f42","message":"[c8cdef81-4371-4930-9db2-fa5421175f42] Checking client connection status - Client exists: true"}
{"timestamp":"2026-08-04T16:31:28.542963-03:00","level":"INFO","instance_id":"c8cdef81-4371-4930-9db2-fa5421175f42","message":"[c8cdef81-4371-4930-9db2-fa5421175f42] Client successfully validated - Connected: true"}
{"timestamp":"2026-08-04T16:31:30.2593587-03:00","level":"INFO","instance_id":"c8cdef81-4371-4930-9db2-fa5421175f42","message":"[c8cdef81-4371-4930-9db2-fa5421175f42] Checking client connection status - Client exists: true"}
{"timestamp":"2026-08-04T16:31:30.2593587-03:00","level":"INFO","instance_id":"c8cdef81-4371-4930-9db2-fa5421175f42","message":"[c8cdef81-4371-4930-9db2-fa5421175f42] Client successfully validated - Connected: true"}
{"timestamp":"2026-08-04T16:31:31.7694523-03:00","level":"INFO","instance_id":"c8cdef81-4371-4930-9db2-fa5421175f42","message":"[c8cdef81-4371-4930-9db2-fa5421175f42] Checking client connection status - Client exists: true"}
{"timestamp":"2026-08-04T16:31:31.7694523-03:00","level":"INFO","instance_id":"c8cdef81-4371-4930-9db2-fa5421175f42","message":"[c8cdef81-4371-4930-9db2-fa5421175f42] Client successfully validated - Connected: true"}
{"timestamp":"2026-08-04T16:31:33.8710476-03:00","level":"INFO","instance_id":"c8cdef81-4371-4930-9db2-fa5421175f42","message":"[c8cdef81-4371-4930-9db2-fa5421175f42] Checking client connection status - Client exists: true"}
{"timestamp":"2026-08-04T16:31:33.8710476-03:00","level":"INFO","instance_id":"c8cdef81-4371-4930-9db2-fa5421175f42","message":"[c8cdef81-4371-4930-9db2-fa5421175f42] Client successfully validated - Connected: true"}
{"timestamp":"2026-08-04T16:31:35.3401396-03:00","level":"INFO","instance_id":"c8cdef81-4371-4930-9db2-fa5421175f42","message":"[c8cdef81-4371-4930-9db2-fa5421175f42] Checking client connection status - Client exists: true"}
{"timestamp":"2026-08-04T16:31:35.3401396-03:00","level":"INFO","instance_id":"c8cdef81-4371-4930-9db2-fa5421175f42","message":"[c8cdef81-4371-4930-9db2-fa5421175f42] Client successfully validated - Connected: true"}
{"timestamp":"2026-08-04T16:31:37.4535815-03:00","level":"INFO","instance_id":"c8cdef81-4371-4930-9db2-fa5421175f42","message":"[c8cdef81-4371-4930-9db2-fa5421175f42] Checking client connection status - Client exists: true"}
{"timestamp":"2026-08-04T16:31:37.4535815-03:00","level":"INFO","instance_id":"c8cdef81-4371-4930-9db2-fa5421175f42","message":"[c8cdef81-4371-4930-9db2-fa5421175f42] Client successfully validated - Connected: true"}
{"timestamp":"2026-08-04T16:31:38.947025-03:00","level":"INFO","instance_id":"c8cdef81-4371-4930-9db2-fa5421175f42","message":"[c8cdef81-4371-4930-9db2-fa5421175f42] Checking client connection status - Client exists: true"}
{"timestamp":"2026-08-04T16:31:38.947025-03:00","level":"INFO","instance_id":"c8cdef81-4371-4930-9db2-fa5421175f42","message":"[c8cdef81-4371-4930-9db2-fa5421175f42] Client successfully validated - Connected: true"}
{"timestamp":"2026-08-04T16:31:41.0579132-03:00","level":"INFO","instance_id":"c8cdef81-4371-4930-9db2-fa5421175f42","message":"[c8cdef81-4371-4930-9db2-fa5421175f42] Checking client connection status - Client exists: true"}
{"timestamp":"2026-08-04T16:31:41.0579132-03:00","level":"INFO","instance_id":"c8cdef81-4371-4930-9db2-fa5421175f42","message":"[c8cdef81-4371-4930-9db2-fa5421175f42] Client successfully validated - Connected: true"}
{"timestamp":"2026-08-04T16:31:42.5541968-03:00","level":"INFO","instance_id":"c8cdef81-4371-4930-9db2-fa5421175f42","message":"[c8cdef81-4371-4930-9db2-fa5421175f42] Checking client connection status - Client exists: true"}
{"timestamp":"2026-08-04T16:31:42.5541968-03:00","level":"INFO","instance_id":"c8cdef81-4371-4930-9db2-fa5421175f42","message":"[c8cdef81-4371-4930-9db2-fa5421175f42] Client successfully validated - Connected: true"}
{"timestamp":"2026-08-04T16:31:44.6544703-03:00","level":"INFO","instance_id":"c8cdef81-4371-4930-9db2-fa5421175f42","message":"[c8cdef81-4371-4930-9db2-fa5421175f42] Checking client connection status - Client exists: true"}
{"timestamp":"2026-08-04T16:31:44.6544703-03:00","level":"INFO","instance_id":"c8cdef81-4371-4930-9db2-fa5421175f42","message":"[c8cdef81-4371-4930-9db2-fa5421175f42] Client successfully validated - Connected: true"}
{"timestamp":"2026-08-04T16:31:46.1557117-03:00","level":"INFO","instance_id":"c8cdef81-4371-4930-9db2-fa5421175f42","message":"[c8cdef81-4371-4930-9db2-fa5421175f42] Checking client connection status - Client exists: true"}
{"timestamp":"2026-08-04T16:31:46.1557117-03:00","level":"INFO","instance_id":"c8cdef81-4371-4930-9db2-fa5421175f42","message":"[c8cdef81-4371-4930-9db2-fa5421175f42] Client successfully validated - Connected: true"}
{"timestamp":"2026-08-04T16:31:48.2549368-03:00","level":"INFO","instance_id":"c8cdef81-4371-4930-9db2-fa5421175f42","message":"[c8cdef81-4371-4930-9db2-fa5421175f42] Checking client connection status - Client exists: true"}
{"timestamp":"2026-08-04T16:31:48.2549368-03:00","level":"INFO","instance_id":"c8cdef81-4371-4930-9db2-fa5421175f42","message":"[c8cdef81-4371-4930-9db2-fa5421175f42] Client successfully validated - Connected: true"}
{"timestamp":"2026-08-04T16:31:49.7465704-03:00","level":"INFO","instance_id":"c8cdef81-4371-4930-9db2-fa5421175f42","message":"[c8cdef81-4371-4930-9db2-fa5421175f42] Checking client connection status - Client exists: true"}
{"timestamp":"2026-08-04T16:31:49.7465704-03:00","level":"INFO","instance_id":"c8cdef81-4371-4930-9db2-fa5421175f42","message":"[c8cdef81-4371-4930-9db2-fa5421175f42] Client successfully validated - Connected: true"}
{"timestamp":"2026-08-04T16:31:51.8468839-03:00","level":"INFO","instance_id":"c8cdef81-4371-4930-9db2-fa5421175f42","message":"[c8cdef81-4371-4930-9db2-fa5421175f42] Checking client connection status - Client exists: true"}
{"timestamp":"2026-08-04T16:31:51.8468839-03:00","level":"INFO","instance_id":"c8cdef81-4371-4930-9db2-fa5421175f42","message":"[c8cdef81-4371-4930-9db2-fa5421175f42] Client successfully validated - Connected: true"}
{"timestamp":"2026-08-04T16:31:53.3422266-03:00","level":"INFO","instance_id":"c8cdef81-4371-4930-9db2-fa5421175f42","message":"[c8cdef81-4371-4930-9db2-fa5421175f42] Checking client connection status - Client exists: true"}
{"timestamp":"2026-08-04T16:31:53.3422266-03:00","level":"INFO","instance_id":"c8cdef81-4371-4930-9db2-fa5421175f42","message":"[c8cdef81-4371-4930-9db2-fa5421175f42] Client successfully validated - Connected: true"}
{"timestamp":"2026-08-04T16:31:55.4518117-03:00","level":"INFO","instance_id":"c8cdef81-4371-4930-9db2-fa5421175f42","message":"[c8cdef81-4371-4930-9db2-fa5421175f42] Checking client connection status - Client exists: true"}
{"timestamp":"2026-08-04T16:31:55.4518117-03:00","level":"INFO","instance_id":"c8cdef81-4371-4930-9db2-fa5421175f42","message":"[c8cdef81-4371-4930-9db2-fa5421175f42] Client successfully validated - Connected: true"}
{"timestamp":"2026-08-04T16:31:56.9588666-03:00","level":"INFO","instance_id":"c8cdef81-4371-4930-9db2-fa5421175f42","message":"[c8cdef81-4371-4930-9db2-fa5421175f42] Checking client connection status - Client exists: true"}
{"timestamp":"2026-08-04T16:31:56.9588666-03:00","level":"INFO","instance_id":"c8cdef81-4371-4930-9db2-fa5421175f42","message":"[c8cdef81-4371-4930-9db2-fa5421175f42] Client successfully validated - Connected: true"}
{"timestamp":"2026-08-04T16:31:57.6852306-03:00","level":"INFO","instance_id":"c8cdef81-4371-4930-9db2-fa5421175f42","message":"[c8cdef81-4371-4930-9db2-fa5421175f42] ===== DISPATCHING WEBHOOK ===== Event: PushName, Queue: c8cdef81-4371-4930-9db2-fa5421175f42.pushname, DataSize: 999 bytes"}
{"timestamp":"2026-08-04T16:31:57.6857343-03:00","level":"INFO","instance_id":"c8cdef81-4371-4930-9db2-fa5421175f42","message":"[c8cdef81-4371-4930-9db2-fa5421175f42] subscriptions [MESSAGE] eventType PushName"}
{"timestamp":"2026-08-04T16:31:58.8598676-03:00","level":"INFO","instance_id":"c8cdef81-4371-4930-9db2-fa5421175f42","message":"[c8cdef81-4371-4930-9db2-fa5421175f42] ===== MESSAGE RECEIVED ===== ID: 3EB0134DDD5247A499CD89, From: 120363426278941464@g.us, Type: text, Size: unknown"}
{"timestamp":"2026-08-04T16:31:58.8598676-03:00","level":"INFO","instance_id":"c8cdef81-4371-4930-9db2-fa5421175f42","message":"[c8cdef81-4371-4930-9db2-fa5421175f42] Detected LID/WhatsApp JID swap case - Sender: 262478504194205:96@lid, SenderAlt: 555599920832:96@s.whatsapp.net"}
{"timestamp":"2026-08-04T16:31:58.8598676-03:00","level":"INFO","instance_id":"c8cdef81-4371-4930-9db2-fa5421175f42","message":"[c8cdef81-4371-4930-9db2-fa5421175f42] JID swap completed - New Sender: 555599920832@s.whatsapp.net, New SenderAlt: 262478504194205@lid, New Chat: 120363426278941464@g.us"}
{"timestamp":"2026-08-04T16:31:58.8598676-03:00","level":"INFO","instance_id":"c8cdef81-4371-4930-9db2-fa5421175f42","message":"[c8cdef81-4371-4930-9db2-fa5421175f42] Message ignored because it's a unknown protocol message"}
{"timestamp":"2026-08-04T16:31:59.0489831-03:00","level":"INFO","instance_id":"c8cdef81-4371-4930-9db2-fa5421175f42","message":"[c8cdef81-4371-4930-9db2-fa5421175f42] Checking client connection status - Client exists: true"}
{"timestamp":"2026-08-04T16:31:59.0489831-03:00","level":"INFO","instance_id":"c8cdef81-4371-4930-9db2-fa5421175f42","message":"[c8cdef81-4371-4930-9db2-fa5421175f42] Client successfully validated - Connected: true"}
{"timestamp":"2026-08-04T16:31:59.7838833-03:00","level":"INFO","instance_id":"c8cdef81-4371-4930-9db2-fa5421175f42","message":"[c8cdef81-4371-4930-9db2-fa5421175f42] ===== MESSAGE RECEIVED ===== ID: 3EB0134DDD5247A499CD89, From: 120363426278941464@g.us, Type: text, Size: unknown"}
{"timestamp":"2026-08-04T16:31:59.7847472-03:00","level":"INFO","instance_id":"c8cdef81-4371-4930-9db2-fa5421175f42","message":"[c8cdef81-4371-4930-9db2-fa5421175f42] Detected LID/WhatsApp JID swap case - Sender: 262478504194205:96@lid, SenderAlt: 555599920832:96@s.whatsapp.net"}
{"timestamp":"2026-08-04T16:31:59.7847472-03:00","level":"INFO","instance_id":"c8cdef81-4371-4930-9db2-fa5421175f42","message":"[c8cdef81-4371-4930-9db2-fa5421175f42] JID swap completed - New Sender: 555599920832@s.whatsapp.net, New SenderAlt: 262478504194205@lid, New Chat: 120363426278941464@g.us"}
{"timestamp":"2026-08-04T16:32:00.5482065-03:00","level":"INFO","instance_id":"c8cdef81-4371-4930-9db2-fa5421175f42","message":"[c8cdef81-4371-4930-9db2-fa5421175f42] Checking client connection status - Client exists: true"}
{"timestamp":"2026-08-04T16:32:00.5482065-03:00","level":"INFO","instance_id":"c8cdef81-4371-4930-9db2-fa5421175f42","message":"[c8cdef81-4371-4930-9db2-fa5421175f42] Client successfully validated - Connected: true"}
{"timestamp":"2026-08-04T16:32:02.6480231-03:00","level":"INFO","instance_id":"c8cdef81-4371-4930-9db2-fa5421175f42","message":"[c8cdef81-4371-4930-9db2-fa5421175f42] Checking client connection status - Client exists: true"}
{"timestamp":"2026-08-04T16:32:02.6480231-03:00","level":"INFO","instance_id":"c8cdef81-4371-4930-9db2-fa5421175f42","message":"[c8cdef81-4371-4930-9db2-fa5421175f42] Client successfully validated - Connected: true"}
{"timestamp":"2026-08-04T16:32:04.1427763-03:00","level":"INFO","instance_id":"c8cdef81-4371-4930-9db2-fa5421175f42","message":"[c8cdef81-4371-4930-9db2-fa5421175f42] Checking client connection status - Client exists: true"}
{"timestamp":"2026-08-04T16:32:04.1427763-03:00","level":"INFO","instance_id":"c8cdef81-4371-4930-9db2-fa5421175f42","message":"[c8cdef81-4371-4930-9db2-fa5421175f42] Client successfully validated - Connected: true"}
{"timestamp":"2026-08-04T16:32:06.2588639-03:00","level":"INFO","instance_id":"c8cdef81-4371-4930-9db2-fa5421175f42","message":"[c8cdef81-4371-4930-9db2-fa5421175f42] Checking client connection status - Client exists: true"}
{"timestamp":"2026-08-04T16:32:06.2588639-03:00","level":"INFO","instance_id":"c8cdef81-4371-4930-9db2-fa5421175f42","message":"[c8cdef81-4371-4930-9db2-fa5421175f42] Client successfully validated - Connected: true"}
{"timestamp":"2026-08-04T16:32:07.7442634-03:00","level":"INFO","instance_id":"c8cdef81-4371-4930-9db2-fa5421175f42","message":"[c8cdef81-4371-4930-9db2-fa5421175f42] Checking client connection status - Client exists: true"}
{"timestamp":"2026-08-04T16:32:07.7442634-03:00","level":"INFO","instance_id":"c8cdef81-4371-4930-9db2-fa5421175f42","message":"[c8cdef81-4371-4930-9db2-fa5421175f42] Client successfully validated - Connected: true"}
{"timestamp":"2026-08-04T16:32:09.853801-03:00","level":"INFO","instance_id":"c8cdef81-4371-4930-9db2-fa5421175f42","message":"[c8cdef81-4371-4930-9db2-fa5421175f42] Checking client connection status - Client exists: true"}
{"timestamp":"2026-08-04T16:32:09.853801-03:00","level":"INFO","instance_id":"c8cdef81-4371-4930-9db2-fa5421175f42","message":"[c8cdef81-4371-4930-9db2-fa5421175f42] Client successfully validated - Connected: true"}
{"timestamp":"2026-08-04T16:32:11.3489282-03:00","level":"INFO","instance_id":"c8cdef81-4371-4930-9db2-fa5421175f42","message":"[c8cdef81-4371-4930-9db2-fa5421175f42] Checking client connection status - Client exists: true"}
{"timestamp":"2026-08-04T16:32:11.3489282-03:00","level":"INFO","instance_id":"c8cdef81-4371-4930-9db2-fa5421175f42","message":"[c8cdef81-4371-4930-9db2-fa5421175f42] Client successfully validated - Connected: true"}
{"timestamp":"2026-08-04T16:32:13.4608893-03:00","level":"INFO","instance_id":"c8cdef81-4371-4930-9db2-fa5421175f42","message":"[c8cdef81-4371-4930-9db2-fa5421175f42] Checking client connection status - Client exists: true"}
{"timestamp":"2026-08-04T16:32:13.4608893-03:00","level":"INFO","instance_id":"c8cdef81-4371-4930-9db2-fa5421175f42","message":"[c8cdef81-4371-4930-9db2-fa5421175f42] Client successfully validated - Connected: true"}
{"timestamp":"2026-08-04T16:32:14.9392033-03:00","level":"INFO","instance_id":"c8cdef81-4371-4930-9db2-fa5421175f42","message":"[c8cdef81-4371-4930-9db2-fa5421175f42] Checking client connection status - Client exists: true"}
{"timestamp":"2026-08-04T16:32:14.9392033-03:00","level":"INFO","instance_id":"c8cdef81-4371-4930-9db2-fa5421175f42","message":"[c8cdef81-4371-4930-9db2-fa5421175f42] Client successfully validated - Connected: true"}
{"timestamp":"2026-08-04T16:32:17.0551131-03:00","level":"INFO","instance_id":"c8cdef81-4371-4930-9db2-fa5421175f42","message":"[c8cdef81-4371-4930-9db2-fa5421175f42] Checking client connection status - Client exists: true"}
{"timestamp":"2026-08-04T16:32:17.0551131-03:00","level":"INFO","instance_id":"c8cdef81-4371-4930-9db2-fa5421175f42","message":"[c8cdef81-4371-4930-9db2-fa5421175f42] Client successfully validated - Connected: true"}
{"timestamp":"2026-08-04T16:32:18.5366218-03:00","level":"INFO","instance_id":"c8cdef81-4371-4930-9db2-fa5421175f42","message":"[c8cdef81-4371-4930-9db2-fa5421175f42] Checking client connection status - Client exists: true"}
{"timestamp":"2026-08-04T16:32:18.5366218-03:00","level":"INFO","instance_id":"c8cdef81-4371-4930-9db2-fa5421175f42","message":"[c8cdef81-4371-4930-9db2-fa5421175f42] Client successfully validated - Connected: true"}
{"timestamp":"2026-08-04T16:32:20.6675704-03:00","level":"INFO","instance_id":"c8cdef81-4371-4930-9db2-fa5421175f42","message":"[c8cdef81-4371-4930-9db2-fa5421175f42] Checking client connection status - Client exists: true"}
{"timestamp":"2026-08-04T16:32:20.6675704-03:00","level":"INFO","instance_id":"c8cdef81-4371-4930-9db2-fa5421175f42","message":"[c8cdef81-4371-4930-9db2-fa5421175f42] Client successfully validated - Connected: true"}
{"timestamp":"2026-08-04T16:32:22.154377-03:00","level":"INFO","instance_id":"c8cdef81-4371-4930-9db2-fa5421175f42","message":"[c8cdef81-4371-4930-9db2-fa5421175f42] Checking client connection status - Client exists: true"}
{"timestamp":"2026-08-04T16:32:22.154377-03:00","level":"INFO","instance_id":"c8cdef81-4371-4930-9db2-fa5421175f42","message":"[c8cdef81-4371-4930-9db2-fa5421175f42] Client successfully validated - Connected: true"}
{"timestamp":"2026-08-04T16:32:24.2571327-03:00","level":"INFO","instance_id":"c8cdef81-4371-4930-9db2-fa5421175f42","message":"[c8cdef81-4371-4930-9db2-fa5421175f42] Checking client connection status - Client exists: true"}
{"timestamp":"2026-08-04T16:32:24.2571327-03:00","level":"INFO","instance_id":"c8cdef81-4371-4930-9db2-fa5421175f42","message":"[c8cdef81-4371-4930-9db2-fa5421175f42] Client successfully validated - Connected: true"}
{"timestamp":"2026-08-04T16:32:25.7485007-03:00","level":"INFO","instance_id":"c8cdef81-4371-4930-9db2-fa5421175f42","message":"[c8cdef81-4371-4930-9db2-fa5421175f42] Checking client connection status - Client exists: true"}
{"timestamp":"2026-08-04T16:32:25.7485007-03:00","level":"INFO","instance_id":"c8cdef81-4371-4930-9db2-fa5421175f42","message":"[c8cdef81-4371-4930-9db2-fa5421175f42] Client successfully validated - Connected: true"}
{"timestamp":"2026-08-04T16:32:27.8520229-03:00","level":"INFO","instance_id":"c8cdef81-4371-4930-9db2-fa5421175f42","message":"[c8cdef81-4371-4930-9db2-fa5421175f42] Checking client connection status - Client exists: true"}
{"timestamp":"2026-08-04T16:32:27.8520229-03:00","level":"INFO","instance_id":"c8cdef81-4371-4930-9db2-fa5421175f42","message":"[c8cdef81-4371-4930-9db2-fa5421175f42] Client successfully validated - Connected: true"}
{"timestamp":"2026-08-04T16:32:29.3420502-03:00","level":"INFO","instance_id":"c8cdef81-4371-4930-9db2-fa5421175f42","message":"[c8cdef81-4371-4930-9db2-fa5421175f42] Checking client connection status - Client exists: true"}
{"timestamp":"2026-08-04T16:32:29.3420502-03:00","level":"INFO","instance_id":"c8cdef81-4371-4930-9db2-fa5421175f42","message":"[c8cdef81-4371-4930-9db2-fa5421175f42] Client successfully validated - Connected: true"}
{"timestamp":"2026-08-04T16:32:31.4608487-03:00","level":"INFO","instance_id":"c8cdef81-4371-4930-9db2-fa5421175f42","message":"[c8cdef81-4371-4930-9db2-fa5421175f42] Checking client connection status - Client exists: true"}
{"timestamp":"2026-08-04T16:32:31.4608487-03:00","level":"INFO","instance_id":"c8cdef81-4371-4930-9db2-fa5421175f42","message":"[c8cdef81-4371-4930-9db2-fa5421175f42] Client successfully validated - Connected: true"}
{"timestamp":"2026-08-04T16:32:32.9387367-03:00","level":"INFO","instance_id":"c8cdef81-4371-4930-9db2-fa5421175f42","message":"[c8cdef81-4371-4930-9db2-fa5421175f42] Checking client connection status - Client exists: true"}
{"timestamp":"2026-08-04T16:32:32.9387367-03:00","level":"INFO","instance_id":"c8cdef81-4371-4930-9db2-fa5421175f42","message":"[c8cdef81-4371-4930-9db2-fa5421175f42] Client successfully validated - Connected: true"}
{"timestamp":"2026-08-04T16:32:35.0567112-03:00","level":"INFO","instance_id":"c8cdef81-4371-4930-9db2-fa5421175f42","message":"[c8cdef81-4371-4930-9db2-fa5421175f42] Checking client connection status - Client exists: true"}
{"timestamp":"2026-08-04T16:32:35.0567112-03:00","level":"INFO","instance_id":"c8cdef81-4371-4930-9db2-fa5421175f42","message":"[c8cdef81-4371-4930-9db2-fa5421175f42] Client successfully validated - Connected: true"}
{"timestamp":"2026-08-04T16:32:36.5478053-03:00","level":"INFO","instance_id":"c8cdef81-4371-4930-9db2-fa5421175f42","message":"[c8cdef81-4371-4930-9db2-fa5421175f42] Checking client connection status - Client exists: true"}
{"timestamp":"2026-08-04T16:32:36.5478053-03:00","level":"INFO","instance_id":"c8cdef81-4371-4930-9db2-fa5421175f42","message":"[c8cdef81-4371-4930-9db2-fa5421175f42] Client successfully validated - Connected: true"}
{"timestamp":"2026-08-04T16:32:38.6514286-03:00","level":"INFO","instance_id":"c8cdef81-4371-4930-9db2-fa5421175f42","message":"[c8cdef81-4371-4930-9db2-fa5421175f42] Checking client connection status - Client exists: true"}
{"timestamp":"2026-08-04T16:32:38.6514286-03:00","level":"INFO","instance_id":"c8cdef81-4371-4930-9db2-fa5421175f42","message":"[c8cdef81-4371-4930-9db2-fa5421175f42] Client successfully validated - Connected: true"}
{"timestamp":"2026-08-04T16:32:40.1474467-03:00","level":"INFO","instance_id":"c8cdef81-4371-4930-9db2-fa5421175f42","message":"[c8cdef81-4371-4930-9db2-fa5421175f42] Checking client connection status - Client exists: true"}
{"timestamp":"2026-08-04T16:32:40.1474467-03:00","level":"INFO","instance_id":"c8cdef81-4371-4930-9db2-fa5421175f42","message":"[c8cdef81-4371-4930-9db2-fa5421175f42] Client successfully validated - Connected: true"}
{"timestamp":"2026-08-04T16:32:42.2488631-03:00","level":"INFO","instance_id":"c8cdef81-4371-4930-9db2-fa5421175f42","message":"[c8cdef81-4371-4930-9db2-fa5421175f42] Checking client connection status - Client exists: true"}
{"timestamp":"2026-08-04T16:32:42.2488631-03:00","level":"INFO","instance_id":"c8cdef81-4371-4930-9db2-fa5421175f42","message":"[c8cdef81-4371-4930-9db2-fa5421175f42] Client successfully validated - Connected: true"}
{"timestamp":"2026-08-04T16:32:43.7430457-03:00","level":"INFO","instance_id":"c8cdef81-4371-4930-9db2-fa5421175f42","message":"[c8cdef81-4371-4930-9db2-fa5421175f42] Checking client connection status - Client exists: true"}
{"timestamp":"2026-08-04T16:32:43.7430457-03:00","level":"INFO","instance_id":"c8cdef81-4371-4930-9db2-fa5421175f42","message":"[c8cdef81-4371-4930-9db2-fa5421175f42] Client successfully validated - Connected: true"}
{"timestamp":"2026-08-04T16:32:45.8631582-03:00","level":"INFO","instance_id":"c8cdef81-4371-4930-9db2-fa5421175f42","message":"[c8cdef81-4371-4930-9db2-fa5421175f42] Checking client connection status - Client exists: true"}
{"timestamp":"2026-08-04T16:32:45.8641535-03:00","level":"INFO","instance_id":"c8cdef81-4371-4930-9db2-fa5421175f42","message":"[c8cdef81-4371-4930-9db2-fa5421175f42] Client successfully validated - Connected: true"}
{"timestamp":"2026-08-04T16:32:47.3450082-03:00","level":"INFO","instance_id":"c8cdef81-4371-4930-9db2-fa5421175f42","message":"[c8cdef81-4371-4930-9db2-fa5421175f42] Checking client connection status - Client exists: true"}
{"timestamp":"2026-08-04T16:32:47.3450082-03:00","level":"INFO","instance_id":"c8cdef81-4371-4930-9db2-fa5421175f42","message":"[c8cdef81-4371-4930-9db2-fa5421175f42] Client successfully validated - Connected: true"}
{"timestamp":"2026-08-04T16:32:49.4609493-03:00","level":"INFO","instance_id":"c8cdef81-4371-4930-9db2-fa5421175f42","message":"[c8cdef81-4371-4930-9db2-fa5421175f42] Checking client connection status - Client exists: true"}
{"timestamp":"2026-08-04T16:32:49.4609493-03:00","level":"INFO","instance_id":"c8cdef81-4371-4930-9db2-fa5421175f42","message":"[c8cdef81-4371-4930-9db2-fa5421175f42] Client successfully validated - Connected: true"}
{"timestamp":"2026-08-04T16:32:50.9441708-03:00","level":"INFO","instance_id":"c8cdef81-4371-4930-9db2-fa5421175f42","message":"[c8cdef81-4371-4930-9db2-fa5421175f42] Checking client connection status - Client exists: true"}
{"timestamp":"2026-08-04T16:32:50.9441708-03:00","level":"INFO","instance_id":"c8cdef81-4371-4930-9db2-fa5421175f42","message":"[c8cdef81-4371-4930-9db2-fa5421175f42] Client successfully validated - Connected: true"}
{"timestamp":"2026-08-04T16:32:53.0546746-03:00","level":"INFO","instance_id":"c8cdef81-4371-4930-9db2-fa5421175f42","message":"[c8cdef81-4371-4930-9db2-fa5421175f42] Checking client connection status - Client exists: true"}
{"timestamp":"2026-08-04T16:32:53.0546746-03:00","level":"INFO","instance_id":"c8cdef81-4371-4930-9db2-fa5421175f42","message":"[c8cdef81-4371-4930-9db2-fa5421175f42] Client successfully validated - Connected: true"}
{"timestamp":"2026-08-04T16:32:54.5356777-03:00","level":"INFO","instance_id":"c8cdef81-4371-4930-9db2-fa5421175f42","message":"[c8cdef81-4371-4930-9db2-fa5421175f42] Checking client connection status - Client exists: true"}
{"timestamp":"2026-08-04T16:32:54.5356777-03:00","level":"INFO","instance_id":"c8cdef81-4371-4930-9db2-fa5421175f42","message":"[c8cdef81-4371-4930-9db2-fa5421175f42] Client successfully validated - Connected: true"}
{"timestamp":"2026-08-04T16:32:56.6554976-03:00","level":"INFO","instance_id":"c8cdef81-4371-4930-9db2-fa5421175f42","message":"[c8cdef81-4371-4930-9db2-fa5421175f42] Checking client connection status - Client exists: true"}
{"timestamp":"2026-08-04T16:32:56.656493-03:00","level":"INFO","instance_id":"c8cdef81-4371-4930-9db2-fa5421175f42","message":"[c8cdef81-4371-4930-9db2-fa5421175f42] Client successfully validated - Connected: true"}
{"timestamp":"2026-08-04T16:32:58.1558949-03:00","level":"INFO","instance_id":"c8cdef81-4371-4930-9db2-fa5421175f42","message":"[c8cdef81-4371-4930-9db2-fa5421175f42] Checking client connection status - Client exists: true"}
{"timestamp":"2026-08-04T16:32:58.1558949-03:00","level":"INFO","instance_id":"c8cdef81-4371-4930-9db2-fa5421175f42","message":"[c8cdef81-4371-4930-9db2-fa5421175f42] Client successfully validated - Connected: true"}
{"timestamp":"2026-08-04T16:33:00.2478077-03:00","level":"INFO","instance_id":"c8cdef81-4371-4930-9db2-fa5421175f42","message":"[c8cdef81-4371-4930-9db2-fa5421175f42] Checking client connection status - Client exists: true"}
{"timestamp":"2026-08-04T16:33:00.2478077-03:00","level":"INFO","instance_id":"c8cdef81-4371-4930-9db2-fa5421175f42","message":"[c8cdef81-4371-4930-9db2-fa5421175f42] Client successfully validated - Connected: true"}
{"timestamp":"2026-08-04T16:33:01.7362558-03:00","level":"INFO","instance_id":"c8cdef81-4371-4930-9db2-fa5421175f42","message":"[c8cdef81-4371-4930-9db2-fa5421175f42] Checking client connection status - Client exists: true"}
{"timestamp":"2026-08-04T16:33:01.7362558-03:00","level":"INFO","instance_id":"c8cdef81-4371-4930-9db2-fa5421175f42","message":"[c8cdef81-4371-4930-9db2-fa5421175f42] Client successfully validated - Connected: true"}
{"timestamp":"2026-08-04T16:33:03.8515302-03:00","level":"INFO","instance_id":"c8cdef81-4371-4930-9db2-fa5421175f42","message":"[c8cdef81-4371-4930-9db2-fa5421175f42] Checking client connection status - Client exists: true"}
{"timestamp":"2026-08-04T16:33:03.8515302-03:00","level":"INFO","instance_id":"c8cdef81-4371-4930-9db2-fa5421175f42","message":"[c8cdef81-4371-4930-9db2-fa5421175f42] Client successfully validated - Connected: true"}
{"timestamp":"2026-08-04T16:33:05.349805-03:00","level":"INFO","instance_id":"c8cdef81-4371-4930-9db2-fa5421175f42","message":"[c8cdef81-4371-4930-9db2-fa5421175f42] Checking client connection status - Client exists: true"}
{"timestamp":"2026-08-04T16:33:05.349805-03:00","level":"INFO","instance_id":"c8cdef81-4371-4930-9db2-fa5421175f42","message":"[c8cdef81-4371-4930-9db2-fa5421175f42] Client successfully validated - Connected: true"}
{"timestamp":"2026-08-04T16:33:07.4528658-03:00","level":"INFO","instance_id":"c8cdef81-4371-4930-9db2-fa5421175f42","message":"[c8cdef81-4371-4930-9db2-fa5421175f42] Checking client connection status - Client exists: true"}
{"timestamp":"2026-08-04T16:33:07.4528658-03:00","level":"INFO","instance_id":"c8cdef81-4371-4930-9db2-fa5421175f42","message":"[c8cdef81-4371-4930-9db2-fa5421175f42] Client successfully validated - Connected: true"}
{"timestamp":"2026-08-04T16:33:08.942054-03:00","level":"INFO","instance_id":"c8cdef81-4371-4930-9db2-fa5421175f42","message":"[c8cdef81-4371-4930-9db2-fa5421175f42] Checking client connection status - Client exists: true"}
{"timestamp":"2026-08-04T16:33:08.942054-03:00","level":"INFO","instance_id":"c8cdef81-4371-4930-9db2-fa5421175f42","message":"[c8cdef81-4371-4930-9db2-fa5421175f42] Client successfully validated - Connected: true"}
{"timestamp":"2026-08-04T16:33:11.0452602-03:00","level":"INFO","instance_id":"c8cdef81-4371-4930-9db2-fa5421175f42","message":"[c8cdef81-4371-4930-9db2-fa5421175f42] Checking client connection status - Client exists: true"}
{"timestamp":"2026-08-04T16:33:11.0452602-03:00","level":"INFO","instance_id":"c8cdef81-4371-4930-9db2-fa5421175f42","message":"[c8cdef81-4371-4930-9db2-fa5421175f42] Client successfully validated - Connected: true"}
{"timestamp":"2026-08-04T16:33:12.5478668-03:00","level":"INFO","instance_id":"c8cdef81-4371-4930-9db2-fa5421175f42","message":"[c8cdef81-4371-4930-9db2-fa5421175f42] Checking client connection status - Client exists: true"}
{"timestamp":"2026-08-04T16:33:12.5478668-03:00","level":"INFO","instance_id":"c8cdef81-4371-4930-9db2-fa5421175f42","message":"[c8cdef81-4371-4930-9db2-fa5421175f42] Client successfully validated - Connected: true"}
{"timestamp":"2026-08-04T16:33:14.6587264-03:00","level":"INFO","instance_id":"c8cdef81-4371-4930-9db2-fa5421175f42","message":"[c8cdef81-4371-4930-9db2-fa5421175f42] Checking client connection status - Client exists: true"}
{"timestamp":"2026-08-04T16:33:14.6587264-03:00","level":"INFO","instance_id":"c8cdef81-4371-4930-9db2-fa5421175f42","message":"[c8cdef81-4371-4930-9db2-fa5421175f42] Client successfully validated - Connected: true"}
{"timestamp":"2026-08-04T16:33:16.1398715-03:00","level":"INFO","instance_id":"c8cdef81-4371-4930-9db2-fa5421175f42","message":"[c8cdef81-4371-4930-9db2-fa5421175f42] Checking client connection status - Client exists: true"}
{"timestamp":"2026-08-04T16:33:16.1398715-03:00","level":"INFO","instance_id":"c8cdef81-4371-4930-9db2-fa5421175f42","message":"[c8cdef81-4371-4930-9db2-fa5421175f42] Client successfully validated - Connected: true"}
{"timestamp":"2026-08-04T16:33:18.2551519-03:00","level":"INFO","instance_id":"c8cdef81-4371-4930-9db2-fa5421175f42","message":"[c8cdef81-4371-4930-9db2-fa5421175f42] Checking client connection status - Client exists: true"}
{"timestamp":"2026-08-04T16:33:18.2551519-03:00","level":"INFO","instance_id":"c8cdef81-4371-4930-9db2-fa5421175f42","message":"[c8cdef81-4371-4930-9db2-fa5421175f42] Client successfully validated - Connected: true"}
{"timestamp":"2026-08-04T16:33:19.749047-03:00","level":"INFO","instance_id":"c8cdef81-4371-4930-9db2-fa5421175f42","message":"[c8cdef81-4371-4930-9db2-fa5421175f42] Checking client connection status - Client exists: true"}
{"timestamp":"2026-08-04T16:33:19.749047-03:00","level":"INFO","instance_id":"c8cdef81-4371-4930-9db2-fa5421175f42","message":"[c8cdef81-4371-4930-9db2-fa5421175f42] Client successfully validated - Connected: true"}
{"timestamp":"2026-08-04T16:33:21.8505969-03:00","level":"INFO","instance_id":"c8cdef81-4371-4930-9db2-fa5421175f42","message":"[c8cdef81-4371-4930-9db2-fa5421175f42] Checking client connection status - Client exists: true"}
{"timestamp":"2026-08-04T16:33:21.8505969-03:00","level":"INFO","instance_id":"c8cdef81-4371-4930-9db2-fa5421175f42","message":"[c8cdef81-4371-4930-9db2-fa5421175f42] Client successfully validated - Connected: true"}
{"timestamp":"2026-08-04T16:33:23.348198-03:00","level":"INFO","instance_id":"c8cdef81-4371-4930-9db2-fa5421175f42","message":"[c8cdef81-4371-4930-9db2-fa5421175f42] Checking client connection status - Client exists: true"}
{"timestamp":"2026-08-04T16:33:23.348198-03:00","level":"INFO","instance_id":"c8cdef81-4371-4930-9db2-fa5421175f42","message":"[c8cdef81-4371-4930-9db2-fa5421175f42] Client successfully validated - Connected: true"}
{"timestamp":"2026-08-04T16:33:25.4509348-03:00","level":"INFO","instance_id":"c8cdef81-4371-4930-9db2-fa5421175f42","message":"[c8cdef81-4371-4930-9db2-fa5421175f42] Checking client connection status - Client exists: true"}
{"timestamp":"2026-08-04T16:33:25.4509348-03:00","level":"INFO","instance_id":"c8cdef81-4371-4930-9db2-fa5421175f42","message":"[c8cdef81-4371-4930-9db2-fa5421175f42] Client successfully validated - Connected: true"}
{"timestamp":"2026-08-04T16:33:26.9425343-03:00","level":"INFO","instance_id":"c8cdef81-4371-4930-9db2-fa5421175f42","message":"[c8cdef81-4371-4930-9db2-fa5421175f42] Checking client connection status - Client exists: true"}
{"timestamp":"2026-08-04T16:33:26.9425343-03:00","level":"INFO","instance_id":"c8cdef81-4371-4930-9db2-fa5421175f42","message":"[c8cdef81-4371-4930-9db2-fa5421175f42] Client successfully validated - Connected: true"}
{"timestamp":"2026-08-04T16:33:29.0741237-03:00","level":"INFO","instance_id":"c8cdef81-4371-4930-9db2-fa5421175f42","message":"[c8cdef81-4371-4930-9db2-fa5421175f42] Checking client connection status - Client exists: true"}
{"timestamp":"2026-08-04T16:33:29.0741237-03:00","level":"INFO","instance_id":"c8cdef81-4371-4930-9db2-fa5421175f42","message":"[c8cdef81-4371-4930-9db2-fa5421175f42] Client successfully validated - Connected: true"}
{"timestamp":"2026-08-04T16:33:30.538088-03:00","level":"INFO","instance_id":"c8cdef81-4371-4930-9db2-fa5421175f42","message":"[c8cdef81-4371-4930-9db2-fa5421175f42] Checking client connection status - Client exists: true"}
{"timestamp":"2026-08-04T16:33:30.538088-03:00","level":"INFO","instance_id":"c8cdef81-4371-4930-9db2-fa5421175f42","message":"[c8cdef81-4371-4930-9db2-fa5421175f42] Client successfully validated - Connected: true"}
{"timestamp":"2026-08-04T16:33:32.6541593-03:00","level":"INFO","instance_id":"c8cdef81-4371-4930-9db2-fa5421175f42","message":"[c8cdef81-4371-4930-9db2-fa5421175f42] Checking client connection status - Client exists: true"}
{"timestamp":"2026-08-04T16:33:32.6541593-03:00","level":"INFO","instance_id":"c8cdef81-4371-4930-9db2-fa5421175f42","message":"[c8cdef81-4371-4930-9db2-fa5421175f42] Client successfully validated - Connected: true"}
{"timestamp":"2026-08-04T16:33:34.1475506-03:00","level":"INFO","instance_id":"c8cdef81-4371-4930-9db2-fa5421175f42","message":"[c8cdef81-4371-4930-9db2-fa5421175f42] Checking client connection status - Client exists: true"}
{"timestamp":"2026-08-04T16:33:34.1475506-03:00","level":"INFO","instance_id":"c8cdef81-4371-4930-9db2-fa5421175f42","message":"[c8cdef81-4371-4930-9db2-fa5421175f42] Client successfully validated - Connected: true"}
{"timestamp":"2026-08-04T16:33:36.2499825-03:00","level":"INFO","instance_id":"c8cdef81-4371-4930-9db2-fa5421175f42","message":"[c8cdef81-4371-4930-9db2-fa5421175f42] Checking client connection status - Client exists: true"}
{"timestamp":"2026-08-04T16:33:36.2499825-03:00","level":"INFO","instance_id":"c8cdef81-4371-4930-9db2-fa5421175f42","message":"[c8cdef81-4371-4930-9db2-fa5421175f42] Client successfully validated - Connected: true"}
{"timestamp":"2026-08-04T16:33:37.7483343-03:00","level":"INFO","instance_id":"c8cdef81-4371-4930-9db2-fa5421175f42","message":"[c8cdef81-4371-4930-9db2-fa5421175f42] Checking client connection status - Client exists: true"}
{"timestamp":"2026-08-04T16:33:37.7483343-03:00","level":"INFO","instance_id":"c8cdef81-4371-4930-9db2-fa5421175f42","message":"[c8cdef81-4371-4930-9db2-fa5421175f42] Client successfully validated - Connected: true"}
{"timestamp":"2026-08-04T16:33:39.8597809-03:00","level":"INFO","instance_id":"c8cdef81-4371-4930-9db2-fa5421175f42","message":"[c8cdef81-4371-4930-9db2-fa5421175f42] Checking client connection status - Client exists: true"}
{"timestamp":"2026-08-04T16:33:39.8597809-03:00","level":"INFO","instance_id":"c8cdef81-4371-4930-9db2-fa5421175f42","message":"[c8cdef81-4371-4930-9db2-fa5421175f42] Client successfully validated - Connected: true"}
{"timestamp":"2026-08-04T16:33:41.343099-03:00","level":"INFO","instance_id":"c8cdef81-4371-4930-9db2-fa5421175f42","message":"[c8cdef81-4371-4930-9db2-fa5421175f42] Checking client connection status - Client exists: true"}
{"timestamp":"2026-08-04T16:33:41.343099-03:00","level":"INFO","instance_id":"c8cdef81-4371-4930-9db2-fa5421175f42","message":"[c8cdef81-4371-4930-9db2-fa5421175f42] Client successfully validated - Connected: true"}
{"timestamp":"2026-08-04T16:33:43.4466216-03:00","level":"INFO","instance_id":"c8cdef81-4371-4930-9db2-fa5421175f42","message":"[c8cdef81-4371-4930-9db2-fa5421175f42] Checking client connection status - Client exists: true"}
{"timestamp":"2026-08-04T16:33:43.4466216-03:00","level":"INFO","instance_id":"c8cdef81-4371-4930-9db2-fa5421175f42","message":"[c8cdef81-4371-4930-9db2-fa5421175f42] Client successfully validated - Connected: true"}
{"timestamp":"2026-08-04T16:33:44.9572385-03:00","level":"INFO","instance_id":"c8cdef81-4371-4930-9db2-fa5421175f42","message":"[c8cdef81-4371-4930-9db2-fa5421175f42] Checking client connection status - Client exists: true"}
{"timestamp":"2026-08-04T16:33:44.9572385-03:00","level":"INFO","instance_id":"c8cdef81-4371-4930-9db2-fa5421175f42","message":"[c8cdef81-4371-4930-9db2-fa5421175f42] Client successfully validated - Connected: true"}
{"timestamp":"2026-08-04T16:33:47.0542408-03:00","level":"INFO","instance_id":"c8cdef81-4371-4930-9db2-fa5421175f42","message":"[c8cdef81-4371-4930-9db2-fa5421175f42] Checking client connection status - Client exists: true"}
{"timestamp":"2026-08-04T16:33:47.0542408-03:00","level":"INFO","instance_id":"c8cdef81-4371-4930-9db2-fa5421175f42","message":"[c8cdef81-4371-4930-9db2-fa5421175f42] Client successfully validated - Connected: true"}
{"timestamp":"2026-08-04T16:33:48.5511711-03:00","level":"INFO","instance_id":"c8cdef81-4371-4930-9db2-fa5421175f42","message":"[c8cdef81-4371-4930-9db2-fa5421175f42] Checking client connection status - Client exists: true"}
{"timestamp":"2026-08-04T16:33:48.5511711-03:00","level":"INFO","instance_id":"c8cdef81-4371-4930-9db2-fa5421175f42","message":"[c8cdef81-4371-4930-9db2-fa5421175f42] Client successfully validated - Connected: true"}
{"timestamp":"2026-08-04T16:33:50.6765243-03:00","level":"INFO","instance_id":"c8cdef81-4371-4930-9db2-fa5421175f42","message":"[c8cdef81-4371-4930-9db2-fa5421175f42] Checking client connection status - Client exists: true"}
{"timestamp":"2026-08-04T16:33:50.6765243-03:00","level":"INFO","instance_id":"c8cdef81-4371-4930-9db2-fa5421175f42","message":"[c8cdef81-4371-4930-9db2-fa5421175f42] Client successfully validated - Connected: true"}
{"timestamp":"2026-08-04T16:33:52.1538272-03:00","level":"INFO","instance_id":"c8cdef81-4371-4930-9db2-fa5421175f42","message":"[c8cdef81-4371-4930-9db2-fa5421175f42] Checking client connection status - Client exists: true"}
{"timestamp":"2026-08-04T16:33:52.1538272-03:00","level":"INFO","instance_id":"c8cdef81-4371-4930-9db2-fa5421175f42","message":"[c8cdef81-4371-4930-9db2-fa5421175f42] Client successfully validated - Connected: true"}
{"timestamp":"2026-08-04T16:33:54.2516865-03:00","level":"INFO","instance_id":"c8cdef81-4371-4930-9db2-fa5421175f42","message":"[c8cdef81-4371-4930-9db2-fa5421175f42] Checking client connection status - Client exists: true"}
{"timestamp":"2026-08-04T16:33:54.2516865-03:00","level":"INFO","instance_id":"c8cdef81-4371-4930-9db2-fa5421175f42","message":"[c8cdef81-4371-4930-9db2-fa5421175f42] Client successfully validated - Connected: true"}
{"timestamp":"2026-08-04T16:33:55.7493994-03:00","level":"INFO","instance_id":"c8cdef81-4371-4930-9db2-fa5421175f42","message":"[c8cdef81-4371-4930-9db2-fa5421175f42] Checking client connection status - Client exists: true"}
{"timestamp":"2026-08-04T16:33:55.7493994-03:00","level":"INFO","instance_id":"c8cdef81-4371-4930-9db2-fa5421175f42","message":"[c8cdef81-4371-4930-9db2-fa5421175f42] Client successfully validated - Connected: true"}
{"timestamp":"2026-08-04T16:33:57.8603041-03:00","level":"INFO","instance_id":"c8cdef81-4371-4930-9db2-fa5421175f42","message":"[c8cdef81-4371-4930-9db2-fa5421175f42] Checking client connection status - Client exists: true"}
{"timestamp":"2026-08-04T16:33:57.8603041-03:00","level":"INFO","instance_id":"c8cdef81-4371-4930-9db2-fa5421175f42","message":"[c8cdef81-4371-4930-9db2-fa5421175f42] Client successfully validated - Connected: true"}
{"timestamp":"2026-08-04T16:33:59.3468569-03:00","level":"INFO","instance_id":"c8cdef81-4371-4930-9db2-fa5421175f42","message":"[c8cdef81-4371-4930-9db2-fa5421175f42] Checking client connection status - Client exists: true"}
{"timestamp":"2026-08-04T16:33:59.3468569-03:00","level":"INFO","instance_id":"c8cdef81-4371-4930-9db2-fa5421175f42","message":"[c8cdef81-4371-4930-9db2-fa5421175f42] Client successfully validated - Connected: true"}
{"timestamp":"2026-08-04T16:34:02.0534226-03:00","level":"INFO","instance_id":"c8cdef81-4371-4930-9db2-fa5421175f42","message":"[c8cdef81-4371-4930-9db2-fa5421175f42] Checking client connection status - Client exists: true"}
{"timestamp":"2026-08-04T16:34:02.0534226-03:00","level":"INFO","instance_id":"c8cdef81-4371-4930-9db2-fa5421175f42","message":"[c8cdef81-4371-4930-9db2-fa5421175f42] Client successfully validated - Connected: true"}
{"timestamp":"2026-08-04T16:34:02.9308769-03:00","level":"INFO","instance_id":"c8cdef81-4371-4930-9db2-fa5421175f42","message":"[c8cdef81-4371-4930-9db2-fa5421175f42] Checking client connection status - Client exists: true"}
{"timestamp":"2026-08-04T16:34:02.9308769-03:00","level":"INFO","instance_id":"c8cdef81-4371-4930-9db2-fa5421175f42","message":"[c8cdef81-4371-4930-9db2-fa5421175f42] Client successfully validated - Connected: true"}
{"timestamp":"2026-08-04T16:34:05.0440549-03:00","level":"INFO","instance_id":"c8cdef81-4371-4930-9db2-fa5421175f42","message":"[c8cdef81-4371-4930-9db2-fa5421175f42] Checking client connection status - Client exists: true"}
{"timestamp":"2026-08-04T16:34:05.0440549-03:00","level":"INFO","instance_id":"c8cdef81-4371-4930-9db2-fa5421175f42","message":"[c8cdef81-4371-4930-9db2-fa5421175f42] Client successfully validated - Connected: true"}
{"timestamp":"2026-08-04T16:34:06.5217286-03:00","level":"INFO","instance_id":"c8cdef81-4371-4930-9db2-fa5421175f42","message":"[c8cdef81-4371-4930-9db2-fa5421175f42] Checking client connection status - Client exists: true"}
{"timestamp":"2026-08-04T16:34:06.5217286-03:00","level":"INFO","instance_id":"c8cdef81-4371-4930-9db2-fa5421175f42","message":"[c8cdef81-4371-4930-9db2-fa5421175f42] Client successfully validated - Connected: true"}
{"timestamp":"2026-08-04T16:34:08.6319732-03:00","level":"INFO","instance_id":"c8cdef81-4371-4930-9db2-fa5421175f42","message":"[c8cdef81-4371-4930-9db2-fa5421175f42] Checking client connection status - Client exists: true"}
{"timestamp":"2026-08-04T16:34:08.6319732-03:00","level":"INFO","instance_id":"c8cdef81-4371-4930-9db2-fa5421175f42","message":"[c8cdef81-4371-4930-9db2-fa5421175f42] Client successfully validated - Connected: true"}
{"timestamp":"2026-08-04T16:34:10.1254924-03:00","level":"INFO","instance_id":"c8cdef81-4371-4930-9db2-fa5421175f42","message":"[c8cdef81-4371-4930-9db2-fa5421175f42] Checking client connection status - Client exists: true"}
{"timestamp":"2026-08-04T16:34:10.1254924-03:00","level":"INFO","instance_id":"c8cdef81-4371-4930-9db2-fa5421175f42","message":"[c8cdef81-4371-4930-9db2-fa5421175f42] Client successfully validated - Connected: true"}
{"timestamp":"2026-08-04T16:34:12.2451866-03:00","level":"INFO","instance_id":"c8cdef81-4371-4930-9db2-fa5421175f42","message":"[c8cdef81-4371-4930-9db2-fa5421175f42] Checking client connection status - Client exists: true"}
{"timestamp":"2026-08-04T16:34:12.2451866-03:00","level":"INFO","instance_id":"c8cdef81-4371-4930-9db2-fa5421175f42","message":"[c8cdef81-4371-4930-9db2-fa5421175f42] Client successfully validated - Connected: true"}
{"timestamp":"2026-08-04T16:34:13.7238881-03:00","level":"INFO","instance_id":"c8cdef81-4371-4930-9db2-fa5421175f42","message":"[c8cdef81-4371-4930-9db2-fa5421175f42] Checking client connection status - Client exists: true"}
{"timestamp":"2026-08-04T16:34:13.7238881-03:00","level":"INFO","instance_id":"c8cdef81-4371-4930-9db2-fa5421175f42","message":"[c8cdef81-4371-4930-9db2-fa5421175f42] Client successfully validated - Connected: true"}
{"timestamp":"2026-08-04T16:34:15.8441109-03:00","level":"INFO","instance_id":"c8cdef81-4371-4930-9db2-fa5421175f42","message":"[c8cdef81-4371-4930-9db2-fa5421175f42] Checking client connection status - Client exists: true"}
{"timestamp":"2026-08-04T16:34:15.8441109-03:00","level":"INFO","instance_id":"c8cdef81-4371-4930-9db2-fa5421175f42","message":"[c8cdef81-4371-4930-9db2-fa5421175f42] Client successfully validated - Connected: true"}
{"timestamp":"2026-08-04T16:34:17.322331-03:00","level":"INFO","instance_id":"c8cdef81-4371-4930-9db2-fa5421175f42","message":"[c8cdef81-4371-4930-9db2-fa5421175f42] Checking client connection status - Client exists: true"}
{"timestamp":"2026-08-04T16:34:17.322331-03:00","level":"INFO","instance_id":"c8cdef81-4371-4930-9db2-fa5421175f42","message":"[c8cdef81-4371-4930-9db2-fa5421175f42] Client successfully validated - Connected: true"}
{"timestamp":"2026-08-04T16:34:19.4450681-03:00","level":"INFO","instance_id":"c8cdef81-4371-4930-9db2-fa5421175f42","message":"[c8cdef81-4371-4930-9db2-fa5421175f42] Checking client connection status - Client exists: true"}
{"timestamp":"2026-08-04T16:34:19.4450681-03:00","level":"INFO","instance_id":"c8cdef81-4371-4930-9db2-fa5421175f42","message":"[c8cdef81-4371-4930-9db2-fa5421175f42] Client successfully validated - Connected: true"}
{"timestamp":"2026-08-04T16:34:20.9272273-03:00","level":"INFO","instance_id":"c8cdef81-4371-4930-9db2-fa5421175f42","message":"[c8cdef81-4371-4930-9db2-fa5421175f42] Checking client connection status - Client exists: true"}
{"timestamp":"2026-08-04T16:34:20.9272273-03:00","level":"INFO","instance_id":"c8cdef81-4371-4930-9db2-fa5421175f42","message":"[c8cdef81-4371-4930-9db2-fa5421175f42] Client successfully validated - Connected: true"}
{"timestamp":"2026-08-04T16:34:23.0471231-03:00","level":"INFO","instance_id":"c8cdef81-4371-4930-9db2-fa5421175f42","message":"[c8cdef81-4371-4930-9db2-fa5421175f42] Checking client connection status - Client exists: true"}
{"timestamp":"2026-08-04T16:34:23.0471231-03:00","level":"INFO","instance_id":"c8cdef81-4371-4930-9db2-fa5421175f42","message":"[c8cdef81-4371-4930-9db2-fa5421175f42] Client successfully validated - Connected: true"}
{"timestamp":"2026-08-04T16:34:24.5309175-03:00","level":"INFO","instance_id":"c8cdef81-4371-4930-9db2-fa5421175f42","message":"[c8cdef81-4371-4930-9db2-fa5421175f42] Checking client connection status - Client exists: true"}
{"timestamp":"2026-08-04T16:34:24.5309175-03:00","level":"INFO","instance_id":"c8cdef81-4371-4930-9db2-fa5421175f42","message":"[c8cdef81-4371-4930-9db2-fa5421175f42] Client successfully validated - Connected: true"}
{"timestamp":"2026-08-04T16:34:26.6378783-03:00","level":"INFO","instance_id":"c8cdef81-4371-4930-9db2-fa5421175f42","message":"[c8cdef81-4371-4930-9db2-fa5421175f42] Checking client connection status - Client exists: true"}
{"timestamp":"2026-08-04T16:34:26.6378783-03:00","level":"INFO","instance_id":"c8cdef81-4371-4930-9db2-fa5421175f42","message":"[c8cdef81-4371-4930-9db2-fa5421175f42] Client successfully validated - Connected: true"}
{"timestamp":"2026-08-04T16:34:28.1190264-03:00","level":"INFO","instance_id":"c8cdef81-4371-4930-9db2-fa5421175f42","message":"[c8cdef81-4371-4930-9db2-fa5421175f42] Checking client connection status - Client exists: true"}
{"timestamp":"2026-08-04T16:34:28.1190264-03:00","level":"INFO","instance_id":"c8cdef81-4371-4930-9db2-fa5421175f42","message":"[c8cdef81-4371-4930-9db2-fa5421175f42] Client successfully validated - Connected: true"}
{"timestamp":"2026-08-04T16:34:30.2323457-03:00","level":"INFO","instance_id":"c8cdef81-4371-4930-9db2-fa5421175f42","message":"[c8cdef81-4371-4930-9db2-fa5421175f42] Checking client connection status - Client exists: true"}
{"timestamp":"2026-08-04T16:34:30.2323457-03:00","level":"INFO","instance_id":"c8cdef81-4371-4930-9db2-fa5421175f42","message":"[c8cdef81-4371-4930-9db2-fa5421175f42] Client successfully validated - Connected: true"}
{"timestamp":"2026-08-04T16:34:31.7278599-03:00","level":"INFO","instance_id":"c8cdef81-4371-4930-9db2-fa5421175f42","message":"[c8cdef81-4371-4930-9db2-fa5421175f42] Checking client connection status - Client exists: true"}
{"timestamp":"2026-08-04T16:34:31.7278599-03:00","level":"INFO","instance_id":"c8cdef81-4371-4930-9db2-fa5421175f42","message":"[c8cdef81-4371-4930-9db2-fa5421175f42] Client successfully validated - Connected: true"}
{"timestamp":"2026-08-04T16:34:33.8447792-03:00","level":"INFO","instance_id":"c8cdef81-4371-4930-9db2-fa5421175f42","message":"[c8cdef81-4371-4930-9db2-fa5421175f42] Checking client connection status - Client exists: true"}
{"timestamp":"2026-08-04T16:34:33.8447792-03:00","level":"INFO","instance_id":"c8cdef81-4371-4930-9db2-fa5421175f42","message":"[c8cdef81-4371-4930-9db2-fa5421175f42] Client successfully validated - Connected: true"}
{"timestamp":"2026-08-04T16:34:35.3333392-03:00","level":"INFO","instance_id":"c8cdef81-4371-4930-9db2-fa5421175f42","message":"[c8cdef81-4371-4930-9db2-fa5421175f42] Checking client connection status - Client exists: true"}
{"timestamp":"2026-08-04T16:34:35.3333392-03:00","level":"INFO","instance_id":"c8cdef81-4371-4930-9db2-fa5421175f42","message":"[c8cdef81-4371-4930-9db2-fa5421175f42] Client successfully validated - Connected: true"}
{"timestamp":"2026-08-04T16:34:37.4331449-03:00","level":"INFO","instance_id":"c8cdef81-4371-4930-9db2-fa5421175f42","message":"[c8cdef81-4371-4930-9db2-fa5421175f42] Checking client connection status - Client exists: true"}
{"timestamp":"2026-08-04T16:34:37.4331449-03:00","level":"INFO","instance_id":"c8cdef81-4371-4930-9db2-fa5421175f42","message":"[c8cdef81-4371-4930-9db2-fa5421175f42] Client successfully validated - Connected: true"}
{"timestamp":"2026-08-04T16:34:38.929264-03:00","level":"INFO","instance_id":"c8cdef81-4371-4930-9db2-fa5421175f42","message":"[c8cdef81-4371-4930-9db2-fa5421175f42] Checking client connection status - Client exists: true"}
{"timestamp":"2026-08-04T16:34:38.929264-03:00","level":"INFO","instance_id":"c8cdef81-4371-4930-9db2-fa5421175f42","message":"[c8cdef81-4371-4930-9db2-fa5421175f42] Client successfully validated - Connected: true"}
{"timestamp":"2026-08-04T16:34:41.0287995-03:00","level":"INFO","instance_id":"c8cdef81-4371-4930-9db2-fa5421175f42","message":"[c8cdef81-4371-4930-9db2-fa5421175f42] Checking client connection status - Client exists: true"}
{"timestamp":"2026-08-04T16:34:41.0287995-03:00","level":"INFO","instance_id":"c8cdef81-4371-4930-9db2-fa5421175f42","message":"[c8cdef81-4371-4930-9db2-fa5421175f42] Client successfully validated - Connected: true"}
{"timestamp":"2026-08-04T16:34:42.5329104-03:00","level":"INFO","instance_id":"c8cdef81-4371-4930-9db2-fa5421175f42","message":"[c8cdef81-4371-4930-9db2-fa5421175f42] Checking client connection status - Client exists: true"}
{"timestamp":"2026-08-04T16:34:42.5329104-03:00","level":"INFO","instance_id":"c8cdef81-4371-4930-9db2-fa5421175f42","message":"[c8cdef81-4371-4930-9db2-fa5421175f42] Client successfully validated - Connected: true"}
{"timestamp":"2026-08-04T16:34:44.6563985-03:00","level":"INFO","instance_id":"c8cdef81-4371-4930-9db2-fa5421175f42","message":"[c8cdef81-4371-4930-9db2-fa5421175f42] Checking client connection status - Client exists: true"}
{"timestamp":"2026-08-04T16:34:44.6563985-03:00","level":"INFO","instance_id":"c8cdef81-4371-4930-9db2-fa5421175f42","message":"[c8cdef81-4371-4930-9db2-fa5421175f42] Client successfully validated - Connected: true"}
{"timestamp":"2026-08-04T16:34:46.1227701-03:00","level":"INFO","instance_id":"c8cdef81-4371-4930-9db2-fa5421175f42","message":"[c8cdef81-4371-4930-9db2-fa5421175f42] Checking client connection status - Client exists: true"}
{"timestamp":"2026-08-04T16:34:46.1227701-03:00","level":"INFO","instance_id":"c8cdef81-4371-4930-9db2-fa5421175f42","message":"[c8cdef81-4371-4930-9db2-fa5421175f42] Client successfully validated - Connected: true"}
{"timestamp":"2026-08-04T16:34:48.2428831-03:00","level":"INFO","instance_id":"c8cdef81-4371-4930-9db2-fa5421175f42","message":"[c8cdef81-4371-4930-9db2-fa5421175f42] Checking client connection status - Client exists: true"}
{"timestamp":"2026-08-04T16:34:48.2428831-03:00","level":"INFO","instance_id":"c8cdef81-4371-4930-9db2-fa5421175f42","message":"[c8cdef81-4371-4930-9db2-fa5421175f42] Client successfully validated - Connected: true"}
{"timestamp":"2026-08-04T16:34:49.7259214-03:00","level":"INFO","instance_id":"c8cdef81-4371-4930-9db2-fa5421175f42","message":"[c8cdef81-4371-4930-9db2-fa5421175f42] Checking client connection status - Client exists: true"}
{"timestamp":"2026-08-04T16:34:49.7259214-03:00","level":"INFO","instance_id":"c8cdef81-4371-4930-9db2-fa5421175f42","message":"[c8cdef81-4371-4930-9db2-fa5421175f42] Client successfully validated - Connected: true"}
{"timestamp":"2026-08-04T16:34:51.8547725-03:00","level":"INFO","instance_id":"c8cdef81-4371-4930-9db2-fa5421175f42","message":"[c8cdef81-4371-4930-9db2-fa5421175f42] Checking client connection status - Client exists: true"}
{"timestamp":"2026-08-04T16:34:51.8547725-03:00","level":"INFO","instance_id":"c8cdef81-4371-4930-9db2-fa5421175f42","message":"[c8cdef81-4371-4930-9db2-fa5421175f42] Client successfully validated - Connected: true"}
{"timestamp":"2026-08-04T16:34:53.3204703-03:00","level":"INFO","instance_id":"c8cdef81-4371-4930-9db2-fa5421175f42","message":"[c8cdef81-4371-4930-9db2-fa5421175f42] Checking client connection status - Client exists: true"}
{"timestamp":"2026-08-04T16:34:53.3204703-03:00","level":"INFO","instance_id":"c8cdef81-4371-4930-9db2-fa5421175f42","message":"[c8cdef81-4371-4930-9db2-fa5421175f42] Client successfully validated - Connected: true"}
{"timestamp":"2026-08-04T16:34:55.4346411-03:00","level":"INFO","instance_id":"c8cdef81-4371-4930-9db2-fa5421175f42","message":"[c8cdef81-4371-4930-9db2-fa5421175f42] Checking client connection status - Client exists: true"}
{"timestamp":"2026-08-04T16:34:55.4346411-03:00","level":"INFO","instance_id":"c8cdef81-4371-4930-9db2-fa5421175f42","message":"[c8cdef81-4371-4930-9db2-fa5421175f42] Client successfully validated - Connected: true"}
{"timestamp":"2026-08-04T16:34:56.9326262-03:00","level":"INFO","instance_id":"c8cdef81-4371-4930-9db2-fa5421175f42","message":"[c8cdef81-4371-4930-9db2-fa5421175f42] Checking client connection status - Client exists: true"}
{"timestamp":"2026-08-04T16:34:56.9326262-03:00","level":"INFO","instance_id":"c8cdef81-4371-4930-9db2-fa5421175f42","message":"[c8cdef81-4371-4930-9db2-fa5421175f42] Client successfully validated - Connected: true"}
{"timestamp":"2026-08-04T16:34:59.0390099-03:00","level":"INFO","instance_id":"c8cdef81-4371-4930-9db2-fa5421175f42","message":"[c8cdef81-4371-4930-9db2-fa5421175f42] Checking client connection status - Client exists: true"}
{"timestamp":"2026-08-04T16:34:59.0390099-03:00","level":"INFO","instance_id":"c8cdef81-4371-4930-9db2-fa5421175f42","message":"[c8cdef81-4371-4930-9db2-fa5421175f42] Client successfully validated - Connected: true"}
{"timestamp":"2026-08-04T16:35:00.535468-03:00","level":"INFO","instance_id":"c8cdef81-4371-4930-9db2-fa5421175f42","message":"[c8cdef81-4371-4930-9db2-fa5421175f42] Checking client connection status - Client exists: true"}
{"timestamp":"2026-08-04T16:35:00.535468-03:00","level":"INFO","instance_id":"c8cdef81-4371-4930-9db2-fa5421175f42","message":"[c8cdef81-4371-4930-9db2-fa5421175f42] Client successfully validated - Connected: true"}
{"timestamp":"2026-08-04T16:35:02.6323683-03:00","level":"INFO","instance_id":"c8cdef81-4371-4930-9db2-fa5421175f42","message":"[c8cdef81-4371-4930-9db2-fa5421175f42] Checking client connection status - Client exists: true"}
{"timestamp":"2026-08-04T16:35:02.6323683-03:00","level":"INFO","instance_id":"c8cdef81-4371-4930-9db2-fa5421175f42","message":"[c8cdef81-4371-4930-9db2-fa5421175f42] Client successfully validated - Connected: true"}
{"timestamp":"2026-08-04T16:35:04.1293049-03:00","level":"INFO","instance_id":"c8cdef81-4371-4930-9db2-fa5421175f42","message":"[c8cdef81-4371-4930-9db2-fa5421175f42] Checking client connection status - Client exists: true"}
{"timestamp":"2026-08-04T16:35:04.1293049-03:00","level":"INFO","instance_id":"c8cdef81-4371-4930-9db2-fa5421175f42","message":"[c8cdef81-4371-4930-9db2-fa5421175f42] Client successfully validated - Connected: true"}
{"timestamp":"2026-08-04T16:35:06.2310945-03:00","level":"INFO","instance_id":"c8cdef81-4371-4930-9db2-fa5421175f42","message":"[c8cdef81-4371-4930-9db2-fa5421175f42] Checking client connection status - Client exists: true"}
{"timestamp":"2026-08-04T16:35:06.2310945-03:00","level":"INFO","instance_id":"c8cdef81-4371-4930-9db2-fa5421175f42","message":"[c8cdef81-4371-4930-9db2-fa5421175f42] Client successfully validated - Connected: true"}
{"timestamp":"2026-08-04T16:35:07.7311862-03:00","level":"INFO","instance_id":"c8cdef81-4371-4930-9db2-fa5421175f42","message":"[c8cdef81-4371-4930-9db2-fa5421175f42] Checking client connection status - Client exists: true"}
{"timestamp":"2026-08-04T16:35:07.7311862-03:00","level":"INFO","instance_id":"c8cdef81-4371-4930-9db2-fa5421175f42","message":"[c8cdef81-4371-4930-9db2-fa5421175f42] Client successfully validated - Connected: true"}
{"timestamp":"2026-08-04T16:35:09.8322586-03:00","level":"INFO","instance_id":"c8cdef81-4371-4930-9db2-fa5421175f42","message":"[c8cdef81-4371-4930-9db2-fa5421175f42] Checking client connection status - Client exists: true"}
{"timestamp":"2026-08-04T16:35:09.8322586-03:00","level":"INFO","instance_id":"c8cdef81-4371-4930-9db2-fa5421175f42","message":"[c8cdef81-4371-4930-9db2-fa5421175f42] Client successfully validated - Connected: true"}
{"timestamp":"2026-08-04T16:35:11.3242682-03:00","level":"INFO","instance_id":"c8cdef81-4371-4930-9db2-fa5421175f42","message":"[c8cdef81-4371-4930-9db2-fa5421175f42] Checking client connection status - Client exists: true"}
{"timestamp":"2026-08-04T16:35:11.3242682-03:00","level":"INFO","instance_id":"c8cdef81-4371-4930-9db2-fa5421175f42","message":"[c8cdef81-4371-4930-9db2-fa5421175f42] Client successfully validated - Connected: true"}
{"timestamp":"2026-08-04T16:35:13.4368622-03:00","level":"INFO","instance_id":"c8cdef81-4371-4930-9db2-fa5421175f42","message":"[c8cdef81-4371-4930-9db2-fa5421175f42] Checking client connection status - Client exists: true"}
{"timestamp":"2026-08-04T16:35:13.4368622-03:00","level":"INFO","instance_id":"c8cdef81-4371-4930-9db2-fa5421175f42","message":"[c8cdef81-4371-4930-9db2-fa5421175f42] Client successfully validated - Connected: true"}
{"timestamp":"2026-08-04T16:35:15.1296096-03:00","level":"INFO","instance_id":"c8cdef81-4371-4930-9db2-fa5421175f42","message":"[c8cdef81-4371-4930-9db2-fa5421175f42] Checking client connection status - Client exists: true"}
{"timestamp":"2026-08-04T16:35:15.1296096-03:00","level":"INFO","instance_id":"c8cdef81-4371-4930-9db2-fa5421175f42","message":"[c8cdef81-4371-4930-9db2-fa5421175f42] Client successfully validated - Connected: true"}
{"timestamp":"2026-08-04T16:35:17.0366124-03:00","level":"INFO","instance_id":"c8cdef81-4371-4930-9db2-fa5421175f42","message":"[c8cdef81-4371-4930-9db2-fa5421175f42] Checking client connection status - Client exists: true"}
{"timestamp":"2026-08-04T16:35:17.0366124-03:00","level":"INFO","instance_id":"c8cdef81-4371-4930-9db2-fa5421175f42","message":"[c8cdef81-4371-4930-9db2-fa5421175f42] Client successfully validated - Connected: true"}
{"timestamp":"2026-08-04T16:35:18.5274902-03:00","level":"INFO","instance_id":"c8cdef81-4371-4930-9db2-fa5421175f42","message":"[c8cdef81-4371-4930-9db2-fa5421175f42] Checking client connection status - Client exists: true"}
{"timestamp":"2026-08-04T16:35:18.5274902-03:00","level":"INFO","instance_id":"c8cdef81-4371-4930-9db2-fa5421175f42","message":"[c8cdef81-4371-4930-9db2-fa5421175f42] Client successfully validated - Connected: true"}
{"timestamp":"2026-08-04T16:35:20.6366844-03:00","level":"INFO","instance_id":"c8cdef81-4371-4930-9db2-fa5421175f42","message":"[c8cdef81-4371-4930-9db2-fa5421175f42] Checking client connection status - Client exists: true"}
{"timestamp":"2026-08-04T16:35:20.6366844-03:00","level":"INFO","instance_id":"c8cdef81-4371-4930-9db2-fa5421175f42","message":"[c8cdef81-4371-4930-9db2-fa5421175f42] Client successfully validated - Connected: true"}
{"timestamp":"2026-08-04T16:35:22.1185176-03:00","level":"INFO","instance_id":"c8cdef81-4371-4930-9db2-fa5421175f42","message":"[c8cdef81-4371-4930-9db2-fa5421175f42] Checking client connection status - Client exists: true"}
{"timestamp":"2026-08-04T16:35:22.1185176-03:00","level":"INFO","instance_id":"c8cdef81-4371-4930-9db2-fa5421175f42","message":"[c8cdef81-4371-4930-9db2-fa5421175f42] Client successfully validated - Connected: true"}
{"timestamp":"2026-08-04T16:35:24.2426397-03:00","level":"INFO","instance_id":"c8cdef81-4371-4930-9db2-fa5421175f42","message":"[c8cdef81-4371-4930-9db2-fa5421175f42] Checking client connection status - Client exists: true"}
{"timestamp":"2026-08-04T16:35:24.2426397-03:00","level":"INFO","instance_id":"c8cdef81-4371-4930-9db2-fa5421175f42","message":"[c8cdef81-4371-4930-9db2-fa5421175f42] Client successfully validated - Connected: true"}
{"timestamp":"2026-08-04T16:35:25.732392-03:00","level":"INFO","instance_id":"c8cdef81-4371-4930-9db2-fa5421175f42","message":"[c8cdef81-4371-4930-9db2-fa5421175f42] Checking client connection status - Client exists: true"}
{"timestamp":"2026-08-04T16:35:25.732392-03:00","level":"INFO","instance_id":"c8cdef81-4371-4930-9db2-fa5421175f42","message":"[c8cdef81-4371-4930-9db2-fa5421175f42] Client successfully validated - Connected: true"}
{"timestamp":"2026-08-04T16:35:27.8335005-03:00","level":"INFO","instance_id":"c8cdef81-4371-4930-9db2-fa5421175f42","message":"[c8cdef81-4371-4930-9db2-fa5421175f42] Checking client connection status - Client exists: true"}
{"timestamp":"2026-08-04T16:35:27.8335005-03:00","level":"INFO","instance_id":"c8cdef81-4371-4930-9db2-fa5421175f42","message":"[c8cdef81-4371-4930-9db2-fa5421175f42] Client successfully validated - Connected: true"}
{"timestamp":"2026-08-04T16:35:29.3299499-03:00","level":"INFO","instance_id":"c8cdef81-4371-4930-9db2-fa5421175f42","message":"[c8cdef81-4371-4930-9db2-fa5421175f42] Checking client connection status - Client exists: true"}
{"timestamp":"2026-08-04T16:35:29.3299499-03:00","level":"INFO","instance_id":"c8cdef81-4371-4930-9db2-fa5421175f42","message":"[c8cdef81-4371-4930-9db2-fa5421175f42] Client successfully validated - Connected: true"}
{"timestamp":"2026-08-04T16:35:31.4354645-03:00","level":"INFO","instance_id":"c8cdef81-4371-4930-9db2-fa5421175f42","message":"[c8cdef81-4371-4930-9db2-fa5421175f42] Checking client connection status - Client exists: true"}
{"timestamp":"2026-08-04T16:35:31.4354645-03:00","level":"INFO","instance_id":"c8cdef81-4371-4930-9db2-fa5421175f42","message":"[c8cdef81-4371-4930-9db2-fa5421175f42] Client successfully validated - Connected: true"}
{"timestamp":"2026-08-04T16:35:32.9185939-03:00","level":"INFO","instance_id":"c8cdef81-4371-4930-9db2-fa5421175f42","message":"[c8cdef81-4371-4930-9db2-fa5421175f42] Checking client connection status - Client exists: true"}
{"timestamp":"2026-08-04T16:35:32.9185939-03:00","level":"INFO","instance_id":"c8cdef81-4371-4930-9db2-fa5421175f42","message":"[c8cdef81-4371-4930-9db2-fa5421175f42] Client successfully validated - Connected: true"}
{"timestamp":"2026-08-04T16:35:35.0350958-03:00","level":"INFO","instance_id":"c8cdef81-4371-4930-9db2-fa5421175f42","message":"[c8cdef81-4371-4930-9db2-fa5421175f42] Checking client connection status - Client exists: true"}
{"timestamp":"2026-08-04T16:35:35.0350958-03:00","level":"INFO","instance_id":"c8cdef81-4371-4930-9db2-fa5421175f42","message":"[c8cdef81-4371-4930-9db2-fa5421175f42] Client successfully validated - Connected: true"}
{"timestamp":"2026-08-04T16:35:36.5257394-03:00","level":"INFO","instance_id":"c8cdef81-4371-4930-9db2-fa5421175f42","message":"[c8cdef81-4371-4930-9db2-fa5421175f42] Checking client connection status - Client exists: true"}
{"timestamp":"2026-08-04T16:35:36.5257394-03:00","level":"INFO","instance_id":"c8cdef81-4371-4930-9db2-fa5421175f42","message":"[c8cdef81-4371-4930-9db2-fa5421175f42] Client successfully validated - Connected: true"}
{"timestamp":"2026-08-04T16:35:38.6452144-03:00","level":"INFO","instance_id":"c8cdef81-4371-4930-9db2-fa5421175f42","message":"[c8cdef81-4371-4930-9db2-fa5421175f42] Checking client connection status - Client exists: true"}
{"timestamp":"2026-08-04T16:35:38.6452144-03:00","level":"INFO","instance_id":"c8cdef81-4371-4930-9db2-fa5421175f42","message":"[c8cdef81-4371-4930-9db2-fa5421175f42] Client successfully validated - Connected: true"}
{"timestamp":"2026-08-04T16:35:40.1293002-03:00","level":"INFO","instance_id":"c8cdef81-4371-4930-9db2-fa5421175f42","message":"[c8cdef81-4371-4930-9db2-fa5421175f42] Checking client connection status - Client exists: true"}
{"timestamp":"2026-08-04T16:35:40.1293002-03:00","level":"INFO","instance_id":"c8cdef81-4371-4930-9db2-fa5421175f42","message":"[c8cdef81-4371-4930-9db2-fa5421175f42] Client successfully validated - Connected: true"}
{"timestamp":"2026-08-04T16:35:42.2602018-03:00","level":"INFO","instance_id":"c8cdef81-4371-4930-9db2-fa5421175f42","message":"[c8cdef81-4371-4930-9db2-fa5421175f42] Checking client connection status - Client exists: true"}
{"timestamp":"2026-08-04T16:35:42.2602018-03:00","level":"INFO","instance_id":"c8cdef81-4371-4930-9db2-fa5421175f42","message":"[c8cdef81-4371-4930-9db2-fa5421175f42] Client successfully validated - Connected: true"}
{"timestamp":"2026-08-04T16:35:43.7314562-03:00","level":"INFO","instance_id":"c8cdef81-4371-4930-9db2-fa5421175f42","message":"[c8cdef81-4371-4930-9db2-fa5421175f42] Checking client connection status - Client exists: true"}
{"timestamp":"2026-08-04T16:35:43.7314562-03:00","level":"INFO","instance_id":"c8cdef81-4371-4930-9db2-fa5421175f42","message":"[c8cdef81-4371-4930-9db2-fa5421175f42] Client successfully validated - Connected: true"}
{"timestamp":"2026-08-04T16:35:45.8322245-03:00","level":"INFO","instance_id":"c8cdef81-4371-4930-9db2-fa5421175f42","message":"[c8cdef81-4371-4930-9db2-fa5421175f42] Checking client connection status - Client exists: true"}
{"timestamp":"2026-08-04T16:35:45.8322245-03:00","level":"INFO","instance_id":"c8cdef81-4371-4930-9db2-fa5421175f42","message":"[c8cdef81-4371-4930-9db2-fa5421175f42] Client successfully validated - Connected: true"}
{"timestamp":"2026-08-04T16:35:47.3222919-03:00","level":"INFO","instance_id":"c8cdef81-4371-4930-9db2-fa5421175f42","message":"[c8cdef81-4371-4930-9db2-fa5421175f42] Checking client connection status - Client exists: true"}
{"timestamp":"2026-08-04T16:35:47.3222919-03:00","level":"INFO","instance_id":"c8cdef81-4371-4930-9db2-fa5421175f42","message":"[c8cdef81-4371-4930-9db2-fa5421175f42] Client successfully validated - Connected: true"}
{"timestamp":"2026-08-04T16:35:49.4476208-03:00","level":"INFO","instance_id":"c8cdef81-4371-4930-9db2-fa5421175f42","message":"[c8cdef81-4371-4930-9db2-fa5421175f42] Checking client connection status - Client exists: true"}
{"timestamp":"2026-08-04T16:35:49.4476208-03:00","level":"INFO","instance_id":"c8cdef81-4371-4930-9db2-fa5421175f42","message":"[c8cdef81-4371-4930-9db2-fa5421175f42] Client successfully validated - Connected: true"}
{"timestamp":"2026-08-04T16:35:50.9323127-03:00","level":"INFO","instance_id":"c8cdef81-4371-4930-9db2-fa5421175f42","message":"[c8cdef81-4371-4930-9db2-fa5421175f42] Checking client connection status - Client exists: true"}
{"timestamp":"2026-08-04T16:35:50.9323127-03:00","level":"INFO","instance_id":"c8cdef81-4371-4930-9db2-fa5421175f42","message":"[c8cdef81-4371-4930-9db2-fa5421175f42] Client successfully validated - Connected: true"}
{"timestamp":"2026-08-04T16:35:53.0559287-03:00","level":"INFO","instance_id":"c8cdef81-4371-4930-9db2-fa5421175f42","message":"[c8cdef81-4371-4930-9db2-fa5421175f42] Checking client connection status - Client exists: true"}
{"timestamp":"2026-08-04T16:35:53.0559287-03:00","level":"INFO","instance_id":"c8cdef81-4371-4930-9db2-fa5421175f42","message":"[c8cdef81-4371-4930-9db2-fa5421175f42] Client successfully validated - Connected: true"}
{"timestamp":"2026-08-04T16:35:54.3714404-03:00","level":"INFO","instance_id":"c8cdef81-4371-4930-9db2-fa5421175f42","message":"[c8cdef81-4371-4930-9db2-fa5421175f42] ===== MESSAGE PROCESSING COMPLETED ===== ID: 3EB0134DDD5247A499CD89, From: 120363426278941464@g.us, Type: text, Webhook: true"}
{"timestamp":"2026-08-04T16:35:54.3725433-03:00","level":"INFO","instance_id":"c8cdef81-4371-4930-9db2-fa5421175f42","message":"[c8cdef81-4371-4930-9db2-fa5421175f42] ===== DISPATCHING WEBHOOK ===== Event: Message, Queue: c8cdef81-4371-4930-9db2-fa5421175f42.message, DataSize: 73350 bytes"}
{"timestamp":"2026-08-04T16:35:54.3725433-03:00","level":"INFO","instance_id":"c8cdef81-4371-4930-9db2-fa5421175f42","message":"[c8cdef81-4371-4930-9db2-fa5421175f42] ===== DISPATCHING WEBHOOK ===== Event: GroupInfo, Queue: c8cdef81-4371-4930-9db2-fa5421175f42.groupinfo, DataSize: 728 bytes"}
{"timestamp":"2026-08-04T16:35:54.3725433-03:00","level":"INFO","instance_id":"c8cdef81-4371-4930-9db2-fa5421175f42","message":"[c8cdef81-4371-4930-9db2-fa5421175f42] subscriptions [MESSAGE] eventType GroupInfo"}
{"timestamp":"2026-08-04T16:35:54.3731427-03:00","level":"INFO","instance_id":"c8cdef81-4371-4930-9db2-fa5421175f42","message":"[c8cdef81-4371-4930-9db2-fa5421175f42] subscriptions [MESSAGE] eventType Message"}
{"timestamp":"2026-08-04T16:35:54.3731427-03:00","level":"INFO","instance_id":"c8cdef81-4371-4930-9db2-fa5421175f42","message":"[c8cdef81-4371-4930-9db2-fa5421175f42] Event received of type Message"}
{"timestamp":"2026-08-04T16:35:54.5206387-03:00","level":"INFO","instance_id":"c8cdef81-4371-4930-9db2-fa5421175f42","message":"[c8cdef81-4371-4930-9db2-fa5421175f42] Checking client connection status - Client exists: true"}
{"timestamp":"2026-08-04T16:35:54.5206387-03:00","level":"INFO","instance_id":"c8cdef81-4371-4930-9db2-fa5421175f42","message":"[c8cdef81-4371-4930-9db2-fa5421175f42] Client successfully validated - Connected: true"}
{"timestamp":"2026-08-04T16:35:55.3054902-03:00","level":"INFO","instance_id":"c8cdef81-4371-4930-9db2-fa5421175f42","message":"[c8cdef81-4371-4930-9db2-fa5421175f42] ===== DISPATCHING WEBHOOK ===== Event: GroupInfo, Queue: c8cdef81-4371-4930-9db2-fa5421175f42.groupinfo, DataSize: 716 bytes"}
{"timestamp":"2026-08-04T16:35:55.3054902-03:00","level":"INFO","instance_id":"c8cdef81-4371-4930-9db2-fa5421175f42","message":"[c8cdef81-4371-4930-9db2-fa5421175f42] Receipt received with ID: 3EB049E815C16D8399968A from 141454865395758:8@lid in 120363405602015728@g.us with type "}
{"timestamp":"2026-08-04T16:35:55.3054902-03:00","level":"INFO","instance_id":"c8cdef81-4371-4930-9db2-fa5421175f42","message":"[c8cdef81-4371-4930-9db2-fa5421175f42] Message delivered to 141454865395758:8@lid in 120363405602015728@g.us"}
{"timestamp":"2026-08-04T16:35:55.3054902-03:00","level":"INFO","instance_id":"c8cdef81-4371-4930-9db2-fa5421175f42","message":"[c8cdef81-4371-4930-9db2-fa5421175f42] subscriptions [MESSAGE] eventType GroupInfo"}
{"timestamp":"2026-08-04T16:35:55.3054902-03:00","level":"INFO","instance_id":"c8cdef81-4371-4930-9db2-fa5421175f42","message":"[c8cdef81-4371-4930-9db2-fa5421175f42] ===== DISPATCHING WEBHOOK ===== Event: Receipt, Queue: c8cdef81-4371-4930-9db2-fa5421175f42.receipt, DataSize: 489 bytes"}
{"timestamp":"2026-08-04T16:35:55.3054902-03:00","level":"INFO","instance_id":"c8cdef81-4371-4930-9db2-fa5421175f42","message":"[c8cdef81-4371-4930-9db2-fa5421175f42] subscriptions [MESSAGE] eventType Receipt"}
{"timestamp":"2026-08-04T16:35:56.6456115-03:00","level":"INFO","instance_id":"c8cdef81-4371-4930-9db2-fa5421175f42","message":"[c8cdef81-4371-4930-9db2-fa5421175f42] Checking client connection status - Client exists: true"}
{"timestamp":"2026-08-04T16:35:56.6456115-03:00","level":"INFO","instance_id":"c8cdef81-4371-4930-9db2-fa5421175f42","message":"[c8cdef81-4371-4930-9db2-fa5421175f42] Client successfully validated - Connected: true"}
{"timestamp":"2026-08-04T16:35:56.9585391-03:00","level":"WARN","instance_id":"c8cdef81-4371-4930-9db2-fa5421175f42","message":"[c8cdef81-4371-4930-9db2-fa5421175f42] ===== WEBHOOK SKIPPED ===== doWebhook=false"}
{"timestamp":"2026-08-04T16:35:58.1215235-03:00","level":"INFO","instance_id":"c8cdef81-4371-4930-9db2-fa5421175f42","message":"[c8cdef81-4371-4930-9db2-fa5421175f42] Checking client connection status - Client exists: true"}
{"timestamp":"2026-08-04T16:35:58.1215235-03:00","level":"INFO","instance_id":"c8cdef81-4371-4930-9db2-fa5421175f42","message":"[c8cdef81-4371-4930-9db2-fa5421175f42] Client successfully validated - Connected: true"}
{"timestamp":"2026-08-04T16:36:00.2401171-03:00","level":"INFO","instance_id":"c8cdef81-4371-4930-9db2-fa5421175f42","message":"[c8cdef81-4371-4930-9db2-fa5421175f42] Checking client connection status - Client exists: true"}
{"timestamp":"2026-08-04T16:36:00.2401171-03:00","level":"INFO","instance_id":"c8cdef81-4371-4930-9db2-fa5421175f42","message":"[c8cdef81-4371-4930-9db2-fa5421175f42] Client successfully validated - Connected: true"}
{"timestamp":"2026-08-04T16:36:01.7254146-03:00","level":"INFO","instance_id":"c8cdef81-4371-4930-9db2-fa5421175f42","message":"[c8cdef81-4371-4930-9db2-fa5421175f42] Checking client connection status - Client exists: true"}
{"timestamp":"2026-08-04T16:36:01.7254146-03:00","level":"INFO","instance_id":"c8cdef81-4371-4930-9db2-fa5421175f42","message":"[c8cdef81-4371-4930-9db2-fa5421175f42] Client successfully validated - Connected: true"}
{"timestamp":"2026-08-04T16:36:03.8306997-03:00","level":"INFO","instance_id":"c8cdef81-4371-4930-9db2-fa5421175f42","message":"[c8cdef81-4371-4930-9db2-fa5421175f42] Checking client connection status - Client exists: true"}
{"timestamp":"2026-08-04T16:36:03.8306997-03:00","level":"INFO","instance_id":"c8cdef81-4371-4930-9db2-fa5421175f42","message":"[c8cdef81-4371-4930-9db2-fa5421175f42] Client successfully validated - Connected: true"}
{"timestamp":"2026-08-04T16:36:05.3288815-03:00","level":"INFO","instance_id":"c8cdef81-4371-4930-9db2-fa5421175f42","message":"[c8cdef81-4371-4930-9db2-fa5421175f42] Checking client connection status - Client exists: true"}
{"timestamp":"2026-08-04T16:36:05.3288815-03:00","level":"INFO","instance_id":"c8cdef81-4371-4930-9db2-fa5421175f42","message":"[c8cdef81-4371-4930-9db2-fa5421175f42] Client successfully validated - Connected: true"}
{"timestamp":"2026-08-04T16:36:07.4297045-03:00","level":"INFO","instance_id":"c8cdef81-4371-4930-9db2-fa5421175f42","message":"[c8cdef81-4371-4930-9db2-fa5421175f42] Checking client connection status - Client exists: true"}
{"timestamp":"2026-08-04T16:36:07.4297045-03:00","level":"INFO","instance_id":"c8cdef81-4371-4930-9db2-fa5421175f42","message":"[c8cdef81-4371-4930-9db2-fa5421175f42] Client successfully validated - Connected: true"}
{"timestamp":"2026-08-04T16:36:08.9257699-03:00","level":"INFO","instance_id":"c8cdef81-4371-4930-9db2-fa5421175f42","message":"[c8cdef81-4371-4930-9db2-fa5421175f42] Checking client connection status - Client exists: true"}
{"timestamp":"2026-08-04T16:36:08.9257699-03:00","level":"INFO","instance_id":"c8cdef81-4371-4930-9db2-fa5421175f42","message":"[c8cdef81-4371-4930-9db2-fa5421175f42] Client successfully validated - Connected: true"}
{"timestamp":"2026-08-04T16:36:11.0406937-03:00","level":"INFO","instance_id":"c8cdef81-4371-4930-9db2-fa5421175f42","message":"[c8cdef81-4371-4930-9db2-fa5421175f42] Checking client connection status - Client exists: true"}
{"timestamp":"2026-08-04T16:36:11.0406937-03:00","level":"INFO","instance_id":"c8cdef81-4371-4930-9db2-fa5421175f42","message":"[c8cdef81-4371-4930-9db2-fa5421175f42] Client successfully validated - Connected: true"}
{"timestamp":"2026-08-04T16:36:12.5226225-03:00","level":"INFO","instance_id":"c8cdef81-4371-4930-9db2-fa5421175f42","message":"[c8cdef81-4371-4930-9db2-fa5421175f42] Checking client connection status - Client exists: true"}
{"timestamp":"2026-08-04T16:36:12.5226225-03:00","level":"INFO","instance_id":"c8cdef81-4371-4930-9db2-fa5421175f42","message":"[c8cdef81-4371-4930-9db2-fa5421175f42] Client successfully validated - Connected: true"}
{"timestamp":"2026-08-04T16:36:14.633014-03:00","level":"INFO","instance_id":"c8cdef81-4371-4930-9db2-fa5421175f42","message":"[c8cdef81-4371-4930-9db2-fa5421175f42] Checking client connection status - Client exists: true"}
{"timestamp":"2026-08-04T16:36:14.633014-03:00","level":"INFO","instance_id":"c8cdef81-4371-4930-9db2-fa5421175f42","message":"[c8cdef81-4371-4930-9db2-fa5421175f42] Client successfully validated - Connected: true"}
{"timestamp":"2026-08-04T16:36:16.1249849-03:00","level":"INFO","instance_id":"c8cdef81-4371-4930-9db2-fa5421175f42","message":"[c8cdef81-4371-4930-9db2-fa5421175f42] Checking client connection status - Client exists: true"}
{"timestamp":"2026-08-04T16:36:16.1249849-03:00","level":"INFO","instance_id":"c8cdef81-4371-4930-9db2-fa5421175f42","message":"[c8cdef81-4371-4930-9db2-fa5421175f42] Client successfully validated - Connected: true"}
{"timestamp":"2026-08-04T16:36:18.2321763-03:00","level":"INFO","instance_id":"c8cdef81-4371-4930-9db2-fa5421175f42","message":"[c8cdef81-4371-4930-9db2-fa5421175f42] Checking client connection status - Client exists: true"}
{"timestamp":"2026-08-04T16:36:18.2321763-03:00","level":"INFO","instance_id":"c8cdef81-4371-4930-9db2-fa5421175f42","message":"[c8cdef81-4371-4930-9db2-fa5421175f42] Client successfully validated - Connected: true"}
{"timestamp":"2026-08-04T16:36:19.7299258-03:00","level":"INFO","instance_id":"c8cdef81-4371-4930-9db2-fa5421175f42","message":"[c8cdef81-4371-4930-9db2-fa5421175f42] Checking client connection status - Client exists: true"}
{"timestamp":"2026-08-04T16:36:19.7299258-03:00","level":"INFO","instance_id":"c8cdef81-4371-4930-9db2-fa5421175f42","message":"[c8cdef81-4371-4930-9db2-fa5421175f42] Client successfully validated - Connected: true"}
{"timestamp":"2026-08-04T16:36:21.8305297-03:00","level":"INFO","instance_id":"c8cdef81-4371-4930-9db2-fa5421175f42","message":"[c8cdef81-4371-4930-9db2-fa5421175f42] Checking client connection status - Client exists: true"}
{"timestamp":"2026-08-04T16:36:21.8305297-03:00","level":"INFO","instance_id":"c8cdef81-4371-4930-9db2-fa5421175f42","message":"[c8cdef81-4371-4930-9db2-fa5421175f42] Client successfully validated - Connected: true"}
{"timestamp":"2026-08-04T16:36:23.3289422-03:00","level":"INFO","instance_id":"c8cdef81-4371-4930-9db2-fa5421175f42","message":"[c8cdef81-4371-4930-9db2-fa5421175f42] Checking client connection status - Client exists: true"}
{"timestamp":"2026-08-04T16:36:23.3289422-03:00","level":"INFO","instance_id":"c8cdef81-4371-4930-9db2-fa5421175f42","message":"[c8cdef81-4371-4930-9db2-fa5421175f42] Client successfully validated - Connected: true"}
{"timestamp":"2026-08-04T16:36:25.4310901-03:00","level":"INFO","instance_id":"c8cdef81-4371-4930-9db2-fa5421175f42","message":"[c8cdef81-4371-4930-9db2-fa5421175f42] Checking client connection status - Client exists: true"}
{"timestamp":"2026-08-04T16:36:25.4310901-03:00","level":"INFO","instance_id":"c8cdef81-4371-4930-9db2-fa5421175f42","message":"[c8cdef81-4371-4930-9db2-fa5421175f42] Client successfully validated - Connected: true"}
{"timestamp":"2026-08-04T16:36:26.9297705-03:00","level":"INFO","instance_id":"c8cdef81-4371-4930-9db2-fa5421175f42","message":"[c8cdef81-4371-4930-9db2-fa5421175f42] Checking client connection status - Client exists: true"}
{"timestamp":"2026-08-04T16:36:26.9297705-03:00","level":"INFO","instance_id":"c8cdef81-4371-4930-9db2-fa5421175f42","message":"[c8cdef81-4371-4930-9db2-fa5421175f42] Client successfully validated - Connected: true"}
{"timestamp":"2026-08-04T16:36:29.0412616-03:00","level":"INFO","instance_id":"c8cdef81-4371-4930-9db2-fa5421175f42","message":"[c8cdef81-4371-4930-9db2-fa5421175f42] Checking client connection status - Client exists: true"}
{"timestamp":"2026-08-04T16:36:29.0412616-03:00","level":"INFO","instance_id":"c8cdef81-4371-4930-9db2-fa5421175f42","message":"[c8cdef81-4371-4930-9db2-fa5421175f42] Client successfully validated - Connected: true"}
{"timestamp":"2026-08-04T16:36:30.5272622-03:00","level":"INFO","instance_id":"c8cdef81-4371-4930-9db2-fa5421175f42","message":"[c8cdef81-4371-4930-9db2-fa5421175f42] Checking client connection status - Client exists: true"}
{"timestamp":"2026-08-04T16:36:30.5272622-03:00","level":"INFO","instance_id":"c8cdef81-4371-4930-9db2-fa5421175f42","message":"[c8cdef81-4371-4930-9db2-fa5421175f42] Client successfully validated - Connected: true"}
{"timestamp":"2026-08-04T16:36:32.6319834-03:00","level":"INFO","instance_id":"c8cdef81-4371-4930-9db2-fa5421175f42","message":"[c8cdef81-4371-4930-9db2-fa5421175f42] Checking client connection status - Client exists: true"}
{"timestamp":"2026-08-04T16:36:32.6319834-03:00","level":"INFO","instance_id":"c8cdef81-4371-4930-9db2-fa5421175f42","message":"[c8cdef81-4371-4930-9db2-fa5421175f42] Client successfully validated - Connected: true"}
{"timestamp":"2026-08-04T16:36:34.1332012-03:00","level":"INFO","instance_id":"c8cdef81-4371-4930-9db2-fa5421175f42","message":"[c8cdef81-4371-4930-9db2-fa5421175f42] Checking client connection status - Client exists: true"}
{"timestamp":"2026-08-04T16:36:34.1332012-03:00","level":"INFO","instance_id":"c8cdef81-4371-4930-9db2-fa5421175f42","message":"[c8cdef81-4371-4930-9db2-fa5421175f42] Client successfully validated - Connected: true"}
{"timestamp":"2026-08-04T16:36:36.2398096-03:00","level":"INFO","instance_id":"c8cdef81-4371-4930-9db2-fa5421175f42","message":"[c8cdef81-4371-4930-9db2-fa5421175f42] Checking client connection status - Client exists: true"}
{"timestamp":"2026-08-04T16:36:36.2398096-03:00","level":"INFO","instance_id":"c8cdef81-4371-4930-9db2-fa5421175f42","message":"[c8cdef81-4371-4930-9db2-fa5421175f42] Client successfully validated - Connected: true"}
{"timestamp":"2026-08-04T16:36:37.7190823-03:00","level":"INFO","instance_id":"c8cdef81-4371-4930-9db2-fa5421175f42","message":"[c8cdef81-4371-4930-9db2-fa5421175f42] Checking client connection status - Client exists: true"}
{"timestamp":"2026-08-04T16:36:37.7190823-03:00","level":"INFO","instance_id":"c8cdef81-4371-4930-9db2-fa5421175f42","message":"[c8cdef81-4371-4930-9db2-fa5421175f42] Client successfully validated - Connected: true"}
{"timestamp":"2026-08-04T16:36:39.8350396-03:00","level":"INFO","instance_id":"c8cdef81-4371-4930-9db2-fa5421175f42","message":"[c8cdef81-4371-4930-9db2-fa5421175f42] Checking client connection status - Client exists: true"}
{"timestamp":"2026-08-04T16:36:39.8350396-03:00","level":"INFO","instance_id":"c8cdef81-4371-4930-9db2-fa5421175f42","message":"[c8cdef81-4371-4930-9db2-fa5421175f42] Client successfully validated - Connected: true"}
{"timestamp":"2026-08-04T16:36:41.3312304-03:00","level":"INFO","instance_id":"c8cdef81-4371-4930-9db2-fa5421175f42","message":"[c8cdef81-4371-4930-9db2-fa5421175f42] Checking client connection status - Client exists: true"}
{"timestamp":"2026-08-04T16:36:41.3312304-03:00","level":"INFO","instance_id":"c8cdef81-4371-4930-9db2-fa5421175f42","message":"[c8cdef81-4371-4930-9db2-fa5421175f42] Client successfully validated - Connected: true"}
{"timestamp":"2026-08-04T16:36:43.4337416-03:00","level":"INFO","instance_id":"c8cdef81-4371-4930-9db2-fa5421175f42","message":"[c8cdef81-4371-4930-9db2-fa5421175f42] Checking client connection status - Client exists: true"}
{"timestamp":"2026-08-04T16:36:43.4337416-03:00","level":"INFO","instance_id":"c8cdef81-4371-4930-9db2-fa5421175f42","message":"[c8cdef81-4371-4930-9db2-fa5421175f42] Client successfully validated - Connected: true"}
{"timestamp":"2026-08-04T16:36:44.9286943-03:00","level":"INFO","instance_id":"c8cdef81-4371-4930-9db2-fa5421175f42","message":"[c8cdef81-4371-4930-9db2-fa5421175f42] Checking client connection status - Client exists: true"}
{"timestamp":"2026-08-04T16:36:44.9286943-03:00","level":"INFO","instance_id":"c8cdef81-4371-4930-9db2-fa5421175f42","message":"[c8cdef81-4371-4930-9db2-fa5421175f42] Client successfully validated - Connected: true"}
{"timestamp":"2026-08-04T16:36:47.0423751-03:00","level":"INFO","instance_id":"c8cdef81-4371-4930-9db2-fa5421175f42","message":"[c8cdef81-4371-4930-9db2-fa5421175f42] Checking client connection status - Client exists: true"}
{"timestamp":"2026-08-04T16:36:47.0423751-03:00","level":"INFO","instance_id":"c8cdef81-4371-4930-9db2-fa5421175f42","message":"[c8cdef81-4371-4930-9db2-fa5421175f42] Client successfully validated - Connected: true"}
{"timestamp":"2026-08-04T16:36:48.526837-03:00","level":"INFO","instance_id":"c8cdef81-4371-4930-9db2-fa5421175f42","message":"[c8cdef81-4371-4930-9db2-fa5421175f42] Checking client connection status - Client exists: true"}
{"timestamp":"2026-08-04T16:36:48.526837-03:00","level":"INFO","instance_id":"c8cdef81-4371-4930-9db2-fa5421175f42","message":"[c8cdef81-4371-4930-9db2-fa5421175f42] Client successfully validated - Connected: true"}
{"timestamp":"2026-08-04T16:36:50.6398606-03:00","level":"INFO","instance_id":"c8cdef81-4371-4930-9db2-fa5421175f42","message":"[c8cdef81-4371-4930-9db2-fa5421175f42] Checking client connection status - Client exists: true"}
{"timestamp":"2026-08-04T16:36:50.6398606-03:00","level":"INFO","instance_id":"c8cdef81-4371-4930-9db2-fa5421175f42","message":"[c8cdef81-4371-4930-9db2-fa5421175f42] Client successfully validated - Connected: true"}
{"timestamp":"2026-08-04T16:36:52.1236927-03:00","level":"INFO","instance_id":"c8cdef81-4371-4930-9db2-fa5421175f42","message":"[c8cdef81-4371-4930-9db2-fa5421175f42] Checking client connection status - Client exists: true"}
{"timestamp":"2026-08-04T16:36:52.1236927-03:00","level":"INFO","instance_id":"c8cdef81-4371-4930-9db2-fa5421175f42","message":"[c8cdef81-4371-4930-9db2-fa5421175f42] Client successfully validated - Connected: true"}
{"timestamp":"2026-08-04T16:36:54.2572667-03:00","level":"INFO","instance_id":"c8cdef81-4371-4930-9db2-fa5421175f42","message":"[c8cdef81-4371-4930-9db2-fa5421175f42] Checking client connection status - Client exists: true"}
{"timestamp":"2026-08-04T16:36:54.2572667-03:00","level":"INFO","instance_id":"c8cdef81-4371-4930-9db2-fa5421175f42","message":"[c8cdef81-4371-4930-9db2-fa5421175f42] Client successfully validated - Connected: true"}
{"timestamp":"2026-08-04T16:36:55.7217489-03:00","level":"INFO","instance_id":"c8cdef81-4371-4930-9db2-fa5421175f42","message":"[c8cdef81-4371-4930-9db2-fa5421175f42] Checking client connection status - Client exists: true"}
{"timestamp":"2026-08-04T16:36:55.7217489-03:00","level":"INFO","instance_id":"c8cdef81-4371-4930-9db2-fa5421175f42","message":"[c8cdef81-4371-4930-9db2-fa5421175f42] Client successfully validated - Connected: true"}
{"timestamp":"2026-08-04T16:36:57.8304318-03:00","level":"INFO","instance_id":"c8cdef81-4371-4930-9db2-fa5421175f42","message":"[c8cdef81-4371-4930-9db2-fa5421175f42] Checking client connection status - Client exists: true"}
{"timestamp":"2026-08-04T16:36:57.8304318-03:00","level":"INFO","instance_id":"c8cdef81-4371-4930-9db2-fa5421175f42","message":"[c8cdef81-4371-4930-9db2-fa5421175f42] Client successfully validated - Connected: true"}
{"timestamp":"2026-08-04T16:36:59.3291293-03:00","level":"INFO","instance_id":"c8cdef81-4371-4930-9db2-fa5421175f42","message":"[c8cdef81-4371-4930-9db2-fa5421175f42] Checking client connection status - Client exists: true"}
{"timestamp":"2026-08-04T16:36:59.3291293-03:00","level":"INFO","instance_id":"c8cdef81-4371-4930-9db2-fa5421175f42","message":"[c8cdef81-4371-4930-9db2-fa5421175f42] Client successfully validated - Connected: true"}
{"timestamp":"2026-08-04T16:37:01.4565773-03:00","level":"INFO","instance_id":"c8cdef81-4371-4930-9db2-fa5421175f42","message":"[c8cdef81-4371-4930-9db2-fa5421175f42] Checking client connection status - Client exists: true"}
{"timestamp":"2026-08-04T16:37:01.4565773-03:00","level":"INFO","instance_id":"c8cdef81-4371-4930-9db2-fa5421175f42","message":"[c8cdef81-4371-4930-9db2-fa5421175f42] Client successfully validated - Connected: true"}
{"timestamp":"2026-08-04T16:37:02.9192938-03:00","level":"INFO","instance_id":"c8cdef81-4371-4930-9db2-fa5421175f42","message":"[c8cdef81-4371-4930-9db2-fa5421175f42] Checking client connection status - Client exists: true"}
{"timestamp":"2026-08-04T16:37:02.9192938-03:00","level":"INFO","instance_id":"c8cdef81-4371-4930-9db2-fa5421175f42","message":"[c8cdef81-4371-4930-9db2-fa5421175f42] Client successfully validated - Connected: true"}
{"timestamp":"2026-08-04T16:37:05.0347422-03:00","level":"INFO","instance_id":"c8cdef81-4371-4930-9db2-fa5421175f42","message":"[c8cdef81-4371-4930-9db2-fa5421175f42] Checking client connection status - Client exists: true"}
{"timestamp":"2026-08-04T16:37:05.0347422-03:00","level":"INFO","instance_id":"c8cdef81-4371-4930-9db2-fa5421175f42","message":"[c8cdef81-4371-4930-9db2-fa5421175f42] Client successfully validated - Connected: true"}
{"timestamp":"2026-08-04T16:37:06.9867133-03:00","level":"INFO","instance_id":"c8cdef81-4371-4930-9db2-fa5421175f42","message":"[c8cdef81-4371-4930-9db2-fa5421175f42] Checking client connection status - Client exists: true"}
{"timestamp":"2026-08-04T16:37:06.9867133-03:00","level":"INFO","instance_id":"c8cdef81-4371-4930-9db2-fa5421175f42","message":"[c8cdef81-4371-4930-9db2-fa5421175f42] Client successfully validated - Connected: true"}
{"timestamp":"2026-08-04T16:37:09.2945867-03:00","level":"INFO","instance_id":"c8cdef81-4371-4930-9db2-fa5421175f42","message":"[c8cdef81-4371-4930-9db2-fa5421175f42] Checking client connection status - Client exists: true"}
{"timestamp":"2026-08-04T16:37:09.2945867-03:00","level":"INFO","instance_id":"c8cdef81-4371-4930-9db2-fa5421175f42","message":"[c8cdef81-4371-4930-9db2-fa5421175f42] Client successfully validated - Connected: true"}
{"timestamp":"2026-08-04T16:37:10.986815-03:00","level":"INFO","instance_id":"c8cdef81-4371-4930-9db2-fa5421175f42","message":"[c8cdef81-4371-4930-9db2-fa5421175f42] Checking client connection status - Client exists: true"}
{"timestamp":"2026-08-04T16:37:10.986815-03:00","level":"INFO","instance_id":"c8cdef81-4371-4930-9db2-fa5421175f42","message":"[c8cdef81-4371-4930-9db2-fa5421175f42] Client successfully validated - Connected: true"}
{"timestamp":"2026-08-04T16:37:12.2890504-03:00","level":"INFO","instance_id":"c8cdef81-4371-4930-9db2-fa5421175f42","message":"[c8cdef81-4371-4930-9db2-fa5421175f42] Checking client connection status - Client exists: true"}
{"timestamp":"2026-08-04T16:37:12.2890504-03:00","level":"INFO","instance_id":"c8cdef81-4371-4930-9db2-fa5421175f42","message":"[c8cdef81-4371-4930-9db2-fa5421175f42] Client successfully validated - Connected: true"}
{"timestamp":"2026-08-04T16:37:13.9787638-03:00","level":"INFO","instance_id":"c8cdef81-4371-4930-9db2-fa5421175f42","message":"[c8cdef81-4371-4930-9db2-fa5421175f42] Checking client connection status - Client exists: true"}
{"timestamp":"2026-08-04T16:37:13.9787638-03:00","level":"INFO","instance_id":"c8cdef81-4371-4930-9db2-fa5421175f42","message":"[c8cdef81-4371-4930-9db2-fa5421175f42] Client successfully validated - Connected: true"}
{"timestamp":"2026-08-04T16:37:16.2860097-03:00","level":"INFO","instance_id":"c8cdef81-4371-4930-9db2-fa5421175f42","message":"[c8cdef81-4371-4930-9db2-fa5421175f42] Checking client connection status - Client exists: true"}
{"timestamp":"2026-08-04T16:37:16.2860097-03:00","level":"INFO","instance_id":"c8cdef81-4371-4930-9db2-fa5421175f42","message":"[c8cdef81-4371-4930-9db2-fa5421175f42] Client successfully validated - Connected: true"}
{"timestamp":"2026-08-04T16:37:17.9746952-03:00","level":"INFO","instance_id":"c8cdef81-4371-4930-9db2-fa5421175f42","message":"[c8cdef81-4371-4930-9db2-fa5421175f42] Checking client connection status - Client exists: true"}
{"timestamp":"2026-08-04T16:37:17.9746952-03:00","level":"INFO","instance_id":"c8cdef81-4371-4930-9db2-fa5421175f42","message":"[c8cdef81-4371-4930-9db2-fa5421175f42] Client successfully validated - Connected: true"}
{"timestamp":"2026-08-04T16:37:20.2903588-03:00","level":"INFO","instance_id":"c8cdef81-4371-4930-9db2-fa5421175f42","message":"[c8cdef81-4371-4930-9db2-fa5421175f42] Checking client connection status - Client exists: true"}
{"timestamp":"2026-08-04T16:37:20.2903588-03:00","level":"INFO","instance_id":"c8cdef81-4371-4930-9db2-fa5421175f42","message":"[c8cdef81-4371-4930-9db2-fa5421175f42] Client successfully validated - Connected: true"}
{"timestamp":"2026-08-04T16:37:20.8272639-03:00","level":"INFO","instance_id":"c8cdef81-4371-4930-9db2-fa5421175f42","message":"[c8cdef81-4371-4930-9db2-fa5421175f42] Checking client connection status - Client exists: true"}
{"timestamp":"2026-08-04T16:37:20.8272639-03:00","level":"INFO","instance_id":"c8cdef81-4371-4930-9db2-fa5421175f42","message":"[c8cdef81-4371-4930-9db2-fa5421175f42] Client successfully validated - Connected: true"}
{"timestamp":"2026-08-04T16:37:23.2918221-03:00","level":"INFO","instance_id":"c8cdef81-4371-4930-9db2-fa5421175f42","message":"[c8cdef81-4371-4930-9db2-fa5421175f42] Checking client connection status - Client exists: true"}
{"timestamp":"2026-08-04T16:37:23.2918221-03:00","level":"INFO","instance_id":"c8cdef81-4371-4930-9db2-fa5421175f42","message":"[c8cdef81-4371-4930-9db2-fa5421175f42] Client successfully validated - Connected: true"}
{"timestamp":"2026-08-04T16:37:25.0044699-03:00","level":"INFO","instance_id":"c8cdef81-4371-4930-9db2-fa5421175f42","message":"[c8cdef81-4371-4930-9db2-fa5421175f42] Checking client connection status - Client exists: true"}
{"timestamp":"2026-08-04T16:37:25.0044699-03:00","level":"INFO","instance_id":"c8cdef81-4371-4930-9db2-fa5421175f42","message":"[c8cdef81-4371-4930-9db2-fa5421175f42] Client successfully validated - Connected: true"}
{"timestamp":"2026-08-04T16:37:27.3047341-03:00","level":"INFO","instance_id":"c8cdef81-4371-4930-9db2-fa5421175f42","message":"[c8cdef81-4371-4930-9db2-fa5421175f42] Checking client connection status - Client exists: true"}
{"timestamp":"2026-08-04T16:37:27.3047341-03:00","level":"INFO","instance_id":"c8cdef81-4371-4930-9db2-fa5421175f42","message":"[c8cdef81-4371-4930-9db2-fa5421175f42] Client successfully validated - Connected: true"}
{"timestamp":"2026-08-04T16:37:28.9828736-03:00","level":"INFO","instance_id":"c8cdef81-4371-4930-9db2-fa5421175f42","message":"[c8cdef81-4371-4930-9db2-fa5421175f42] Checking client connection status - Client exists: true"}
{"timestamp":"2026-08-04T16:37:28.9828736-03:00","level":"INFO","instance_id":"c8cdef81-4371-4930-9db2-fa5421175f42","message":"[c8cdef81-4371-4930-9db2-fa5421175f42] Client successfully validated - Connected: true"}
{"timestamp":"2026-08-04T16:37:30.2827271-03:00","level":"INFO","instance_id":"c8cdef81-4371-4930-9db2-fa5421175f42","message":"[c8cdef81-4371-4930-9db2-fa5421175f42] Checking client connection status - Client exists: true"}
{"timestamp":"2026-08-04T16:37:30.2827271-03:00","level":"INFO","instance_id":"c8cdef81-4371-4930-9db2-fa5421175f42","message":"[c8cdef81-4371-4930-9db2-fa5421175f42] Client successfully validated - Connected: true"}
{"timestamp":"2026-08-04T16:37:31.9835603-03:00","level":"INFO","instance_id":"c8cdef81-4371-4930-9db2-fa5421175f42","message":"[c8cdef81-4371-4930-9db2-fa5421175f42] Checking client connection status - Client exists: true"}
{"timestamp":"2026-08-04T16:37:31.9835603-03:00","level":"INFO","instance_id":"c8cdef81-4371-4930-9db2-fa5421175f42","message":"[c8cdef81-4371-4930-9db2-fa5421175f42] Client successfully validated - Connected: true"}
{"timestamp":"2026-08-04T16:37:34.291167-03:00","level":"INFO","instance_id":"c8cdef81-4371-4930-9db2-fa5421175f42","message":"[c8cdef81-4371-4930-9db2-fa5421175f42] Checking client connection status - Client exists: true"}
{"timestamp":"2026-08-04T16:37:34.291167-03:00","level":"INFO","instance_id":"c8cdef81-4371-4930-9db2-fa5421175f42","message":"[c8cdef81-4371-4930-9db2-fa5421175f42] Client successfully validated - Connected: true"}
{"timestamp":"2026-08-04T16:37:35.9886422-03:00","level":"INFO","instance_id":"c8cdef81-4371-4930-9db2-fa5421175f42","message":"[c8cdef81-4371-4930-9db2-fa5421175f42] Checking client connection status - Client exists: true"}
{"timestamp":"2026-08-04T16:37:35.9886422-03:00","level":"INFO","instance_id":"c8cdef81-4371-4930-9db2-fa5421175f42","message":"[c8cdef81-4371-4930-9db2-fa5421175f42] Client successfully validated - Connected: true"}
{"timestamp":"2026-08-04T16:37:38.2927995-03:00","level":"INFO","instance_id":"c8cdef81-4371-4930-9db2-fa5421175f42","message":"[c8cdef81-4371-4930-9db2-fa5421175f42] Checking client connection status - Client exists: true"}
{"timestamp":"2026-08-04T16:37:38.2927995-03:00","level":"INFO","instance_id":"c8cdef81-4371-4930-9db2-fa5421175f42","message":"[c8cdef81-4371-4930-9db2-fa5421175f42] Client successfully validated - Connected: true"}
{"timestamp":"2026-08-04T16:37:38.8261574-03:00","level":"INFO","instance_id":"c8cdef81-4371-4930-9db2-fa5421175f42","message":"[c8cdef81-4371-4930-9db2-fa5421175f42] Checking client connection status - Client exists: true"}
{"timestamp":"2026-08-04T16:37:38.8271763-03:00","level":"INFO","instance_id":"c8cdef81-4371-4930-9db2-fa5421175f42","message":"[c8cdef81-4371-4930-9db2-fa5421175f42] Client successfully validated - Connected: true"}
{"timestamp":"2026-08-04T16:37:41.2965858-03:00","level":"INFO","instance_id":"c8cdef81-4371-4930-9db2-fa5421175f42","message":"[c8cdef81-4371-4930-9db2-fa5421175f42] Checking client connection status - Client exists: true"}
{"timestamp":"2026-08-04T16:37:41.2965858-03:00","level":"INFO","instance_id":"c8cdef81-4371-4930-9db2-fa5421175f42","message":"[c8cdef81-4371-4930-9db2-fa5421175f42] Client successfully validated - Connected: true"}
{"timestamp":"2026-08-04T16:37:43.0614319-03:00","level":"INFO","instance_id":"c8cdef81-4371-4930-9db2-fa5421175f42","message":"[c8cdef81-4371-4930-9db2-fa5421175f42] Checking client connection status - Client exists: true"}
{"timestamp":"2026-08-04T16:37:43.0614319-03:00","level":"INFO","instance_id":"c8cdef81-4371-4930-9db2-fa5421175f42","message":"[c8cdef81-4371-4930-9db2-fa5421175f42] Client successfully validated - Connected: true"}
{"timestamp":"2026-08-04T16:37:45.2920829-03:00","level":"INFO","instance_id":"c8cdef81-4371-4930-9db2-fa5421175f42","message":"[c8cdef81-4371-4930-9db2-fa5421175f42] Checking client connection status - Client exists: true"}
{"timestamp":"2026-08-04T16:37:45.2920829-03:00","level":"INFO","instance_id":"c8cdef81-4371-4930-9db2-fa5421175f42","message":"[c8cdef81-4371-4930-9db2-fa5421175f42] Client successfully validated - Connected: true"}
{"timestamp":"2026-08-04T16:37:46.9760123-03:00","level":"INFO","instance_id":"c8cdef81-4371-4930-9db2-fa5421175f42","message":"[c8cdef81-4371-4930-9db2-fa5421175f42] Checking client connection status - Client exists: true"}
{"timestamp":"2026-08-04T16:37:46.9760123-03:00","level":"INFO","instance_id":"c8cdef81-4371-4930-9db2-fa5421175f42","message":"[c8cdef81-4371-4930-9db2-fa5421175f42] Client successfully validated - Connected: true"}
{"timestamp":"2026-08-04T16:37:48.2988903-03:00","level":"INFO","instance_id":"c8cdef81-4371-4930-9db2-fa5421175f42","message":"[c8cdef81-4371-4930-9db2-fa5421175f42] Checking client connection status - Client exists: true"}
{"timestamp":"2026-08-04T16:37:48.2988903-03:00","level":"INFO","instance_id":"c8cdef81-4371-4930-9db2-fa5421175f42","message":"[c8cdef81-4371-4930-9db2-fa5421175f42] Client successfully validated - Connected: true"}
{"timestamp":"2026-08-04T16:37:49.9790875-03:00","level":"INFO","instance_id":"c8cdef81-4371-4930-9db2-fa5421175f42","message":"[c8cdef81-4371-4930-9db2-fa5421175f42] Checking client connection status - Client exists: true"}
{"timestamp":"2026-08-04T16:37:49.9790875-03:00","level":"INFO","instance_id":"c8cdef81-4371-4930-9db2-fa5421175f42","message":"[c8cdef81-4371-4930-9db2-fa5421175f42] Client successfully validated - Connected: true"}
{"timestamp":"2026-08-04T16:37:52.2950258-03:00","level":"INFO","instance_id":"c8cdef81-4371-4930-9db2-fa5421175f42","message":"[c8cdef81-4371-4930-9db2-fa5421175f42] Checking client connection status - Client exists: true"}
{"timestamp":"2026-08-04T16:37:52.2950258-03:00","level":"INFO","instance_id":"c8cdef81-4371-4930-9db2-fa5421175f42","message":"[c8cdef81-4371-4930-9db2-fa5421175f42] Client successfully validated - Connected: true"}
{"timestamp":"2026-08-04T16:37:53.9761279-03:00","level":"INFO","instance_id":"c8cdef81-4371-4930-9db2-fa5421175f42","message":"[c8cdef81-4371-4930-9db2-fa5421175f42] Checking client connection status - Client exists: true"}
{"timestamp":"2026-08-04T16:37:53.9761279-03:00","level":"INFO","instance_id":"c8cdef81-4371-4930-9db2-fa5421175f42","message":"[c8cdef81-4371-4930-9db2-fa5421175f42] Client successfully validated - Connected: true"}
{"timestamp":"2026-08-04T16:37:56.3011781-03:00","level":"INFO","instance_id":"c8cdef81-4371-4930-9db2-fa5421175f42","message":"[c8cdef81-4371-4930-9db2-fa5421175f42] Checking client connection status - Client exists: true"}
{"timestamp":"2026-08-04T16:37:56.3011781-03:00","level":"INFO","instance_id":"c8cdef81-4371-4930-9db2-fa5421175f42","message":"[c8cdef81-4371-4930-9db2-fa5421175f42] Client successfully validated - Connected: true"}
{"timestamp":"2026-08-04T16:37:56.8221108-03:00","level":"INFO","instance_id":"c8cdef81-4371-4930-9db2-fa5421175f42","message":"[c8cdef81-4371-4930-9db2-fa5421175f42] Checking client connection status - Client exists: true"}
{"timestamp":"2026-08-04T16:37:56.8221108-03:00","level":"INFO","instance_id":"c8cdef81-4371-4930-9db2-fa5421175f42","message":"[c8cdef81-4371-4930-9db2-fa5421175f42] Client successfully validated - Connected: true"}
{"timestamp":"2026-08-04T16:37:59.320934-03:00","level":"INFO","instance_id":"c8cdef81-4371-4930-9db2-fa5421175f42","message":"[c8cdef81-4371-4930-9db2-fa5421175f42] Checking client connection status - Client exists: true"}
{"timestamp":"2026-08-04T16:37:59.320934-03:00","level":"INFO","instance_id":"c8cdef81-4371-4930-9db2-fa5421175f42","message":"[c8cdef81-4371-4930-9db2-fa5421175f42] Client successfully validated - Connected: true"}
{"timestamp":"2026-08-04T16:38:00.9741384-03:00","level":"INFO","instance_id":"c8cdef81-4371-4930-9db2-fa5421175f42","message":"[c8cdef81-4371-4930-9db2-fa5421175f42] Checking client connection status - Client exists: true"}
{"timestamp":"2026-08-04T16:38:00.9741384-03:00","level":"INFO","instance_id":"c8cdef81-4371-4930-9db2-fa5421175f42","message":"[c8cdef81-4371-4930-9db2-fa5421175f42] Client successfully validated - Connected: true"}
{"timestamp":"2026-08-04T16:38:03.2970666-03:00","level":"INFO","instance_id":"c8cdef81-4371-4930-9db2-fa5421175f42","message":"[c8cdef81-4371-4930-9db2-fa5421175f42] Checking client connection status - Client exists: true"}
{"timestamp":"2026-08-04T16:38:03.2970666-03:00","level":"INFO","instance_id":"c8cdef81-4371-4930-9db2-fa5421175f42","message":"[c8cdef81-4371-4930-9db2-fa5421175f42] Client successfully validated - Connected: true"}
{"timestamp":"2026-08-04T16:38:04.9838035-03:00","level":"INFO","instance_id":"c8cdef81-4371-4930-9db2-fa5421175f42","message":"[c8cdef81-4371-4930-9db2-fa5421175f42] Checking client connection status - Client exists: true"}
{"timestamp":"2026-08-04T16:38:04.9838035-03:00","level":"INFO","instance_id":"c8cdef81-4371-4930-9db2-fa5421175f42","message":"[c8cdef81-4371-4930-9db2-fa5421175f42] Client successfully validated - Connected: true"}
{"timestamp":"2026-08-04T16:38:06.2922732-03:00","level":"INFO","instance_id":"c8cdef81-4371-4930-9db2-fa5421175f42","message":"[c8cdef81-4371-4930-9db2-fa5421175f42] Checking client connection status - Client exists: true"}
{"timestamp":"2026-08-04T16:38:06.2922732-03:00","level":"INFO","instance_id":"c8cdef81-4371-4930-9db2-fa5421175f42","message":"[c8cdef81-4371-4930-9db2-fa5421175f42] Client successfully validated - Connected: true"}
{"timestamp":"2026-08-04T16:38:07.9895533-03:00","level":"INFO","instance_id":"c8cdef81-4371-4930-9db2-fa5421175f42","message":"[c8cdef81-4371-4930-9db2-fa5421175f42] Checking client connection status - Client exists: true"}
{"timestamp":"2026-08-04T16:38:07.9895533-03:00","level":"INFO","instance_id":"c8cdef81-4371-4930-9db2-fa5421175f42","message":"[c8cdef81-4371-4930-9db2-fa5421175f42] Client successfully validated - Connected: true"}
{"timestamp":"2026-08-04T16:38:10.2923756-03:00","level":"INFO","instance_id":"c8cdef81-4371-4930-9db2-fa5421175f42","message":"[c8cdef81-4371-4930-9db2-fa5421175f42] Checking client connection status - Client exists: true"}
{"timestamp":"2026-08-04T16:38:10.2923756-03:00","level":"INFO","instance_id":"c8cdef81-4371-4930-9db2-fa5421175f42","message":"[c8cdef81-4371-4930-9db2-fa5421175f42] Client successfully validated - Connected: true"}
{"timestamp":"2026-08-04T16:38:11.974017-03:00","level":"INFO","instance_id":"c8cdef81-4371-4930-9db2-fa5421175f42","message":"[c8cdef81-4371-4930-9db2-fa5421175f42] Checking client connection status - Client exists: true"}
{"timestamp":"2026-08-04T16:38:11.974017-03:00","level":"INFO","instance_id":"c8cdef81-4371-4930-9db2-fa5421175f42","message":"[c8cdef81-4371-4930-9db2-fa5421175f42] Client successfully validated - Connected: true"}
{"timestamp":"2026-08-04T16:38:14.2947258-03:00","level":"INFO","instance_id":"c8cdef81-4371-4930-9db2-fa5421175f42","message":"[c8cdef81-4371-4930-9db2-fa5421175f42] Checking client connection status - Client exists: true"}
{"timestamp":"2026-08-04T16:38:14.2947258-03:00","level":"INFO","instance_id":"c8cdef81-4371-4930-9db2-fa5421175f42","message":"[c8cdef81-4371-4930-9db2-fa5421175f42] Client successfully validated - Connected: true"}
{"timestamp":"2026-08-04T16:38:14.8281618-03:00","level":"INFO","instance_id":"c8cdef81-4371-4930-9db2-fa5421175f42","message":"[c8cdef81-4371-4930-9db2-fa5421175f42] Checking client connection status - Client exists: true"}
{"timestamp":"2026-08-04T16:38:14.8289427-03:00","level":"INFO","instance_id":"c8cdef81-4371-4930-9db2-fa5421175f42","message":"[c8cdef81-4371-4930-9db2-fa5421175f42] Client successfully validated - Connected: true"}
{"timestamp":"2026-08-04T16:38:17.295266-03:00","level":"INFO","instance_id":"c8cdef81-4371-4930-9db2-fa5421175f42","message":"[c8cdef81-4371-4930-9db2-fa5421175f42] Checking client connection status - Client exists: true"}
{"timestamp":"2026-08-04T16:38:17.295266-03:00","level":"INFO","instance_id":"c8cdef81-4371-4930-9db2-fa5421175f42","message":"[c8cdef81-4371-4930-9db2-fa5421175f42] Client successfully validated - Connected: true"}
{"timestamp":"2026-08-04T16:38:18.9766854-03:00","level":"INFO","instance_id":"c8cdef81-4371-4930-9db2-fa5421175f42","message":"[c8cdef81-4371-4930-9db2-fa5421175f42] Checking client connection status - Client exists: true"}
{"timestamp":"2026-08-04T16:38:18.9766854-03:00","level":"INFO","instance_id":"c8cdef81-4371-4930-9db2-fa5421175f42","message":"[c8cdef81-4371-4930-9db2-fa5421175f42] Client successfully validated - Connected: true"}
{"timestamp":"2026-08-04T16:38:21.2935354-03:00","level":"INFO","instance_id":"c8cdef81-4371-4930-9db2-fa5421175f42","message":"[c8cdef81-4371-4930-9db2-fa5421175f42] Checking client connection status - Client exists: true"}
{"timestamp":"2026-08-04T16:38:21.2935354-03:00","level":"INFO","instance_id":"c8cdef81-4371-4930-9db2-fa5421175f42","message":"[c8cdef81-4371-4930-9db2-fa5421175f42] Client successfully validated - Connected: true"}
{"timestamp":"2026-08-04T16:38:22.9769053-03:00","level":"INFO","instance_id":"c8cdef81-4371-4930-9db2-fa5421175f42","message":"[c8cdef81-4371-4930-9db2-fa5421175f42] Checking client connection status - Client exists: true"}
{"timestamp":"2026-08-04T16:38:22.9769053-03:00","level":"INFO","instance_id":"c8cdef81-4371-4930-9db2-fa5421175f42","message":"[c8cdef81-4371-4930-9db2-fa5421175f42] Client successfully validated - Connected: true"}
{"timestamp":"2026-08-04T16:38:24.2955914-03:00","level":"INFO","instance_id":"c8cdef81-4371-4930-9db2-fa5421175f42","message":"[c8cdef81-4371-4930-9db2-fa5421175f42] Checking client connection status - Client exists: true"}
{"timestamp":"2026-08-04T16:38:24.2955914-03:00","level":"INFO","instance_id":"c8cdef81-4371-4930-9db2-fa5421175f42","message":"[c8cdef81-4371-4930-9db2-fa5421175f42] Client successfully validated - Connected: true"}
{"timestamp":"2026-08-04T16:38:25.9800127-03:00","level":"INFO","instance_id":"c8cdef81-4371-4930-9db2-fa5421175f42","message":"[c8cdef81-4371-4930-9db2-fa5421175f42] Checking client connection status - Client exists: true"}
{"timestamp":"2026-08-04T16:38:25.9800127-03:00","level":"INFO","instance_id":"c8cdef81-4371-4930-9db2-fa5421175f42","message":"[c8cdef81-4371-4930-9db2-fa5421175f42] Client successfully validated - Connected: true"}
{"timestamp":"2026-08-04T16:38:28.2907951-03:00","level":"INFO","instance_id":"c8cdef81-4371-4930-9db2-fa5421175f42","message":"[c8cdef81-4371-4930-9db2-fa5421175f42] Checking client connection status - Client exists: true"}
{"timestamp":"2026-08-04T16:38:28.2907951-03:00","level":"INFO","instance_id":"c8cdef81-4371-4930-9db2-fa5421175f42","message":"[c8cdef81-4371-4930-9db2-fa5421175f42] Client successfully validated - Connected: true"}
{"timestamp":"2026-08-04T16:38:29.9876373-03:00","level":"INFO","instance_id":"c8cdef81-4371-4930-9db2-fa5421175f42","message":"[c8cdef81-4371-4930-9db2-fa5421175f42] Checking client connection status - Client exists: true"}
{"timestamp":"2026-08-04T16:38:29.9876373-03:00","level":"INFO","instance_id":"c8cdef81-4371-4930-9db2-fa5421175f42","message":"[c8cdef81-4371-4930-9db2-fa5421175f42] Client successfully validated - Connected: true"}
{"timestamp":"2026-08-04T16:38:32.4009697-03:00","level":"INFO","instance_id":"c8cdef81-4371-4930-9db2-fa5421175f42","message":"[c8cdef81-4371-4930-9db2-fa5421175f42] Checking client connection status - Client exists: true"}
{"timestamp":"2026-08-04T16:38:32.4009697-03:00","level":"INFO","instance_id":"c8cdef81-4371-4930-9db2-fa5421175f42","message":"[c8cdef81-4371-4930-9db2-fa5421175f42] Client successfully validated - Connected: true"}
{"timestamp":"2026-08-04T16:38:32.975772-03:00","level":"INFO","instance_id":"c8cdef81-4371-4930-9db2-fa5421175f42","message":"[c8cdef81-4371-4930-9db2-fa5421175f42] Checking client connection status - Client exists: true"}
{"timestamp":"2026-08-04T16:38:32.975772-03:00","level":"INFO","instance_id":"c8cdef81-4371-4930-9db2-fa5421175f42","message":"[c8cdef81-4371-4930-9db2-fa5421175f42] Client successfully validated - Connected: true"}
{"timestamp":"2026-08-04T16:38:35.4802321-03:00","level":"INFO","instance_id":"c8cdef81-4371-4930-9db2-fa5421175f42","message":"[c8cdef81-4371-4930-9db2-fa5421175f42] Checking client connection status - Client exists: true"}
{"timestamp":"2026-08-04T16:38:35.4802321-03:00","level":"INFO","instance_id":"c8cdef81-4371-4930-9db2-fa5421175f42","message":"[c8cdef81-4371-4930-9db2-fa5421175f42] Client successfully validated - Connected: true"}
{"timestamp":"2026-08-04T16:38:37.0964301-03:00","level":"INFO","instance_id":"c8cdef81-4371-4930-9db2-fa5421175f42","message":"[c8cdef81-4371-4930-9db2-fa5421175f42] Checking client connection status - Client exists: true"}
{"timestamp":"2026-08-04T16:38:37.0964301-03:00","level":"INFO","instance_id":"c8cdef81-4371-4930-9db2-fa5421175f42","message":"[c8cdef81-4371-4930-9db2-fa5421175f42] Client successfully validated - Connected: true"}
{"timestamp":"2026-08-04T16:38:39.687424-03:00","level":"INFO","instance_id":"c8cdef81-4371-4930-9db2-fa5421175f42","message":"[c8cdef81-4371-4930-9db2-fa5421175f42] Checking client connection status - Client exists: true"}
{"timestamp":"2026-08-04T16:38:39.687424-03:00","level":"INFO","instance_id":"c8cdef81-4371-4930-9db2-fa5421175f42","message":"[c8cdef81-4371-4930-9db2-fa5421175f42] Client successfully validated - Connected: true"}
{"timestamp":"2026-08-04T16:38:40.9788947-03:00","level":"INFO","instance_id":"c8cdef81-4371-4930-9db2-fa5421175f42","message":"[c8cdef81-4371-4930-9db2-fa5421175f42] Checking client connection status - Client exists: true"}
{"timestamp":"2026-08-04T16:38:40.9788947-03:00","level":"INFO","instance_id":"c8cdef81-4371-4930-9db2-fa5421175f42","message":"[c8cdef81-4371-4930-9db2-fa5421175f42] Client successfully validated - Connected: true"}
{"timestamp":"2026-08-04T16:38:42.3166822-03:00","level":"INFO","instance_id":"c8cdef81-4371-4930-9db2-fa5421175f42","message":"[c8cdef81-4371-4930-9db2-fa5421175f42] Checking client connection status - Client exists: true"}
{"timestamp":"2026-08-04T16:38:42.3166822-03:00","level":"INFO","instance_id":"c8cdef81-4371-4930-9db2-fa5421175f42","message":"[c8cdef81-4371-4930-9db2-fa5421175f42] Client successfully validated - Connected: true"}
{"timestamp":"2026-08-04T16:38:43.9775295-03:00","level":"INFO","instance_id":"c8cdef81-4371-4930-9db2-fa5421175f42","message":"[c8cdef81-4371-4930-9db2-fa5421175f42] Checking client connection status - Client exists: true"}
{"timestamp":"2026-08-04T16:38:43.9775295-03:00","level":"INFO","instance_id":"c8cdef81-4371-4930-9db2-fa5421175f42","message":"[c8cdef81-4371-4930-9db2-fa5421175f42] Client successfully validated - Connected: true"}
{"timestamp":"2026-08-04T16:38:46.3027439-03:00","level":"INFO","instance_id":"c8cdef81-4371-4930-9db2-fa5421175f42","message":"[c8cdef81-4371-4930-9db2-fa5421175f42] Checking client connection status - Client exists: true"}
{"timestamp":"2026-08-04T16:38:46.3027439-03:00","level":"INFO","instance_id":"c8cdef81-4371-4930-9db2-fa5421175f42","message":"[c8cdef81-4371-4930-9db2-fa5421175f42] Client successfully validated - Connected: true"}
{"timestamp":"2026-08-04T16:38:47.9838372-03:00","level":"INFO","instance_id":"c8cdef81-4371-4930-9db2-fa5421175f42","message":"[c8cdef81-4371-4930-9db2-fa5421175f42] Checking client connection status - Client exists: true"}
{"timestamp":"2026-08-04T16:38:47.9838372-03:00","level":"INFO","instance_id":"c8cdef81-4371-4930-9db2-fa5421175f42","message":"[c8cdef81-4371-4930-9db2-fa5421175f42] Client successfully validated - Connected: true"}
{"timestamp":"2026-08-04T16:38:50.2945104-03:00","level":"INFO","instance_id":"c8cdef81-4371-4930-9db2-fa5421175f42","message":"[c8cdef81-4371-4930-9db2-fa5421175f42] Checking client connection status - Client exists: true"}
{"timestamp":"2026-08-04T16:38:50.2945104-03:00","level":"INFO","instance_id":"c8cdef81-4371-4930-9db2-fa5421175f42","message":"[c8cdef81-4371-4930-9db2-fa5421175f42] Client successfully validated - Connected: true"}
{"timestamp":"2026-08-04T16:38:50.8277736-03:00","level":"INFO","instance_id":"c8cdef81-4371-4930-9db2-fa5421175f42","message":"[c8cdef81-4371-4930-9db2-fa5421175f42] Checking client connection status - Client exists: true"}
{"timestamp":"2026-08-04T16:38:50.8277736-03:00","level":"INFO","instance_id":"c8cdef81-4371-4930-9db2-fa5421175f42","message":"[c8cdef81-4371-4930-9db2-fa5421175f42] Client successfully validated - Connected: true"}
{"timestamp":"2026-08-04T16:38:52.4004878-03:00","level":"INFO","instance_id":"c8cdef81-4371-4930-9db2-fa5421175f42","message":"[c8cdef81-4371-4930-9db2-fa5421175f42] ===== DISPATCHING WEBHOOK ===== Event: PushName, Queue: c8cdef81-4371-4930-9db2-fa5421175f42.pushname, DataSize: 1025 bytes"}
{"timestamp":"2026-08-04T16:38:52.4004878-03:00","level":"INFO","instance_id":"c8cdef81-4371-4930-9db2-fa5421175f42","message":"[c8cdef81-4371-4930-9db2-fa5421175f42] subscriptions [MESSAGE] eventType PushName"}
{"timestamp":"2026-08-04T16:38:53.2914869-03:00","level":"INFO","instance_id":"c8cdef81-4371-4930-9db2-fa5421175f42","message":"[c8cdef81-4371-4930-9db2-fa5421175f42] Checking client connection status - Client exists: true"}
{"timestamp":"2026-08-04T16:38:53.2914869-03:00","level":"INFO","instance_id":"c8cdef81-4371-4930-9db2-fa5421175f42","message":"[c8cdef81-4371-4930-9db2-fa5421175f42] Client successfully validated - Connected: true"}
{"timestamp":"2026-08-04T16:38:54.0733279-03:00","level":"INFO","instance_id":"c8cdef81-4371-4930-9db2-fa5421175f42","message":"[c8cdef81-4371-4930-9db2-fa5421175f42] ===== MESSAGE RECEIVED ===== ID: 3EB0509371DC70C42447CC, From: 120363393498777562@g.us, Type: reaction, Size: unknown"}
{"timestamp":"2026-08-04T16:38:54.0740778-03:00","level":"INFO","instance_id":"c8cdef81-4371-4930-9db2-fa5421175f42","message":"[c8cdef81-4371-4930-9db2-fa5421175f42] Detected LID/WhatsApp JID swap case - Sender: 191027361140740:56@lid, SenderAlt: 556285938001:56@s.whatsapp.net"}
{"timestamp":"2026-08-04T16:38:54.0740778-03:00","level":"INFO","instance_id":"c8cdef81-4371-4930-9db2-fa5421175f42","message":"[c8cdef81-4371-4930-9db2-fa5421175f42] JID swap completed - New Sender: 556285938001@s.whatsapp.net, New SenderAlt: 191027361140740@lid, New Chat: 120363393498777562@g.us"}
{"timestamp":"2026-08-04T16:38:54.0740778-03:00","level":"INFO","instance_id":"c8cdef81-4371-4930-9db2-fa5421175f42","message":"[c8cdef81-4371-4930-9db2-fa5421175f42] Message ignored because it's a unknown protocol message"}
{"timestamp":"2026-08-04T16:38:54.7194264-03:00","level":"INFO","instance_id":"c8cdef81-4371-4930-9db2-fa5421175f42","message":"[c8cdef81-4371-4930-9db2-fa5421175f42] ===== MESSAGE RECEIVED ===== ID: 3EB0509371DC70C42447CC, From: 120363393498777562@g.us, Type: reaction, Size: unknown"}
{"timestamp":"2026-08-04T16:38:54.7194264-03:00","level":"INFO","instance_id":"c8cdef81-4371-4930-9db2-fa5421175f42","message":"[c8cdef81-4371-4930-9db2-fa5421175f42] Detected LID/WhatsApp JID swap case - Sender: 191027361140740:56@lid, SenderAlt: 556285938001:56@s.whatsapp.net"}
{"timestamp":"2026-08-04T16:38:54.7194264-03:00","level":"INFO","instance_id":"c8cdef81-4371-4930-9db2-fa5421175f42","message":"[c8cdef81-4371-4930-9db2-fa5421175f42] JID swap completed - New Sender: 556285938001@s.whatsapp.net, New SenderAlt: 191027361140740@lid, New Chat: 120363393498777562@g.us"}
{"timestamp":"2026-08-04T16:38:54.9744621-03:00","level":"INFO","instance_id":"c8cdef81-4371-4930-9db2-fa5421175f42","message":"[c8cdef81-4371-4930-9db2-fa5421175f42] Checking client connection status - Client exists: true"}
{"timestamp":"2026-08-04T16:38:54.9744621-03:00","level":"INFO","instance_id":"c8cdef81-4371-4930-9db2-fa5421175f42","message":"[c8cdef81-4371-4930-9db2-fa5421175f42] Client successfully validated - Connected: true"}
{"timestamp":"2026-08-04T16:38:55.0441046-03:00","level":"INFO","instance_id":"c8cdef81-4371-4930-9db2-fa5421175f42","message":"[c8cdef81-4371-4930-9db2-fa5421175f42] ===== MESSAGE PROCESSING COMPLETED ===== ID: 3EB0509371DC70C42447CC, From: 120363393498777562@g.us, Type: reaction, Webhook: true"}
{"timestamp":"2026-08-04T16:38:55.0441046-03:00","level":"INFO","instance_id":"c8cdef81-4371-4930-9db2-fa5421175f42","message":"[c8cdef81-4371-4930-9db2-fa5421175f42] ===== DISPATCHING WEBHOOK ===== Event: Message, Queue: c8cdef81-4371-4930-9db2-fa5421175f42.message, DataSize: 8917 bytes"}
{"timestamp":"2026-08-04T16:38:55.0446083-03:00","level":"INFO","instance_id":"c8cdef81-4371-4930-9db2-fa5421175f42","message":"[c8cdef81-4371-4930-9db2-fa5421175f42] subscriptions [MESSAGE] eventType Message"}
{"timestamp":"2026-08-04T16:38:55.0446083-03:00","level":"INFO","instance_id":"c8cdef81-4371-4930-9db2-fa5421175f42","message":"[c8cdef81-4371-4930-9db2-fa5421175f42] Event received of type Message"}
{"timestamp":"2026-08-04T16:38:57.3052338-03:00","level":"INFO","instance_id":"c8cdef81-4371-4930-9db2-fa5421175f42","message":"[c8cdef81-4371-4930-9db2-fa5421175f42] Checking client connection status - Client exists: true"}
{"timestamp":"2026-08-04T16:38:57.3052338-03:00","level":"INFO","instance_id":"c8cdef81-4371-4930-9db2-fa5421175f42","message":"[c8cdef81-4371-4930-9db2-fa5421175f42] Client successfully validated - Connected: true"}
{"timestamp":"2026-08-04T16:38:59.1165549-03:00","level":"INFO","instance_id":"c8cdef81-4371-4930-9db2-fa5421175f42","message":"[c8cdef81-4371-4930-9db2-fa5421175f42] Checking client connection status - Client exists: true"}
{"timestamp":"2026-08-04T16:38:59.1165549-03:00","level":"INFO","instance_id":"c8cdef81-4371-4930-9db2-fa5421175f42","message":"[c8cdef81-4371-4930-9db2-fa5421175f42] Client successfully validated - Connected: true"}
{"timestamp":"2026-08-04T16:39:00.7985534-03:00","level":"INFO","instance_id":"c8cdef81-4371-4930-9db2-fa5421175f42","message":"[c8cdef81-4371-4930-9db2-fa5421175f42] Checking client connection status - Client exists: true"}
{"timestamp":"2026-08-04T16:39:00.7985534-03:00","level":"INFO","instance_id":"c8cdef81-4371-4930-9db2-fa5421175f42","message":"[c8cdef81-4371-4930-9db2-fa5421175f42] Client successfully validated - Connected: true"}
{"timestamp":"2026-08-04T16:39:01.9950426-03:00","level":"INFO","instance_id":"c8cdef81-4371-4930-9db2-fa5421175f42","message":"[c8cdef81-4371-4930-9db2-fa5421175f42] Checking client connection status - Client exists: true"}
{"timestamp":"2026-08-04T16:39:01.9955475-03:00","level":"INFO","instance_id":"c8cdef81-4371-4930-9db2-fa5421175f42","message":"[c8cdef81-4371-4930-9db2-fa5421175f42] Client successfully validated - Connected: true"}
{"timestamp":"2026-08-04T16:39:03.9566972-03:00","level":"INFO","instance_id":"c8cdef81-4371-4930-9db2-fa5421175f42","message":"[c8cdef81-4371-4930-9db2-fa5421175f42] ===== DISPATCHING WEBHOOK ===== Event: PushName, Queue: c8cdef81-4371-4930-9db2-fa5421175f42.pushname, DataSize: 1232 bytes"}
{"timestamp":"2026-08-04T16:39:03.9566972-03:00","level":"INFO","instance_id":"c8cdef81-4371-4930-9db2-fa5421175f42","message":"[c8cdef81-4371-4930-9db2-fa5421175f42] subscriptions [MESSAGE] eventType PushName"}
{"timestamp":"2026-08-04T16:39:04.2951855-03:00","level":"INFO","instance_id":"c8cdef81-4371-4930-9db2-fa5421175f42","message":"[c8cdef81-4371-4930-9db2-fa5421175f42] ===== MESSAGE RECEIVED ===== ID: A5DC5519AB32C88BBDA42593B9850421, From: status@broadcast, Type: media, Size: unknown"}
{"timestamp":"2026-08-04T16:39:04.2951855-03:00","level":"INFO","instance_id":"c8cdef81-4371-4930-9db2-fa5421175f42","message":"[c8cdef81-4371-4930-9db2-fa5421175f42] Message ignored because it's a unknown protocol message"}
{"timestamp":"2026-08-04T16:39:04.3982162-03:00","level":"WARN","instance_id":"c8cdef81-4371-4930-9db2-fa5421175f42","message":"[c8cdef81-4371-4930-9db2-fa5421175f42] Unhandled event *events.BusinessName: \u0026{JID:16393990889641@lid Message:0x260dadce8288 OldBusinessName: NewBusinessName:Genilson barbeiro}"}
{"timestamp":"2026-08-04T16:39:05.2019963-03:00","level":"INFO","instance_id":"c8cdef81-4371-4930-9db2-fa5421175f42","message":"[c8cdef81-4371-4930-9db2-fa5421175f42] Checking client connection status - Client exists: true"}
{"timestamp":"2026-08-04T16:39:05.2025544-03:00","level":"INFO","instance_id":"c8cdef81-4371-4930-9db2-fa5421175f42","message":"[c8cdef81-4371-4930-9db2-fa5421175f42] Client successfully validated - Connected: true"}
{"timestamp":"2026-08-04T16:39:05.9988289-03:00","level":"INFO","instance_id":"c8cdef81-4371-4930-9db2-fa5421175f42","message":"[c8cdef81-4371-4930-9db2-fa5421175f42] Checking client connection status - Client exists: true"}
{"timestamp":"2026-08-04T16:39:05.9988289-03:00","level":"INFO","instance_id":"c8cdef81-4371-4930-9db2-fa5421175f42","message":"[c8cdef81-4371-4930-9db2-fa5421175f42] Client successfully validated - Connected: true"}
{"timestamp":"2026-08-04T16:39:05.9988289-03:00","level":"INFO","instance_id":"c8cdef81-4371-4930-9db2-fa5421175f42","message":"[c8cdef81-4371-4930-9db2-fa5421175f42] ===== MESSAGE RECEIVED ===== ID: A5DC5519AB32C88BBDA42593B9850421, From: status@broadcast, Type: media, Size: 75446 bytes"}
{"timestamp":"2026-08-04T16:39:05.9995577-03:00","level":"INFO","instance_id":"c8cdef81-4371-4930-9db2-fa5421175f42","message":"[c8cdef81-4371-4930-9db2-fa5421175f42] Processing media message - ID: A5DC5519AB32C88BBDA42593B9850421"}
{"timestamp":"2026-08-04T16:39:05.9995577-03:00","level":"INFO","instance_id":"c8cdef81-4371-4930-9db2-fa5421175f42","message":"[c8cdef81-4371-4930-9db2-fa5421175f42] Downloading image - ID: A5DC5519AB32C88BBDA42593B9850421"}
{"timestamp":"2026-08-04T16:39:06.446371-03:00","level":"INFO","instance_id":"c8cdef81-4371-4930-9db2-fa5421175f42","message":"[c8cdef81-4371-4930-9db2-fa5421175f42] Media download successful - ID: A5DC5519AB32C88BBDA42593B9850421, Expected: 75446 bytes, Actual: 75446 bytes, Duration: 446.8133ms"}
{"timestamp":"2026-08-04T16:39:06.446371-03:00","level":"INFO","instance_id":"c8cdef81-4371-4930-9db2-fa5421175f42","message":"[c8cdef81-4371-4930-9db2-fa5421175f42] Encoding to base64 - ID: A5DC5519AB32C88BBDA42593B9850421, Size: 75446 bytes"}
{"timestamp":"2026-08-04T16:39:06.446879-03:00","level":"INFO","instance_id":"c8cdef81-4371-4930-9db2-fa5421175f42","message":"[c8cdef81-4371-4930-9db2-fa5421175f42] Base64 encoding completed - ID: A5DC5519AB32C88BBDA42593B9850421, Original: 75446 bytes, Encoded: 100596 chars, Duration: 0s"}
{"timestamp":"2026-08-04T16:39:06.446879-03:00","level":"INFO","instance_id":"c8cdef81-4371-4930-9db2-fa5421175f42","message":"[c8cdef81-4371-4930-9db2-fa5421175f42] ===== MESSAGE PROCESSING COMPLETED ===== ID: A5DC5519AB32C88BBDA42593B9850421, From: status@broadcast, Type: media, Webhook: true"}
{"timestamp":"2026-08-04T16:39:06.4474081-03:00","level":"INFO","instance_id":"c8cdef81-4371-4930-9db2-fa5421175f42","message":"[c8cdef81-4371-4930-9db2-fa5421175f42] ===== DISPATCHING WEBHOOK ===== Event: Message, Queue: c8cdef81-4371-4930-9db2-fa5421175f42.message, DataSize: 103419 bytes"}
{"timestamp":"2026-08-04T16:39:06.4485151-03:00","level":"INFO","instance_id":"c8cdef81-4371-4930-9db2-fa5421175f42","message":"[c8cdef81-4371-4930-9db2-fa5421175f42] subscriptions [MESSAGE] eventType Message"}
{"timestamp":"2026-08-04T16:39:06.4485151-03:00","level":"INFO","instance_id":"c8cdef81-4371-4930-9db2-fa5421175f42","message":"[c8cdef81-4371-4930-9db2-fa5421175f42] Event received of type Message"}
{"timestamp":"2026-08-04T16:39:08.3060115-03:00","level":"INFO","instance_id":"c8cdef81-4371-4930-9db2-fa5421175f42","message":"[c8cdef81-4371-4930-9db2-fa5421175f42] Checking client connection status - Client exists: true"}
{"timestamp":"2026-08-04T16:39:08.3060115-03:00","level":"INFO","instance_id":"c8cdef81-4371-4930-9db2-fa5421175f42","message":"[c8cdef81-4371-4930-9db2-fa5421175f42] Client successfully validated - Connected: true"}
{"timestamp":"2026-08-04T16:39:08.8436928-03:00","level":"INFO","instance_id":"c8cdef81-4371-4930-9db2-fa5421175f42","message":"[c8cdef81-4371-4930-9db2-fa5421175f42] Checking client connection status - Client exists: true"}
{"timestamp":"2026-08-04T16:39:08.8436928-03:00","level":"INFO","instance_id":"c8cdef81-4371-4930-9db2-fa5421175f42","message":"[c8cdef81-4371-4930-9db2-fa5421175f42] Client successfully validated - Connected: true"}
{"timestamp":"2026-08-04T16:39:11.3085402-03:00","level":"INFO","instance_id":"c8cdef81-4371-4930-9db2-fa5421175f42","message":"[c8cdef81-4371-4930-9db2-fa5421175f42] Checking client connection status - Client exists: true"}
{"timestamp":"2026-08-04T16:39:11.3085402-03:00","level":"INFO","instance_id":"c8cdef81-4371-4930-9db2-fa5421175f42","message":"[c8cdef81-4371-4930-9db2-fa5421175f42] Client successfully validated - Connected: true"}
{"timestamp":"2026-08-04T16:39:13.0038674-03:00","level":"INFO","instance_id":"c8cdef81-4371-4930-9db2-fa5421175f42","message":"[c8cdef81-4371-4930-9db2-fa5421175f42] Checking client connection status - Client exists: true"}
{"timestamp":"2026-08-04T16:39:13.0038674-03:00","level":"INFO","instance_id":"c8cdef81-4371-4930-9db2-fa5421175f42","message":"[c8cdef81-4371-4930-9db2-fa5421175f42] Client successfully validated - Connected: true"}
{"timestamp":"2026-08-04T16:39:15.3063627-03:00","level":"INFO","instance_id":"c8cdef81-4371-4930-9db2-fa5421175f42","message":"[c8cdef81-4371-4930-9db2-fa5421175f42] Checking client connection status - Client exists: true"}
{"timestamp":"2026-08-04T16:39:15.3063627-03:00","level":"INFO","instance_id":"c8cdef81-4371-4930-9db2-fa5421175f42","message":"[c8cdef81-4371-4930-9db2-fa5421175f42] Client successfully validated - Connected: true"}
{"timestamp":"2026-08-04T16:39:17.0052645-03:00","level":"INFO","instance_id":"c8cdef81-4371-4930-9db2-fa5421175f42","message":"[c8cdef81-4371-4930-9db2-fa5421175f42] Checking client connection status - Client exists: true"}
{"timestamp":"2026-08-04T16:39:17.0052645-03:00","level":"INFO","instance_id":"c8cdef81-4371-4930-9db2-fa5421175f42","message":"[c8cdef81-4371-4930-9db2-fa5421175f42] Client successfully validated - Connected: true"}
{"timestamp":"2026-08-04T16:39:18.3203701-03:00","level":"INFO","instance_id":"c8cdef81-4371-4930-9db2-fa5421175f42","message":"[c8cdef81-4371-4930-9db2-fa5421175f42] Checking client connection status - Client exists: true"}
{"timestamp":"2026-08-04T16:39:18.3203701-03:00","level":"INFO","instance_id":"c8cdef81-4371-4930-9db2-fa5421175f42","message":"[c8cdef81-4371-4930-9db2-fa5421175f42] Client successfully validated - Connected: true"}
{"timestamp":"2026-08-04T16:39:19.997383-03:00","level":"INFO","instance_id":"c8cdef81-4371-4930-9db2-fa5421175f42","message":"[c8cdef81-4371-4930-9db2-fa5421175f42] Checking client connection status - Client exists: true"}
{"timestamp":"2026-08-04T16:39:19.997383-03:00","level":"INFO","instance_id":"c8cdef81-4371-4930-9db2-fa5421175f42","message":"[c8cdef81-4371-4930-9db2-fa5421175f42] Client successfully validated - Connected: true"}
{"timestamp":"2026-08-04T16:39:22.3155912-03:00","level":"INFO","instance_id":"c8cdef81-4371-4930-9db2-fa5421175f42","message":"[c8cdef81-4371-4930-9db2-fa5421175f42] Checking client connection status - Client exists: true"}
{"timestamp":"2026-08-04T16:39:22.3155912-03:00","level":"INFO","instance_id":"c8cdef81-4371-4930-9db2-fa5421175f42","message":"[c8cdef81-4371-4930-9db2-fa5421175f42] Client successfully validated - Connected: true"}
{"timestamp":"2026-08-04T16:39:23.9971604-03:00","level":"INFO","instance_id":"c8cdef81-4371-4930-9db2-fa5421175f42","message":"[c8cdef81-4371-4930-9db2-fa5421175f42] Checking client connection status - Client exists: true"}
{"timestamp":"2026-08-04T16:39:23.9971604-03:00","level":"INFO","instance_id":"c8cdef81-4371-4930-9db2-fa5421175f42","message":"[c8cdef81-4371-4930-9db2-fa5421175f42] Client successfully validated - Connected: true"}
{"timestamp":"2026-08-04T16:39:26.3138232-03:00","level":"INFO","instance_id":"c8cdef81-4371-4930-9db2-fa5421175f42","message":"[c8cdef81-4371-4930-9db2-fa5421175f42] Checking client connection status - Client exists: true"}
{"timestamp":"2026-08-04T16:39:26.3138232-03:00","level":"INFO","instance_id":"c8cdef81-4371-4930-9db2-fa5421175f42","message":"[c8cdef81-4371-4930-9db2-fa5421175f42] Client successfully validated - Connected: true"}
{"timestamp":"2026-08-04T16:39:26.835193-03:00","level":"INFO","instance_id":"c8cdef81-4371-4930-9db2-fa5421175f42","message":"[c8cdef81-4371-4930-9db2-fa5421175f42] Checking client connection status - Client exists: true"}
{"timestamp":"2026-08-04T16:39:26.835193-03:00","level":"INFO","instance_id":"c8cdef81-4371-4930-9db2-fa5421175f42","message":"[c8cdef81-4371-4930-9db2-fa5421175f42] Client successfully validated - Connected: true"}
{"timestamp":"2026-08-04T16:39:29.3141187-03:00","level":"INFO","instance_id":"c8cdef81-4371-4930-9db2-fa5421175f42","message":"[c8cdef81-4371-4930-9db2-fa5421175f42] Checking client connection status - Client exists: true"}
{"timestamp":"2026-08-04T16:39:29.3141187-03:00","level":"INFO","instance_id":"c8cdef81-4371-4930-9db2-fa5421175f42","message":"[c8cdef81-4371-4930-9db2-fa5421175f42] Client successfully validated - Connected: true"}
{"timestamp":"2026-08-04T16:39:31.0121106-03:00","level":"INFO","instance_id":"c8cdef81-4371-4930-9db2-fa5421175f42","message":"[c8cdef81-4371-4930-9db2-fa5421175f42] Checking client connection status - Client exists: true"}
{"timestamp":"2026-08-04T16:39:31.012838-03:00","level":"INFO","instance_id":"c8cdef81-4371-4930-9db2-fa5421175f42","message":"[c8cdef81-4371-4930-9db2-fa5421175f42] Client successfully validated - Connected: true"}
{"timestamp":"2026-08-04T16:39:33.3197348-03:00","level":"INFO","instance_id":"c8cdef81-4371-4930-9db2-fa5421175f42","message":"[c8cdef81-4371-4930-9db2-fa5421175f42] Checking client connection status - Client exists: true"}
{"timestamp":"2026-08-04T16:39:33.3197348-03:00","level":"INFO","instance_id":"c8cdef81-4371-4930-9db2-fa5421175f42","message":"[c8cdef81-4371-4930-9db2-fa5421175f42] Client successfully validated - Connected: true"}
{"timestamp":"2026-08-04T16:39:34.9966068-03:00","level":"INFO","instance_id":"c8cdef81-4371-4930-9db2-fa5421175f42","message":"[c8cdef81-4371-4930-9db2-fa5421175f42] Checking client connection status - Client exists: true"}
{"timestamp":"2026-08-04T16:39:34.9966068-03:00","level":"INFO","instance_id":"c8cdef81-4371-4930-9db2-fa5421175f42","message":"[c8cdef81-4371-4930-9db2-fa5421175f42] Client successfully validated - Connected: true"}
{"timestamp":"2026-08-04T16:39:36.312425-03:00","level":"INFO","instance_id":"c8cdef81-4371-4930-9db2-fa5421175f42","message":"[c8cdef81-4371-4930-9db2-fa5421175f42] Checking client connection status - Client exists: true"}
{"timestamp":"2026-08-04T16:39:36.312425-03:00","level":"INFO","instance_id":"c8cdef81-4371-4930-9db2-fa5421175f42","message":"[c8cdef81-4371-4930-9db2-fa5421175f42] Client successfully validated - Connected: true"}
{"timestamp":"2026-08-04T16:39:37.9956279-03:00","level":"INFO","instance_id":"c8cdef81-4371-4930-9db2-fa5421175f42","message":"[c8cdef81-4371-4930-9db2-fa5421175f42] Checking client connection status - Client exists: true"}
{"timestamp":"2026-08-04T16:39:37.9956279-03:00","level":"INFO","instance_id":"c8cdef81-4371-4930-9db2-fa5421175f42","message":"[c8cdef81-4371-4930-9db2-fa5421175f42] Client successfully validated - Connected: true"}
{"timestamp":"2026-08-04T16:39:40.3104491-03:00","level":"INFO","instance_id":"c8cdef81-4371-4930-9db2-fa5421175f42","message":"[c8cdef81-4371-4930-9db2-fa5421175f42] Checking client connection status - Client exists: true"}
{"timestamp":"2026-08-04T16:39:40.3104491-03:00","level":"INFO","instance_id":"c8cdef81-4371-4930-9db2-fa5421175f42","message":"[c8cdef81-4371-4930-9db2-fa5421175f42] Client successfully validated - Connected: true"}
{"timestamp":"2026-08-04T16:39:41.9962512-03:00","level":"INFO","instance_id":"c8cdef81-4371-4930-9db2-fa5421175f42","message":"[c8cdef81-4371-4930-9db2-fa5421175f42] Checking client connection status - Client exists: true"}
{"timestamp":"2026-08-04T16:39:41.9962512-03:00","level":"INFO","instance_id":"c8cdef81-4371-4930-9db2-fa5421175f42","message":"[c8cdef81-4371-4930-9db2-fa5421175f42] Client successfully validated - Connected: true"}
{"timestamp":"2026-08-04T16:39:44.3148636-03:00","level":"INFO","instance_id":"c8cdef81-4371-4930-9db2-fa5421175f42","message":"[c8cdef81-4371-4930-9db2-fa5421175f42] Checking client connection status - Client exists: true"}
{"timestamp":"2026-08-04T16:39:44.3148636-03:00","level":"INFO","instance_id":"c8cdef81-4371-4930-9db2-fa5421175f42","message":"[c8cdef81-4371-4930-9db2-fa5421175f42] Client successfully validated - Connected: true"}
{"timestamp":"2026-08-04T16:39:44.8520089-03:00","level":"INFO","instance_id":"c8cdef81-4371-4930-9db2-fa5421175f42","message":"[c8cdef81-4371-4930-9db2-fa5421175f42] Checking client connection status - Client exists: true"}
{"timestamp":"2026-08-04T16:39:44.8524515-03:00","level":"INFO","instance_id":"c8cdef81-4371-4930-9db2-fa5421175f42","message":"[c8cdef81-4371-4930-9db2-fa5421175f42] Client successfully validated - Connected: true"}
{"timestamp":"2026-08-04T16:39:47.3148724-03:00","level":"INFO","instance_id":"c8cdef81-4371-4930-9db2-fa5421175f42","message":"[c8cdef81-4371-4930-9db2-fa5421175f42] Checking client connection status - Client exists: true"}
{"timestamp":"2026-08-04T16:39:47.3148724-03:00","level":"INFO","instance_id":"c8cdef81-4371-4930-9db2-fa5421175f42","message":"[c8cdef81-4371-4930-9db2-fa5421175f42] Client successfully validated - Connected: true"}
{"timestamp":"2026-08-04T16:39:48.9984799-03:00","level":"INFO","instance_id":"c8cdef81-4371-4930-9db2-fa5421175f42","message":"[c8cdef81-4371-4930-9db2-fa5421175f42] Checking client connection status - Client exists: true"}
{"timestamp":"2026-08-04T16:39:48.9984799-03:00","level":"INFO","instance_id":"c8cdef81-4371-4930-9db2-fa5421175f42","message":"[c8cdef81-4371-4930-9db2-fa5421175f42] Client successfully validated - Connected: true"}
{"timestamp":"2026-08-04T16:39:51.3057618-03:00","level":"INFO","instance_id":"c8cdef81-4371-4930-9db2-fa5421175f42","message":"[c8cdef81-4371-4930-9db2-fa5421175f42] Checking client connection status - Client exists: true"}
{"timestamp":"2026-08-04T16:39:51.3057618-03:00","level":"INFO","instance_id":"c8cdef81-4371-4930-9db2-fa5421175f42","message":"[c8cdef81-4371-4930-9db2-fa5421175f42] Client successfully validated - Connected: true"}
{"timestamp":"2026-08-04T16:39:53.0052228-03:00","level":"INFO","instance_id":"c8cdef81-4371-4930-9db2-fa5421175f42","message":"[c8cdef81-4371-4930-9db2-fa5421175f42] Checking client connection status - Client exists: true"}
{"timestamp":"2026-08-04T16:39:53.0052228-03:00","level":"INFO","instance_id":"c8cdef81-4371-4930-9db2-fa5421175f42","message":"[c8cdef81-4371-4930-9db2-fa5421175f42] Client successfully validated - Connected: true"}
{"timestamp":"2026-08-04T16:39:54.3111937-03:00","level":"INFO","instance_id":"c8cdef81-4371-4930-9db2-fa5421175f42","message":"[c8cdef81-4371-4930-9db2-fa5421175f42] Checking client connection status - Client exists: true"}
{"timestamp":"2026-08-04T16:39:54.3111937-03:00","level":"INFO","instance_id":"c8cdef81-4371-4930-9db2-fa5421175f42","message":"[c8cdef81-4371-4930-9db2-fa5421175f42] Client successfully validated - Connected: true"}
{"timestamp":"2026-08-04T16:39:55.9952919-03:00","level":"INFO","instance_id":"c8cdef81-4371-4930-9db2-fa5421175f42","message":"[c8cdef81-4371-4930-9db2-fa5421175f42] Checking client connection status - Client exists: true"}
{"timestamp":"2026-08-04T16:39:55.9952919-03:00","level":"INFO","instance_id":"c8cdef81-4371-4930-9db2-fa5421175f42","message":"[c8cdef81-4371-4930-9db2-fa5421175f42] Client successfully validated - Connected: true"}
{"timestamp":"2026-08-04T16:39:58.304795-03:00","level":"INFO","instance_id":"c8cdef81-4371-4930-9db2-fa5421175f42","message":"[c8cdef81-4371-4930-9db2-fa5421175f42] Checking client connection status - Client exists: true"}
{"timestamp":"2026-08-04T16:39:58.304795-03:00","level":"INFO","instance_id":"c8cdef81-4371-4930-9db2-fa5421175f42","message":"[c8cdef81-4371-4930-9db2-fa5421175f42] Client successfully validated - Connected: true"}
{"timestamp":"2026-08-04T16:40:00.0033036-03:00","level":"INFO","instance_id":"c8cdef81-4371-4930-9db2-fa5421175f42","message":"[c8cdef81-4371-4930-9db2-fa5421175f42] Checking client connection status - Client exists: true"}
{"timestamp":"2026-08-04T16:40:00.0033036-03:00","level":"INFO","instance_id":"c8cdef81-4371-4930-9db2-fa5421175f42","message":"[c8cdef81-4371-4930-9db2-fa5421175f42] Client successfully validated - Connected: true"}
{"timestamp":"2026-08-04T16:40:01.4556312-03:00","level":"INFO","instance_id":"c8cdef81-4371-4930-9db2-fa5421175f42","message":"[c8cdef81-4371-4930-9db2-fa5421175f42] Checking client connection status - Client exists: true"}
{"timestamp":"2026-08-04T16:40:01.4556312-03:00","level":"INFO","instance_id":"c8cdef81-4371-4930-9db2-fa5421175f42","message":"[c8cdef81-4371-4930-9db2-fa5421175f42] Client successfully validated - Connected: true"}
{"timestamp":"2026-08-04T16:40:03.0071786-03:00","level":"INFO","instance_id":"c8cdef81-4371-4930-9db2-fa5421175f42","message":"[c8cdef81-4371-4930-9db2-fa5421175f42] Checking client connection status - Client exists: true"}
{"timestamp":"2026-08-04T16:40:03.0071786-03:00","level":"INFO","instance_id":"c8cdef81-4371-4930-9db2-fa5421175f42","message":"[c8cdef81-4371-4930-9db2-fa5421175f42] Client successfully validated - Connected: true"}
{"timestamp":"2026-08-04T16:40:05.3050693-03:00","level":"INFO","instance_id":"c8cdef81-4371-4930-9db2-fa5421175f42","message":"[c8cdef81-4371-4930-9db2-fa5421175f42] Checking client connection status - Client exists: true"}
{"timestamp":"2026-08-04T16:40:05.3050693-03:00","level":"INFO","instance_id":"c8cdef81-4371-4930-9db2-fa5421175f42","message":"[c8cdef81-4371-4930-9db2-fa5421175f42] Client successfully validated - Connected: true"}
{"timestamp":"2026-08-04T16:40:07.0047697-03:00","level":"INFO","instance_id":"c8cdef81-4371-4930-9db2-fa5421175f42","message":"[c8cdef81-4371-4930-9db2-fa5421175f42] Checking client connection status - Client exists: true"}
{"timestamp":"2026-08-04T16:40:07.0047697-03:00","level":"INFO","instance_id":"c8cdef81-4371-4930-9db2-fa5421175f42","message":"[c8cdef81-4371-4930-9db2-fa5421175f42] Client successfully validated - Connected: true"}
{"timestamp":"2026-08-04T16:40:09.3146707-03:00","level":"INFO","instance_id":"c8cdef81-4371-4930-9db2-fa5421175f42","message":"[c8cdef81-4371-4930-9db2-fa5421175f42] Checking client connection status - Client exists: true"}
{"timestamp":"2026-08-04T16:40:09.3146707-03:00","level":"INFO","instance_id":"c8cdef81-4371-4930-9db2-fa5421175f42","message":"[c8cdef81-4371-4930-9db2-fa5421175f42] Client successfully validated - Connected: true"}
{"timestamp":"2026-08-04T16:40:11.0015642-03:00","level":"INFO","instance_id":"c8cdef81-4371-4930-9db2-fa5421175f42","message":"[c8cdef81-4371-4930-9db2-fa5421175f42] Checking client connection status - Client exists: true"}
{"timestamp":"2026-08-04T16:40:11.0015642-03:00","level":"INFO","instance_id":"c8cdef81-4371-4930-9db2-fa5421175f42","message":"[c8cdef81-4371-4930-9db2-fa5421175f42] Client successfully validated - Connected: true"}
{"timestamp":"2026-08-04T16:40:12.3125713-03:00","level":"INFO","instance_id":"c8cdef81-4371-4930-9db2-fa5421175f42","message":"[c8cdef81-4371-4930-9db2-fa5421175f42] Checking client connection status - Client exists: true"}
{"timestamp":"2026-08-04T16:40:12.3125713-03:00","level":"INFO","instance_id":"c8cdef81-4371-4930-9db2-fa5421175f42","message":"[c8cdef81-4371-4930-9db2-fa5421175f42] Client successfully validated - Connected: true"}
{"timestamp":"2026-08-04T16:40:13.9936374-03:00","level":"INFO","instance_id":"c8cdef81-4371-4930-9db2-fa5421175f42","message":"[c8cdef81-4371-4930-9db2-fa5421175f42] Checking client connection status - Client exists: true"}
{"timestamp":"2026-08-04T16:40:13.9936374-03:00","level":"INFO","instance_id":"c8cdef81-4371-4930-9db2-fa5421175f42","message":"[c8cdef81-4371-4930-9db2-fa5421175f42] Client successfully validated - Connected: true"}
{"timestamp":"2026-08-04T16:40:16.3198739-03:00","level":"INFO","instance_id":"c8cdef81-4371-4930-9db2-fa5421175f42","message":"[c8cdef81-4371-4930-9db2-fa5421175f42] Checking client connection status - Client exists: true"}
{"timestamp":"2026-08-04T16:40:16.3198739-03:00","level":"INFO","instance_id":"c8cdef81-4371-4930-9db2-fa5421175f42","message":"[c8cdef81-4371-4930-9db2-fa5421175f42] Client successfully validated - Connected: true"}
{"timestamp":"2026-08-04T16:40:18.0019213-03:00","level":"INFO","instance_id":"c8cdef81-4371-4930-9db2-fa5421175f42","message":"[c8cdef81-4371-4930-9db2-fa5421175f42] Checking client connection status - Client exists: true"}
{"timestamp":"2026-08-04T16:40:18.0019213-03:00","level":"INFO","instance_id":"c8cdef81-4371-4930-9db2-fa5421175f42","message":"[c8cdef81-4371-4930-9db2-fa5421175f42] Client successfully validated - Connected: true"}
{"timestamp":"2026-08-04T16:40:20.343653-03:00","level":"INFO","instance_id":"c8cdef81-4371-4930-9db2-fa5421175f42","message":"[c8cdef81-4371-4930-9db2-fa5421175f42] Checking client connection status - Client exists: true"}
{"timestamp":"2026-08-04T16:40:20.343653-03:00","level":"INFO","instance_id":"c8cdef81-4371-4930-9db2-fa5421175f42","message":"[c8cdef81-4371-4930-9db2-fa5421175f42] Client successfully validated - Connected: true"}
{"timestamp":"2026-08-04T16:40:20.8777023-03:00","level":"INFO","instance_id":"c8cdef81-4371-4930-9db2-fa5421175f42","message":"[c8cdef81-4371-4930-9db2-fa5421175f42] Checking client connection status - Client exists: true"}
{"timestamp":"2026-08-04T16:40:20.8777023-03:00","level":"INFO","instance_id":"c8cdef81-4371-4930-9db2-fa5421175f42","message":"[c8cdef81-4371-4930-9db2-fa5421175f42] Client successfully validated - Connected: true"}
{"timestamp":"2026-08-04T16:40:23.3080106-03:00","level":"INFO","instance_id":"c8cdef81-4371-4930-9db2-fa5421175f42","message":"[c8cdef81-4371-4930-9db2-fa5421175f42] Checking client connection status - Client exists: true"}
{"timestamp":"2026-08-04T16:40:23.3080106-03:00","level":"INFO","instance_id":"c8cdef81-4371-4930-9db2-fa5421175f42","message":"[c8cdef81-4371-4930-9db2-fa5421175f42] Client successfully validated - Connected: true"}
{"timestamp":"2026-08-04T16:40:25.0014331-03:00","level":"INFO","instance_id":"c8cdef81-4371-4930-9db2-fa5421175f42","message":"[c8cdef81-4371-4930-9db2-fa5421175f42] Checking client connection status - Client exists: true"}
{"timestamp":"2026-08-04T16:40:25.0014331-03:00","level":"INFO","instance_id":"c8cdef81-4371-4930-9db2-fa5421175f42","message":"[c8cdef81-4371-4930-9db2-fa5421175f42] Client successfully validated - Connected: true"}
{"timestamp":"2026-08-04T16:40:27.3073793-03:00","level":"INFO","instance_id":"c8cdef81-4371-4930-9db2-fa5421175f42","message":"[c8cdef81-4371-4930-9db2-fa5421175f42] Checking client connection status - Client exists: true"}
{"timestamp":"2026-08-04T16:40:27.3073793-03:00","level":"INFO","instance_id":"c8cdef81-4371-4930-9db2-fa5421175f42","message":"[c8cdef81-4371-4930-9db2-fa5421175f42] Client successfully validated - Connected: true"}
{"timestamp":"2026-08-04T16:40:29.0243228-03:00","level":"INFO","instance_id":"c8cdef81-4371-4930-9db2-fa5421175f42","message":"[c8cdef81-4371-4930-9db2-fa5421175f42] Checking client connection status - Client exists: true"}
{"timestamp":"2026-08-04T16:40:29.0243228-03:00","level":"INFO","instance_id":"c8cdef81-4371-4930-9db2-fa5421175f42","message":"[c8cdef81-4371-4930-9db2-fa5421175f42] Client successfully validated - Connected: true"}
{"timestamp":"2026-08-04T16:40:30.3192397-03:00","level":"INFO","instance_id":"c8cdef81-4371-4930-9db2-fa5421175f42","message":"[c8cdef81-4371-4930-9db2-fa5421175f42] Checking client connection status - Client exists: true"}
{"timestamp":"2026-08-04T16:40:30.3192397-03:00","level":"INFO","instance_id":"c8cdef81-4371-4930-9db2-fa5421175f42","message":"[c8cdef81-4371-4930-9db2-fa5421175f42] Client successfully validated - Connected: true"}
{"timestamp":"2026-08-04T16:40:32.0029685-03:00","level":"INFO","instance_id":"c8cdef81-4371-4930-9db2-fa5421175f42","message":"[c8cdef81-4371-4930-9db2-fa5421175f42] Checking client connection status - Client exists: true"}
{"timestamp":"2026-08-04T16:40:32.0029685-03:00","level":"INFO","instance_id":"c8cdef81-4371-4930-9db2-fa5421175f42","message":"[c8cdef81-4371-4930-9db2-fa5421175f42] Client successfully validated - Connected: true"}
{"timestamp":"2026-08-04T16:40:34.3128398-03:00","level":"INFO","instance_id":"c8cdef81-4371-4930-9db2-fa5421175f42","message":"[c8cdef81-4371-4930-9db2-fa5421175f42] Checking client connection status - Client exists: true"}
{"timestamp":"2026-08-04T16:40:34.3128398-03:00","level":"INFO","instance_id":"c8cdef81-4371-4930-9db2-fa5421175f42","message":"[c8cdef81-4371-4930-9db2-fa5421175f42] Client successfully validated - Connected: true"}
{"timestamp":"2026-08-04T16:40:36.005239-03:00","level":"INFO","instance_id":"c8cdef81-4371-4930-9db2-fa5421175f42","message":"[c8cdef81-4371-4930-9db2-fa5421175f42] Checking client connection status - Client exists: true"}
{"timestamp":"2026-08-04T16:40:36.005239-03:00","level":"INFO","instance_id":"c8cdef81-4371-4930-9db2-fa5421175f42","message":"[c8cdef81-4371-4930-9db2-fa5421175f42] Client successfully validated - Connected: true"}
{"timestamp":"2026-08-04T16:40:38.3219093-03:00","level":"INFO","instance_id":"c8cdef81-4371-4930-9db2-fa5421175f42","message":"[c8cdef81-4371-4930-9db2-fa5421175f42] Checking client connection status - Client exists: true"}
{"timestamp":"2026-08-04T16:40:38.3219093-03:00","level":"INFO","instance_id":"c8cdef81-4371-4930-9db2-fa5421175f42","message":"[c8cdef81-4371-4930-9db2-fa5421175f42] Client successfully validated - Connected: true"}
{"timestamp":"2026-08-04T16:40:38.8395176-03:00","level":"INFO","instance_id":"c8cdef81-4371-4930-9db2-fa5421175f42","message":"[c8cdef81-4371-4930-9db2-fa5421175f42] Checking client connection status - Client exists: true"}
{"timestamp":"2026-08-04T16:40:38.8402115-03:00","level":"INFO","instance_id":"c8cdef81-4371-4930-9db2-fa5421175f42","message":"[c8cdef81-4371-4930-9db2-fa5421175f42] Client successfully validated - Connected: true"}
{"timestamp":"2026-08-04T16:40:41.3064465-03:00","level":"INFO","instance_id":"c8cdef81-4371-4930-9db2-fa5421175f42","message":"[c8cdef81-4371-4930-9db2-fa5421175f42] Checking client connection status - Client exists: true"}
{"timestamp":"2026-08-04T16:40:41.3069756-03:00","level":"INFO","instance_id":"c8cdef81-4371-4930-9db2-fa5421175f42","message":"[c8cdef81-4371-4930-9db2-fa5421175f42] Client successfully validated - Connected: true"}
{"timestamp":"2026-08-04T16:40:42.9968952-03:00","level":"INFO","instance_id":"c8cdef81-4371-4930-9db2-fa5421175f42","message":"[c8cdef81-4371-4930-9db2-fa5421175f42] Checking client connection status - Client exists: true"}
{"timestamp":"2026-08-04T16:40:42.9968952-03:00","level":"INFO","instance_id":"c8cdef81-4371-4930-9db2-fa5421175f42","message":"[c8cdef81-4371-4930-9db2-fa5421175f42] Client successfully validated - Connected: true"}
{"timestamp":"2026-08-04T16:40:45.314114-03:00","level":"INFO","instance_id":"c8cdef81-4371-4930-9db2-fa5421175f42","message":"[c8cdef81-4371-4930-9db2-fa5421175f42] Checking client connection status - Client exists: true"}
{"timestamp":"2026-08-04T16:40:45.314114-03:00","level":"INFO","instance_id":"c8cdef81-4371-4930-9db2-fa5421175f42","message":"[c8cdef81-4371-4930-9db2-fa5421175f42] Client successfully validated - Connected: true"}
{"timestamp":"2026-08-04T16:40:46.9980298-03:00","level":"INFO","instance_id":"c8cdef81-4371-4930-9db2-fa5421175f42","message":"[c8cdef81-4371-4930-9db2-fa5421175f42] Checking client connection status - Client exists: true"}
{"timestamp":"2026-08-04T16:40:46.9980298-03:00","level":"INFO","instance_id":"c8cdef81-4371-4930-9db2-fa5421175f42","message":"[c8cdef81-4371-4930-9db2-fa5421175f42] Client successfully validated - Connected: true"}
{"timestamp":"2026-08-04T16:40:48.3051073-03:00","level":"INFO","instance_id":"c8cdef81-4371-4930-9db2-fa5421175f42","message":"[c8cdef81-4371-4930-9db2-fa5421175f42] Checking client connection status - Client exists: true"}
{"timestamp":"2026-08-04T16:40:48.3051073-03:00","level":"INFO","instance_id":"c8cdef81-4371-4930-9db2-fa5421175f42","message":"[c8cdef81-4371-4930-9db2-fa5421175f42] Client successfully validated - Connected: true"}
{"timestamp":"2026-08-04T16:40:50.0052838-03:00","level":"INFO","instance_id":"c8cdef81-4371-4930-9db2-fa5421175f42","message":"[c8cdef81-4371-4930-9db2-fa5421175f42] Checking client connection status - Client exists: true"}
{"timestamp":"2026-08-04T16:40:50.0052838-03:00","level":"INFO","instance_id":"c8cdef81-4371-4930-9db2-fa5421175f42","message":"[c8cdef81-4371-4930-9db2-fa5421175f42] Client successfully validated - Connected: true"}
{"timestamp":"2026-08-04T16:40:52.3157554-03:00","level":"INFO","instance_id":"c8cdef81-4371-4930-9db2-fa5421175f42","message":"[c8cdef81-4371-4930-9db2-fa5421175f42] Checking client connection status - Client exists: true"}
{"timestamp":"2026-08-04T16:40:52.3157554-03:00","level":"INFO","instance_id":"c8cdef81-4371-4930-9db2-fa5421175f42","message":"[c8cdef81-4371-4930-9db2-fa5421175f42] Client successfully validated - Connected: true"}
{"timestamp":"2026-08-04T16:40:54.0028542-03:00","level":"INFO","instance_id":"c8cdef81-4371-4930-9db2-fa5421175f42","message":"[c8cdef81-4371-4930-9db2-fa5421175f42] Checking client connection status - Client exists: true"}
{"timestamp":"2026-08-04T16:40:54.0028542-03:00","level":"INFO","instance_id":"c8cdef81-4371-4930-9db2-fa5421175f42","message":"[c8cdef81-4371-4930-9db2-fa5421175f42] Client successfully validated - Connected: true"}
{"timestamp":"2026-08-04T16:40:56.3078052-03:00","level":"INFO","instance_id":"c8cdef81-4371-4930-9db2-fa5421175f42","message":"[c8cdef81-4371-4930-9db2-fa5421175f42] Checking client connection status - Client exists: true"}
{"timestamp":"2026-08-04T16:40:56.3078052-03:00","level":"INFO","instance_id":"c8cdef81-4371-4930-9db2-fa5421175f42","message":"[c8cdef81-4371-4930-9db2-fa5421175f42] Client successfully validated - Connected: true"}
{"timestamp":"2026-08-04T16:40:56.843243-03:00","level":"INFO","instance_id":"c8cdef81-4371-4930-9db2-fa5421175f42","message":"[c8cdef81-4371-4930-9db2-fa5421175f42] Checking client connection status - Client exists: true"}
{"timestamp":"2026-08-04T16:40:56.843243-03:00","level":"INFO","instance_id":"c8cdef81-4371-4930-9db2-fa5421175f42","message":"[c8cdef81-4371-4930-9db2-fa5421175f42] Client successfully validated - Connected: true"}
{"timestamp":"2026-08-04T16:40:59.3106939-03:00","level":"INFO","instance_id":"c8cdef81-4371-4930-9db2-fa5421175f42","message":"[c8cdef81-4371-4930-9db2-fa5421175f42] Checking client connection status - Client exists: true"}
{"timestamp":"2026-08-04T16:40:59.3106939-03:00","level":"INFO","instance_id":"c8cdef81-4371-4930-9db2-fa5421175f42","message":"[c8cdef81-4371-4930-9db2-fa5421175f42] Client successfully validated - Connected: true"}
{"timestamp":"2026-08-04T16:41:01.0140961-03:00","level":"INFO","instance_id":"c8cdef81-4371-4930-9db2-fa5421175f42","message":"[c8cdef81-4371-4930-9db2-fa5421175f42] Checking client connection status - Client exists: true"}
{"timestamp":"2026-08-04T16:41:01.0140961-03:00","level":"INFO","instance_id":"c8cdef81-4371-4930-9db2-fa5421175f42","message":"[c8cdef81-4371-4930-9db2-fa5421175f42] Client successfully validated - Connected: true"}
{"timestamp":"2026-08-04T16:41:03.314257-03:00","level":"INFO","instance_id":"c8cdef81-4371-4930-9db2-fa5421175f42","message":"[c8cdef81-4371-4930-9db2-fa5421175f42] Checking client connection status - Client exists: true"}
{"timestamp":"2026-08-04T16:41:03.314257-03:00","level":"INFO","instance_id":"c8cdef81-4371-4930-9db2-fa5421175f42","message":"[c8cdef81-4371-4930-9db2-fa5421175f42] Client successfully validated - Connected: true"}
{"timestamp":"2026-08-04T16:41:05.0027647-03:00","level":"INFO","instance_id":"c8cdef81-4371-4930-9db2-fa5421175f42","message":"[c8cdef81-4371-4930-9db2-fa5421175f42] Checking client connection status - Client exists: true"}
{"timestamp":"2026-08-04T16:41:05.0027647-03:00","level":"INFO","instance_id":"c8cdef81-4371-4930-9db2-fa5421175f42","message":"[c8cdef81-4371-4930-9db2-fa5421175f42] Client successfully validated - Connected: true"}
{"timestamp":"2026-08-04T16:41:06.3143466-03:00","level":"INFO","instance_id":"c8cdef81-4371-4930-9db2-fa5421175f42","message":"[c8cdef81-4371-4930-9db2-fa5421175f42] Checking client connection status - Client exists: true"}
{"timestamp":"2026-08-04T16:41:06.3143466-03:00","level":"INFO","instance_id":"c8cdef81-4371-4930-9db2-fa5421175f42","message":"[c8cdef81-4371-4930-9db2-fa5421175f42] Client successfully validated - Connected: true"}
{"timestamp":"2026-08-04T16:41:08.0024733-03:00","level":"INFO","instance_id":"c8cdef81-4371-4930-9db2-fa5421175f42","message":"[c8cdef81-4371-4930-9db2-fa5421175f42] Checking client connection status - Client exists: true"}
{"timestamp":"2026-08-04T16:41:08.0024733-03:00","level":"INFO","instance_id":"c8cdef81-4371-4930-9db2-fa5421175f42","message":"[c8cdef81-4371-4930-9db2-fa5421175f42] Client successfully validated - Connected: true"}
{"timestamp":"2026-08-04T16:41:10.3078576-03:00","level":"INFO","instance_id":"c8cdef81-4371-4930-9db2-fa5421175f42","message":"[c8cdef81-4371-4930-9db2-fa5421175f42] Checking client connection status - Client exists: true"}
{"timestamp":"2026-08-04T16:41:10.3078576-03:00","level":"INFO","instance_id":"c8cdef81-4371-4930-9db2-fa5421175f42","message":"[c8cdef81-4371-4930-9db2-fa5421175f42] Client successfully validated - Connected: true"}
{"timestamp":"2026-08-04T16:41:12.0205505-03:00","level":"INFO","instance_id":"c8cdef81-4371-4930-9db2-fa5421175f42","message":"[c8cdef81-4371-4930-9db2-fa5421175f42] Checking client connection status - Client exists: true"}
{"timestamp":"2026-08-04T16:41:12.0205505-03:00","level":"INFO","instance_id":"c8cdef81-4371-4930-9db2-fa5421175f42","message":"[c8cdef81-4371-4930-9db2-fa5421175f42] Client successfully validated - Connected: true"}
{"timestamp":"2026-08-04T16:41:14.3337554-03:00","level":"INFO","instance_id":"c8cdef81-4371-4930-9db2-fa5421175f42","message":"[c8cdef81-4371-4930-9db2-fa5421175f42] Checking client connection status - Client exists: true"}
{"timestamp":"2026-08-04T16:41:14.3337554-03:00","level":"INFO","instance_id":"c8cdef81-4371-4930-9db2-fa5421175f42","message":"[c8cdef81-4371-4930-9db2-fa5421175f42] Client successfully validated - Connected: true"}
{"timestamp":"2026-08-04T16:41:14.8383923-03:00","level":"INFO","instance_id":"c8cdef81-4371-4930-9db2-fa5421175f42","message":"[c8cdef81-4371-4930-9db2-fa5421175f42] Checking client connection status - Client exists: true"}
{"timestamp":"2026-08-04T16:41:14.8383923-03:00","level":"INFO","instance_id":"c8cdef81-4371-4930-9db2-fa5421175f42","message":"[c8cdef81-4371-4930-9db2-fa5421175f42] Client successfully validated - Connected: true"}
{"timestamp":"2026-08-04T16:41:17.3140878-03:00","level":"INFO","instance_id":"c8cdef81-4371-4930-9db2-fa5421175f42","message":"[c8cdef81-4371-4930-9db2-fa5421175f42] Checking client connection status - Client exists: true"}
{"timestamp":"2026-08-04T16:41:17.3140878-03:00","level":"INFO","instance_id":"c8cdef81-4371-4930-9db2-fa5421175f42","message":"[c8cdef81-4371-4930-9db2-fa5421175f42] Client successfully validated - Connected: true"}
{"timestamp":"2026-08-04T16:41:18.9998103-03:00","level":"INFO","instance_id":"c8cdef81-4371-4930-9db2-fa5421175f42","message":"[c8cdef81-4371-4930-9db2-fa5421175f42] Checking client connection status - Client exists: true"}
{"timestamp":"2026-08-04T16:41:18.9998103-03:00","level":"INFO","instance_id":"c8cdef81-4371-4930-9db2-fa5421175f42","message":"[c8cdef81-4371-4930-9db2-fa5421175f42] Client successfully validated - Connected: true"}
{"timestamp":"2026-08-04T16:41:21.314729-03:00","level":"INFO","instance_id":"c8cdef81-4371-4930-9db2-fa5421175f42","message":"[c8cdef81-4371-4930-9db2-fa5421175f42] Checking client connection status - Client exists: true"}
{"timestamp":"2026-08-04T16:41:21.314729-03:00","level":"INFO","instance_id":"c8cdef81-4371-4930-9db2-fa5421175f42","message":"[c8cdef81-4371-4930-9db2-fa5421175f42] Client successfully validated - Connected: true"}
{"timestamp":"2026-08-04T16:41:23.0041497-03:00","level":"INFO","instance_id":"c8cdef81-4371-4930-9db2-fa5421175f42","message":"[c8cdef81-4371-4930-9db2-fa5421175f42] Checking client connection status - Client exists: true"}
{"timestamp":"2026-08-04T16:41:23.0041497-03:00","level":"INFO","instance_id":"c8cdef81-4371-4930-9db2-fa5421175f42","message":"[c8cdef81-4371-4930-9db2-fa5421175f42] Client successfully validated - Connected: true"}
{"timestamp":"2026-08-04T16:41:24.3095145-03:00","level":"INFO","instance_id":"c8cdef81-4371-4930-9db2-fa5421175f42","message":"[c8cdef81-4371-4930-9db2-fa5421175f42] Checking client connection status - Client exists: true"}
{"timestamp":"2026-08-04T16:41:24.3095145-03:00","level":"INFO","instance_id":"c8cdef81-4371-4930-9db2-fa5421175f42","message":"[c8cdef81-4371-4930-9db2-fa5421175f42] Client successfully validated - Connected: true"}
{"timestamp":"2026-08-04T16:41:25.9960965-03:00","level":"INFO","instance_id":"c8cdef81-4371-4930-9db2-fa5421175f42","message":"[c8cdef81-4371-4930-9db2-fa5421175f42] Checking client connection status - Client exists: true"}
{"timestamp":"2026-08-04T16:41:25.9960965-03:00","level":"INFO","instance_id":"c8cdef81-4371-4930-9db2-fa5421175f42","message":"[c8cdef81-4371-4930-9db2-fa5421175f42] Client successfully validated - Connected: true"}
{"timestamp":"2026-08-04T16:41:28.3111487-03:00","level":"INFO","instance_id":"c8cdef81-4371-4930-9db2-fa5421175f42","message":"[c8cdef81-4371-4930-9db2-fa5421175f42] Checking client connection status - Client exists: true"}
{"timestamp":"2026-08-04T16:41:28.3111487-03:00","level":"INFO","instance_id":"c8cdef81-4371-4930-9db2-fa5421175f42","message":"[c8cdef81-4371-4930-9db2-fa5421175f42] Client successfully validated - Connected: true"}
{"timestamp":"2026-08-04T16:41:29.9978569-03:00","level":"INFO","instance_id":"c8cdef81-4371-4930-9db2-fa5421175f42","message":"[c8cdef81-4371-4930-9db2-fa5421175f42] Checking client connection status - Client exists: true"}
{"timestamp":"2026-08-04T16:41:29.9978569-03:00","level":"INFO","instance_id":"c8cdef81-4371-4930-9db2-fa5421175f42","message":"[c8cdef81-4371-4930-9db2-fa5421175f42] Client successfully validated - Connected: true"}
{"timestamp":"2026-08-04T16:41:32.3050117-03:00","level":"INFO","instance_id":"c8cdef81-4371-4930-9db2-fa5421175f42","message":"[c8cdef81-4371-4930-9db2-fa5421175f42] Checking client connection status - Client exists: true"}
{"timestamp":"2026-08-04T16:41:32.3050117-03:00","level":"INFO","instance_id":"c8cdef81-4371-4930-9db2-fa5421175f42","message":"[c8cdef81-4371-4930-9db2-fa5421175f42] Client successfully validated - Connected: true"}
{"timestamp":"2026-08-04T16:41:32.8413878-03:00","level":"INFO","instance_id":"c8cdef81-4371-4930-9db2-fa5421175f42","message":"[c8cdef81-4371-4930-9db2-fa5421175f42] Checking client connection status - Client exists: true"}
{"timestamp":"2026-08-04T16:41:32.8420221-03:00","level":"INFO","instance_id":"c8cdef81-4371-4930-9db2-fa5421175f42","message":"[c8cdef81-4371-4930-9db2-fa5421175f42] Client successfully validated - Connected: true"}
{"timestamp":"2026-08-04T16:41:35.3104464-03:00","level":"INFO","instance_id":"c8cdef81-4371-4930-9db2-fa5421175f42","message":"[c8cdef81-4371-4930-9db2-fa5421175f42] Checking client connection status - Client exists: true"}
{"timestamp":"2026-08-04T16:41:35.3104464-03:00","level":"INFO","instance_id":"c8cdef81-4371-4930-9db2-fa5421175f42","message":"[c8cdef81-4371-4930-9db2-fa5421175f42] Client successfully validated - Connected: true"}
{"timestamp":"2026-08-04T16:41:36.9949227-03:00","level":"INFO","instance_id":"c8cdef81-4371-4930-9db2-fa5421175f42","message":"[c8cdef81-4371-4930-9db2-fa5421175f42] Checking client connection status - Client exists: true"}
{"timestamp":"2026-08-04T16:41:36.9949227-03:00","level":"INFO","instance_id":"c8cdef81-4371-4930-9db2-fa5421175f42","message":"[c8cdef81-4371-4930-9db2-fa5421175f42] Client successfully validated - Connected: true"}
{"timestamp":"2026-08-04T16:41:39.3077463-03:00","level":"INFO","instance_id":"c8cdef81-4371-4930-9db2-fa5421175f42","message":"[c8cdef81-4371-4930-9db2-fa5421175f42] Checking client connection status - Client exists: true"}
{"timestamp":"2026-08-04T16:41:39.3077463-03:00","level":"INFO","instance_id":"c8cdef81-4371-4930-9db2-fa5421175f42","message":"[c8cdef81-4371-4930-9db2-fa5421175f42] Client successfully validated - Connected: true"}
{"timestamp":"2026-08-04T16:41:40.9918369-03:00","level":"INFO","instance_id":"c8cdef81-4371-4930-9db2-fa5421175f42","message":"[c8cdef81-4371-4930-9db2-fa5421175f42] Checking client connection status - Client exists: true"}
{"timestamp":"2026-08-04T16:41:40.9918369-03:00","level":"INFO","instance_id":"c8cdef81-4371-4930-9db2-fa5421175f42","message":"[c8cdef81-4371-4930-9db2-fa5421175f42] Client successfully validated - Connected: true"}
{"timestamp":"2026-08-04T16:41:42.3490256-03:00","level":"INFO","instance_id":"c8cdef81-4371-4930-9db2-fa5421175f42","message":"[c8cdef81-4371-4930-9db2-fa5421175f42] Checking client connection status - Client exists: true"}
{"timestamp":"2026-08-04T16:41:42.3490256-03:00","level":"INFO","instance_id":"c8cdef81-4371-4930-9db2-fa5421175f42","message":"[c8cdef81-4371-4930-9db2-fa5421175f42] Client successfully validated - Connected: true"}
{"timestamp":"2026-08-04T16:41:43.9999478-03:00","level":"INFO","instance_id":"c8cdef81-4371-4930-9db2-fa5421175f42","message":"[c8cdef81-4371-4930-9db2-fa5421175f42] Checking client connection status - Client exists: true"}
{"timestamp":"2026-08-04T16:41:43.9999478-03:00","level":"INFO","instance_id":"c8cdef81-4371-4930-9db2-fa5421175f42","message":"[c8cdef81-4371-4930-9db2-fa5421175f42] Client successfully validated - Connected: true"}
{"timestamp":"2026-08-04T16:41:46.3080557-03:00","level":"INFO","instance_id":"c8cdef81-4371-4930-9db2-fa5421175f42","message":"[c8cdef81-4371-4930-9db2-fa5421175f42] Checking client connection status - Client exists: true"}
{"timestamp":"2026-08-04T16:41:46.3080557-03:00","level":"INFO","instance_id":"c8cdef81-4371-4930-9db2-fa5421175f42","message":"[c8cdef81-4371-4930-9db2-fa5421175f42] Client successfully validated - Connected: true"}
{"timestamp":"2026-08-04T16:41:48.0006974-03:00","level":"INFO","instance_id":"c8cdef81-4371-4930-9db2-fa5421175f42","message":"[c8cdef81-4371-4930-9db2-fa5421175f42] Checking client connection status - Client exists: true"}
{"timestamp":"2026-08-04T16:41:48.0006974-03:00","level":"INFO","instance_id":"c8cdef81-4371-4930-9db2-fa5421175f42","message":"[c8cdef81-4371-4930-9db2-fa5421175f42] Client successfully validated - Connected: true"}
{"timestamp":"2026-08-04T16:41:50.3061936-03:00","level":"INFO","instance_id":"c8cdef81-4371-4930-9db2-fa5421175f42","message":"[c8cdef81-4371-4930-9db2-fa5421175f42] Checking client connection status - Client exists: true"}
{"timestamp":"2026-08-04T16:41:50.3061936-03:00","level":"INFO","instance_id":"c8cdef81-4371-4930-9db2-fa5421175f42","message":"[c8cdef81-4371-4930-9db2-fa5421175f42] Client successfully validated - Connected: true"}
{"timestamp":"2026-08-04T16:41:50.8310386-03:00","level":"INFO","instance_id":"c8cdef81-4371-4930-9db2-fa5421175f42","message":"[c8cdef81-4371-4930-9db2-fa5421175f42] Checking client connection status - Client exists: true"}
{"timestamp":"2026-08-04T16:41:50.8314098-03:00","level":"INFO","instance_id":"c8cdef81-4371-4930-9db2-fa5421175f42","message":"[c8cdef81-4371-4930-9db2-fa5421175f42] Client successfully validated - Connected: true"}
{"timestamp":"2026-08-04T16:41:53.3126087-03:00","level":"INFO","instance_id":"c8cdef81-4371-4930-9db2-fa5421175f42","message":"[c8cdef81-4371-4930-9db2-fa5421175f42] Checking client connection status - Client exists: true"}
{"timestamp":"2026-08-04T16:41:53.3126087-03:00","level":"INFO","instance_id":"c8cdef81-4371-4930-9db2-fa5421175f42","message":"[c8cdef81-4371-4930-9db2-fa5421175f42] Client successfully validated - Connected: true"}
{"timestamp":"2026-08-04T16:41:54.9985526-03:00","level":"INFO","instance_id":"c8cdef81-4371-4930-9db2-fa5421175f42","message":"[c8cdef81-4371-4930-9db2-fa5421175f42] Checking client connection status - Client exists: true"}
{"timestamp":"2026-08-04T16:41:54.9985526-03:00","level":"INFO","instance_id":"c8cdef81-4371-4930-9db2-fa5421175f42","message":"[c8cdef81-4371-4930-9db2-fa5421175f42] Client successfully validated - Connected: true"}
{"timestamp":"2026-08-04T16:41:57.298023-03:00","level":"INFO","instance_id":"c8cdef81-4371-4930-9db2-fa5421175f42","message":"[c8cdef81-4371-4930-9db2-fa5421175f42] Checking client connection status - Client exists: true"}
{"timestamp":"2026-08-04T16:41:57.298023-03:00","level":"INFO","instance_id":"c8cdef81-4371-4930-9db2-fa5421175f42","message":"[c8cdef81-4371-4930-9db2-fa5421175f42] Client successfully validated - Connected: true"}
{"timestamp":"2026-08-04T16:41:59.0000429-03:00","level":"INFO","instance_id":"c8cdef81-4371-4930-9db2-fa5421175f42","message":"[c8cdef81-4371-4930-9db2-fa5421175f42] Checking client connection status - Client exists: true"}
{"timestamp":"2026-08-04T16:41:59.0000429-03:00","level":"INFO","instance_id":"c8cdef81-4371-4930-9db2-fa5421175f42","message":"[c8cdef81-4371-4930-9db2-fa5421175f42] Client successfully validated - Connected: true"}
{"timestamp":"2026-08-04T16:42:00.3083361-03:00","level":"INFO","instance_id":"c8cdef81-4371-4930-9db2-fa5421175f42","message":"[c8cdef81-4371-4930-9db2-fa5421175f42] Checking client connection status - Client exists: true"}
{"timestamp":"2026-08-04T16:42:00.3083361-03:00","level":"INFO","instance_id":"c8cdef81-4371-4930-9db2-fa5421175f42","message":"[c8cdef81-4371-4930-9db2-fa5421175f42] Client successfully validated - Connected: true"}
{"timestamp":"2026-08-04T16:42:01.9950829-03:00","level":"INFO","instance_id":"c8cdef81-4371-4930-9db2-fa5421175f42","message":"[c8cdef81-4371-4930-9db2-fa5421175f42] Checking client connection status - Client exists: true"}
{"timestamp":"2026-08-04T16:42:01.9950829-03:00","level":"INFO","instance_id":"c8cdef81-4371-4930-9db2-fa5421175f42","message":"[c8cdef81-4371-4930-9db2-fa5421175f42] Client successfully validated - Connected: true"}
{"timestamp":"2026-08-04T16:42:04.3157357-03:00","level":"INFO","instance_id":"c8cdef81-4371-4930-9db2-fa5421175f42","message":"[c8cdef81-4371-4930-9db2-fa5421175f42] Checking client connection status - Client exists: true"}
{"timestamp":"2026-08-04T16:42:04.3157357-03:00","level":"INFO","instance_id":"c8cdef81-4371-4930-9db2-fa5421175f42","message":"[c8cdef81-4371-4930-9db2-fa5421175f42] Client successfully validated - Connected: true"}
{"timestamp":"2026-08-04T16:42:06.007489-03:00","level":"INFO","instance_id":"c8cdef81-4371-4930-9db2-fa5421175f42","message":"[c8cdef81-4371-4930-9db2-fa5421175f42] Checking client connection status - Client exists: true"}
{"timestamp":"2026-08-04T16:42:06.007489-03:00","level":"INFO","instance_id":"c8cdef81-4371-4930-9db2-fa5421175f42","message":"[c8cdef81-4371-4930-9db2-fa5421175f42] Client successfully validated - Connected: true"}
{"timestamp":"2026-08-04T16:42:08.32088-03:00","level":"INFO","instance_id":"c8cdef81-4371-4930-9db2-fa5421175f42","message":"[c8cdef81-4371-4930-9db2-fa5421175f42] Checking client connection status - Client exists: true"}
{"timestamp":"2026-08-04T16:42:08.32088-03:00","level":"INFO","instance_id":"c8cdef81-4371-4930-9db2-fa5421175f42","message":"[c8cdef81-4371-4930-9db2-fa5421175f42] Client successfully validated - Connected: true"}
{"timestamp":"2026-08-04T16:42:08.8380221-03:00","level":"INFO","instance_id":"c8cdef81-4371-4930-9db2-fa5421175f42","message":"[c8cdef81-4371-4930-9db2-fa5421175f42] Checking client connection status - Client exists: true"}
{"timestamp":"2026-08-04T16:42:08.8380221-03:00","level":"INFO","instance_id":"c8cdef81-4371-4930-9db2-fa5421175f42","message":"[c8cdef81-4371-4930-9db2-fa5421175f42] Client successfully validated - Connected: true"}
{"timestamp":"2026-08-04T16:42:11.3168268-03:00","level":"INFO","instance_id":"c8cdef81-4371-4930-9db2-fa5421175f42","message":"[c8cdef81-4371-4930-9db2-fa5421175f42] Checking client connection status - Client exists: true"}
{"timestamp":"2026-08-04T16:42:11.3168268-03:00","level":"INFO","instance_id":"c8cdef81-4371-4930-9db2-fa5421175f42","message":"[c8cdef81-4371-4930-9db2-fa5421175f42] Client successfully validated - Connected: true"}
{"timestamp":"2026-08-04T16:42:13.0048462-03:00","level":"INFO","instance_id":"c8cdef81-4371-4930-9db2-fa5421175f42","message":"[c8cdef81-4371-4930-9db2-fa5421175f42] Checking client connection status - Client exists: true"}
{"timestamp":"2026-08-04T16:42:13.0048462-03:00","level":"INFO","instance_id":"c8cdef81-4371-4930-9db2-fa5421175f42","message":"[c8cdef81-4371-4930-9db2-fa5421175f42] Client successfully validated - Connected: true"}
{"timestamp":"2026-08-04T16:42:15.3008077-03:00","level":"INFO","instance_id":"c8cdef81-4371-4930-9db2-fa5421175f42","message":"[c8cdef81-4371-4930-9db2-fa5421175f42] Checking client connection status - Client exists: true"}
{"timestamp":"2026-08-04T16:42:15.3008077-03:00","level":"INFO","instance_id":"c8cdef81-4371-4930-9db2-fa5421175f42","message":"[c8cdef81-4371-4930-9db2-fa5421175f42] Client successfully validated - Connected: true"}
{"timestamp":"2026-08-04T16:42:17.0014718-03:00","level":"INFO","instance_id":"c8cdef81-4371-4930-9db2-fa5421175f42","message":"[c8cdef81-4371-4930-9db2-fa5421175f42] Checking client connection status - Client exists: true"}
{"timestamp":"2026-08-04T16:42:17.0014718-03:00","level":"INFO","instance_id":"c8cdef81-4371-4930-9db2-fa5421175f42","message":"[c8cdef81-4371-4930-9db2-fa5421175f42] Client successfully validated - Connected: true"}
{"timestamp":"2026-08-04T16:42:18.3215573-03:00","level":"INFO","instance_id":"c8cdef81-4371-4930-9db2-fa5421175f42","message":"[c8cdef81-4371-4930-9db2-fa5421175f42] Checking client connection status - Client exists: true"}
{"timestamp":"2026-08-04T16:42:18.3215573-03:00","level":"INFO","instance_id":"c8cdef81-4371-4930-9db2-fa5421175f42","message":"[c8cdef81-4371-4930-9db2-fa5421175f42] Client successfully validated - Connected: true"}
{"timestamp":"2026-08-04T16:42:20.000663-03:00","level":"INFO","instance_id":"c8cdef81-4371-4930-9db2-fa5421175f42","message":"[c8cdef81-4371-4930-9db2-fa5421175f42] Checking client connection status - Client exists: true"}
{"timestamp":"2026-08-04T16:42:20.000663-03:00","level":"INFO","instance_id":"c8cdef81-4371-4930-9db2-fa5421175f42","message":"[c8cdef81-4371-4930-9db2-fa5421175f42] Client successfully validated - Connected: true"}
{"timestamp":"2026-08-04T16:42:22.3086959-03:00","level":"INFO","instance_id":"c8cdef81-4371-4930-9db2-fa5421175f42","message":"[c8cdef81-4371-4930-9db2-fa5421175f42] Checking client connection status - Client exists: true"}
{"timestamp":"2026-08-04T16:42:22.3086959-03:00","level":"INFO","instance_id":"c8cdef81-4371-4930-9db2-fa5421175f42","message":"[c8cdef81-4371-4930-9db2-fa5421175f42] Client successfully validated - Connected: true"}
{"timestamp":"2026-08-04T16:42:24.0102699-03:00","level":"INFO","instance_id":"c8cdef81-4371-4930-9db2-fa5421175f42","message":"[c8cdef81-4371-4930-9db2-fa5421175f42] Checking client connection status - Client exists: true"}
{"timestamp":"2026-08-04T16:42:24.0102699-03:00","level":"INFO","instance_id":"c8cdef81-4371-4930-9db2-fa5421175f42","message":"[c8cdef81-4371-4930-9db2-fa5421175f42] Client successfully validated - Connected: true"}
{"timestamp":"2026-08-04T16:42:26.3386896-03:00","level":"INFO","instance_id":"c8cdef81-4371-4930-9db2-fa5421175f42","message":"[c8cdef81-4371-4930-9db2-fa5421175f42] Checking client connection status - Client exists: true"}
{"timestamp":"2026-08-04T16:42:26.3386896-03:00","level":"INFO","instance_id":"c8cdef81-4371-4930-9db2-fa5421175f42","message":"[c8cdef81-4371-4930-9db2-fa5421175f42] Client successfully validated - Connected: true"}
{"timestamp":"2026-08-04T16:42:26.8434969-03:00","level":"INFO","instance_id":"c8cdef81-4371-4930-9db2-fa5421175f42","message":"[c8cdef81-4371-4930-9db2-fa5421175f42] Checking client connection status - Client exists: true"}
{"timestamp":"2026-08-04T16:42:26.8440704-03:00","level":"INFO","instance_id":"c8cdef81-4371-4930-9db2-fa5421175f42","message":"[c8cdef81-4371-4930-9db2-fa5421175f42] Client successfully validated - Connected: true"}
{"timestamp":"2026-08-04T16:42:29.3342033-03:00","level":"INFO","instance_id":"c8cdef81-4371-4930-9db2-fa5421175f42","message":"[c8cdef81-4371-4930-9db2-fa5421175f42] Checking client connection status - Client exists: true"}
{"timestamp":"2026-08-04T16:42:29.3342033-03:00","level":"INFO","instance_id":"c8cdef81-4371-4930-9db2-fa5421175f42","message":"[c8cdef81-4371-4930-9db2-fa5421175f42] Client successfully validated - Connected: true"}
{"timestamp":"2026-08-04T16:42:30.9965957-03:00","level":"INFO","instance_id":"c8cdef81-4371-4930-9db2-fa5421175f42","message":"[c8cdef81-4371-4930-9db2-fa5421175f42] Checking client connection status - Client exists: true"}
{"timestamp":"2026-08-04T16:42:30.9965957-03:00","level":"INFO","instance_id":"c8cdef81-4371-4930-9db2-fa5421175f42","message":"[c8cdef81-4371-4930-9db2-fa5421175f42] Client successfully validated - Connected: true"}
{"timestamp":"2026-08-04T16:42:33.3052891-03:00","level":"INFO","instance_id":"c8cdef81-4371-4930-9db2-fa5421175f42","message":"[c8cdef81-4371-4930-9db2-fa5421175f42] Checking client connection status - Client exists: true"}
{"timestamp":"2026-08-04T16:42:33.3052891-03:00","level":"INFO","instance_id":"c8cdef81-4371-4930-9db2-fa5421175f42","message":"[c8cdef81-4371-4930-9db2-fa5421175f42] Client successfully validated - Connected: true"}
{"timestamp":"2026-08-04T16:42:34.9568338-03:00","level":"INFO","instance_id":"c8cdef81-4371-4930-9db2-fa5421175f42","message":"[c8cdef81-4371-4930-9db2-fa5421175f42] Checking client connection status - Client exists: true"}
{"timestamp":"2026-08-04T16:42:34.9568338-03:00","level":"INFO","instance_id":"c8cdef81-4371-4930-9db2-fa5421175f42","message":"[c8cdef81-4371-4930-9db2-fa5421175f42] Client successfully validated - Connected: true"}
{"timestamp":"2026-08-04T16:42:36.2515201-03:00","level":"INFO","instance_id":"c8cdef81-4371-4930-9db2-fa5421175f42","message":"[c8cdef81-4371-4930-9db2-fa5421175f42] Checking client connection status - Client exists: true"}
{"timestamp":"2026-08-04T16:42:36.2515201-03:00","level":"INFO","instance_id":"c8cdef81-4371-4930-9db2-fa5421175f42","message":"[c8cdef81-4371-4930-9db2-fa5421175f42] Client successfully validated - Connected: true"}
{"timestamp":"2026-08-04T16:42:37.7460226-03:00","level":"INFO","instance_id":"c8cdef81-4371-4930-9db2-fa5421175f42","message":"[c8cdef81-4371-4930-9db2-fa5421175f42] Checking client connection status - Client exists: true"}
{"timestamp":"2026-08-04T16:42:37.7460226-03:00","level":"INFO","instance_id":"c8cdef81-4371-4930-9db2-fa5421175f42","message":"[c8cdef81-4371-4930-9db2-fa5421175f42] Client successfully validated - Connected: true"}
{"timestamp":"2026-08-04T16:42:39.8586192-03:00","level":"INFO","instance_id":"c8cdef81-4371-4930-9db2-fa5421175f42","message":"[c8cdef81-4371-4930-9db2-fa5421175f42] Checking client connection status - Client exists: true"}
{"timestamp":"2026-08-04T16:42:39.8586192-03:00","level":"INFO","instance_id":"c8cdef81-4371-4930-9db2-fa5421175f42","message":"[c8cdef81-4371-4930-9db2-fa5421175f42] Client successfully validated - Connected: true"}
{"timestamp":"2026-08-04T16:42:41.341243-03:00","level":"INFO","instance_id":"c8cdef81-4371-4930-9db2-fa5421175f42","message":"[c8cdef81-4371-4930-9db2-fa5421175f42] Checking client connection status - Client exists: true"}
{"timestamp":"2026-08-04T16:42:41.341243-03:00","level":"INFO","instance_id":"c8cdef81-4371-4930-9db2-fa5421175f42","message":"[c8cdef81-4371-4930-9db2-fa5421175f42] Client successfully validated - Connected: true"}
{"timestamp":"2026-08-04T16:42:43.4603769-03:00","level":"INFO","instance_id":"c8cdef81-4371-4930-9db2-fa5421175f42","message":"[c8cdef81-4371-4930-9db2-fa5421175f42] Checking client connection status - Client exists: true"}
{"timestamp":"2026-08-04T16:42:43.4603769-03:00","level":"INFO","instance_id":"c8cdef81-4371-4930-9db2-fa5421175f42","message":"[c8cdef81-4371-4930-9db2-fa5421175f42] Client successfully validated - Connected: true"}
{"timestamp":"2026-08-04T16:42:44.9388006-03:00","level":"INFO","instance_id":"c8cdef81-4371-4930-9db2-fa5421175f42","message":"[c8cdef81-4371-4930-9db2-fa5421175f42] Checking client connection status - Client exists: true"}
{"timestamp":"2026-08-04T16:42:44.9388006-03:00","level":"INFO","instance_id":"c8cdef81-4371-4930-9db2-fa5421175f42","message":"[c8cdef81-4371-4930-9db2-fa5421175f42] Client successfully validated - Connected: true"}
{"timestamp":"2026-08-04T16:42:47.0575647-03:00","level":"INFO","instance_id":"c8cdef81-4371-4930-9db2-fa5421175f42","message":"[c8cdef81-4371-4930-9db2-fa5421175f42] Checking client connection status - Client exists: true"}
{"timestamp":"2026-08-04T16:42:47.0575647-03:00","level":"INFO","instance_id":"c8cdef81-4371-4930-9db2-fa5421175f42","message":"[c8cdef81-4371-4930-9db2-fa5421175f42] Client successfully validated - Connected: true"}
{"timestamp":"2026-08-04T16:42:48.5481657-03:00","level":"INFO","instance_id":"c8cdef81-4371-4930-9db2-fa5421175f42","message":"[c8cdef81-4371-4930-9db2-fa5421175f42] Checking client connection status - Client exists: true"}
{"timestamp":"2026-08-04T16:42:48.5481657-03:00","level":"INFO","instance_id":"c8cdef81-4371-4930-9db2-fa5421175f42","message":"[c8cdef81-4371-4930-9db2-fa5421175f42] Client successfully validated - Connected: true"}
{"timestamp":"2026-08-04T16:42:50.6482881-03:00","level":"INFO","instance_id":"c8cdef81-4371-4930-9db2-fa5421175f42","message":"[c8cdef81-4371-4930-9db2-fa5421175f42] Checking client connection status - Client exists: true"}
{"timestamp":"2026-08-04T16:42:50.6482881-03:00","level":"INFO","instance_id":"c8cdef81-4371-4930-9db2-fa5421175f42","message":"[c8cdef81-4371-4930-9db2-fa5421175f42] Client successfully validated - Connected: true"}
{"timestamp":"2026-08-04T16:42:52.1453483-03:00","level":"INFO","instance_id":"c8cdef81-4371-4930-9db2-fa5421175f42","message":"[c8cdef81-4371-4930-9db2-fa5421175f42] Checking client connection status - Client exists: true"}
{"timestamp":"2026-08-04T16:42:52.1453483-03:00","level":"INFO","instance_id":"c8cdef81-4371-4930-9db2-fa5421175f42","message":"[c8cdef81-4371-4930-9db2-fa5421175f42] Client successfully validated - Connected: true"}
{"timestamp":"2026-08-04T16:42:54.2609202-03:00","level":"INFO","instance_id":"c8cdef81-4371-4930-9db2-fa5421175f42","message":"[c8cdef81-4371-4930-9db2-fa5421175f42] Checking client connection status - Client exists: true"}
{"timestamp":"2026-08-04T16:42:54.2609202-03:00","level":"INFO","instance_id":"c8cdef81-4371-4930-9db2-fa5421175f42","message":"[c8cdef81-4371-4930-9db2-fa5421175f42] Client successfully validated - Connected: true"}
{"timestamp":"2026-08-04T16:42:55.7392665-03:00","level":"INFO","instance_id":"c8cdef81-4371-4930-9db2-fa5421175f42","message":"[c8cdef81-4371-4930-9db2-fa5421175f42] Checking client connection status - Client exists: true"}
{"timestamp":"2026-08-04T16:42:55.7392665-03:00","level":"INFO","instance_id":"c8cdef81-4371-4930-9db2-fa5421175f42","message":"[c8cdef81-4371-4930-9db2-fa5421175f42] Client successfully validated - Connected: true"}
{"timestamp":"2026-08-04T16:42:57.8643039-03:00","level":"INFO","instance_id":"c8cdef81-4371-4930-9db2-fa5421175f42","message":"[c8cdef81-4371-4930-9db2-fa5421175f42] Checking client connection status - Client exists: true"}
{"timestamp":"2026-08-04T16:42:57.8643039-03:00","level":"INFO","instance_id":"c8cdef81-4371-4930-9db2-fa5421175f42","message":"[c8cdef81-4371-4930-9db2-fa5421175f42] Client successfully validated - Connected: true"}
{"timestamp":"2026-08-04T16:42:59.3441979-03:00","level":"INFO","instance_id":"c8cdef81-4371-4930-9db2-fa5421175f42","message":"[c8cdef81-4371-4930-9db2-fa5421175f42] Checking client connection status - Client exists: true"}
{"timestamp":"2026-08-04T16:42:59.3441979-03:00","level":"INFO","instance_id":"c8cdef81-4371-4930-9db2-fa5421175f42","message":"[c8cdef81-4371-4930-9db2-fa5421175f42] Client successfully validated - Connected: true"}
{"timestamp":"2026-08-04T16:43:01.45746-03:00","level":"INFO","instance_id":"c8cdef81-4371-4930-9db2-fa5421175f42","message":"[c8cdef81-4371-4930-9db2-fa5421175f42] Checking client connection status - Client exists: true"}
{"timestamp":"2026-08-04T16:43:01.45746-03:00","level":"INFO","instance_id":"c8cdef81-4371-4930-9db2-fa5421175f42","message":"[c8cdef81-4371-4930-9db2-fa5421175f42] Client successfully validated - Connected: true"}
{"timestamp":"2026-08-04T16:43:02.9473059-03:00","level":"INFO","instance_id":"c8cdef81-4371-4930-9db2-fa5421175f42","message":"[c8cdef81-4371-4930-9db2-fa5421175f42] Checking client connection status - Client exists: true"}
{"timestamp":"2026-08-04T16:43:02.9473059-03:00","level":"INFO","instance_id":"c8cdef81-4371-4930-9db2-fa5421175f42","message":"[c8cdef81-4371-4930-9db2-fa5421175f42] Client successfully validated - Connected: true"}
{"timestamp":"2026-08-04T16:43:05.0610924-03:00","level":"INFO","instance_id":"c8cdef81-4371-4930-9db2-fa5421175f42","message":"[c8cdef81-4371-4930-9db2-fa5421175f42] Checking client connection status - Client exists: true"}
{"timestamp":"2026-08-04T16:43:05.0610924-03:00","level":"INFO","instance_id":"c8cdef81-4371-4930-9db2-fa5421175f42","message":"[c8cdef81-4371-4930-9db2-fa5421175f42] Client successfully validated - Connected: true"}
{"timestamp":"2026-08-04T16:43:06.8565913-03:00","level":"INFO","instance_id":"c8cdef81-4371-4930-9db2-fa5421175f42","message":"[c8cdef81-4371-4930-9db2-fa5421175f42] Checking client connection status - Client exists: true"}
{"timestamp":"2026-08-04T16:43:06.8565913-03:00","level":"INFO","instance_id":"c8cdef81-4371-4930-9db2-fa5421175f42","message":"[c8cdef81-4371-4930-9db2-fa5421175f42] Client successfully validated - Connected: true"}
{"timestamp":"2026-08-04T16:43:08.3391567-03:00","level":"INFO","instance_id":"c8cdef81-4371-4930-9db2-fa5421175f42","message":"[c8cdef81-4371-4930-9db2-fa5421175f42] Checking client connection status - Client exists: true"}
{"timestamp":"2026-08-04T16:43:08.3391567-03:00","level":"INFO","instance_id":"c8cdef81-4371-4930-9db2-fa5421175f42","message":"[c8cdef81-4371-4930-9db2-fa5421175f42] Client successfully validated - Connected: true"}
{"timestamp":"2026-08-04T16:43:10.4514609-03:00","level":"INFO","instance_id":"c8cdef81-4371-4930-9db2-fa5421175f42","message":"[c8cdef81-4371-4930-9db2-fa5421175f42] Checking client connection status - Client exists: true"}
{"timestamp":"2026-08-04T16:43:10.4514609-03:00","level":"INFO","instance_id":"c8cdef81-4371-4930-9db2-fa5421175f42","message":"[c8cdef81-4371-4930-9db2-fa5421175f42] Client successfully validated - Connected: true"}
{"timestamp":"2026-08-04T16:43:11.946508-03:00","level":"INFO","instance_id":"c8cdef81-4371-4930-9db2-fa5421175f42","message":"[c8cdef81-4371-4930-9db2-fa5421175f42] Checking client connection status - Client exists: true"}
{"timestamp":"2026-08-04T16:43:11.946508-03:00","level":"INFO","instance_id":"c8cdef81-4371-4930-9db2-fa5421175f42","message":"[c8cdef81-4371-4930-9db2-fa5421175f42] Client successfully validated - Connected: true"}
{"timestamp":"2026-08-04T16:43:14.0578084-03:00","level":"INFO","instance_id":"c8cdef81-4371-4930-9db2-fa5421175f42","message":"[c8cdef81-4371-4930-9db2-fa5421175f42] Checking client connection status - Client exists: true"}
{"timestamp":"2026-08-04T16:43:14.0578084-03:00","level":"INFO","instance_id":"c8cdef81-4371-4930-9db2-fa5421175f42","message":"[c8cdef81-4371-4930-9db2-fa5421175f42] Client successfully validated - Connected: true"}
{"timestamp":"2026-08-04T16:43:15.5427427-03:00","level":"INFO","instance_id":"c8cdef81-4371-4930-9db2-fa5421175f42","message":"[c8cdef81-4371-4930-9db2-fa5421175f42] Checking client connection status - Client exists: true"}
{"timestamp":"2026-08-04T16:43:15.5427427-03:00","level":"INFO","instance_id":"c8cdef81-4371-4930-9db2-fa5421175f42","message":"[c8cdef81-4371-4930-9db2-fa5421175f42] Client successfully validated - Connected: true"}
{"timestamp":"2026-08-04T16:43:17.659948-03:00","level":"INFO","instance_id":"c8cdef81-4371-4930-9db2-fa5421175f42","message":"[c8cdef81-4371-4930-9db2-fa5421175f42] Checking client connection status - Client exists: true"}
{"timestamp":"2026-08-04T16:43:17.659948-03:00","level":"INFO","instance_id":"c8cdef81-4371-4930-9db2-fa5421175f42","message":"[c8cdef81-4371-4930-9db2-fa5421175f42] Client successfully validated - Connected: true"}
{"timestamp":"2026-08-04T16:43:19.13818-03:00","level":"INFO","instance_id":"c8cdef81-4371-4930-9db2-fa5421175f42","message":"[c8cdef81-4371-4930-9db2-fa5421175f42] Checking client connection status - Client exists: true"}
{"timestamp":"2026-08-04T16:43:19.13818-03:00","level":"INFO","instance_id":"c8cdef81-4371-4930-9db2-fa5421175f42","message":"[c8cdef81-4371-4930-9db2-fa5421175f42] Client successfully validated - Connected: true"}
{"timestamp":"2026-08-04T16:43:21.2551894-03:00","level":"INFO","instance_id":"c8cdef81-4371-4930-9db2-fa5421175f42","message":"[c8cdef81-4371-4930-9db2-fa5421175f42] Checking client connection status - Client exists: true"}
{"timestamp":"2026-08-04T16:43:21.2551894-03:00","level":"INFO","instance_id":"c8cdef81-4371-4930-9db2-fa5421175f42","message":"[c8cdef81-4371-4930-9db2-fa5421175f42] Client successfully validated - Connected: true"}
{"timestamp":"2026-08-04T16:43:22.7375667-03:00","level":"INFO","instance_id":"c8cdef81-4371-4930-9db2-fa5421175f42","message":"[c8cdef81-4371-4930-9db2-fa5421175f42] Checking client connection status - Client exists: true"}
{"timestamp":"2026-08-04T16:43:22.7375667-03:00","level":"INFO","instance_id":"c8cdef81-4371-4930-9db2-fa5421175f42","message":"[c8cdef81-4371-4930-9db2-fa5421175f42] Client successfully validated - Connected: true"}
{"timestamp":"2026-08-04T16:43:24.8498276-03:00","level":"INFO","instance_id":"c8cdef81-4371-4930-9db2-fa5421175f42","message":"[c8cdef81-4371-4930-9db2-fa5421175f42] Checking client connection status - Client exists: true"}
{"timestamp":"2026-08-04T16:43:24.8498276-03:00","level":"INFO","instance_id":"c8cdef81-4371-4930-9db2-fa5421175f42","message":"[c8cdef81-4371-4930-9db2-fa5421175f42] Client successfully validated - Connected: true"}
{"timestamp":"2026-08-04T16:43:26.344331-03:00","level":"INFO","instance_id":"c8cdef81-4371-4930-9db2-fa5421175f42","message":"[c8cdef81-4371-4930-9db2-fa5421175f42] Checking client connection status - Client exists: true"}
{"timestamp":"2026-08-04T16:43:26.344331-03:00","level":"INFO","instance_id":"c8cdef81-4371-4930-9db2-fa5421175f42","message":"[c8cdef81-4371-4930-9db2-fa5421175f42] Client successfully validated - Connected: true"}
{"timestamp":"2026-08-04T16:43:28.4442158-03:00","level":"INFO","instance_id":"c8cdef81-4371-4930-9db2-fa5421175f42","message":"[c8cdef81-4371-4930-9db2-fa5421175f42] Checking client connection status - Client exists: true"}
{"timestamp":"2026-08-04T16:43:28.4442158-03:00","level":"INFO","instance_id":"c8cdef81-4371-4930-9db2-fa5421175f42","message":"[c8cdef81-4371-4930-9db2-fa5421175f42] Client successfully validated - Connected: true"}
{"timestamp":"2026-08-04T16:43:29.944693-03:00","level":"INFO","instance_id":"c8cdef81-4371-4930-9db2-fa5421175f42","message":"[c8cdef81-4371-4930-9db2-fa5421175f42] Checking client connection status - Client exists: true"}
{"timestamp":"2026-08-04T16:43:29.944693-03:00","level":"INFO","instance_id":"c8cdef81-4371-4930-9db2-fa5421175f42","message":"[c8cdef81-4371-4930-9db2-fa5421175f42] Client successfully validated - Connected: true"}
{"timestamp":"2026-08-04T16:43:32.0540975-03:00","level":"INFO","instance_id":"c8cdef81-4371-4930-9db2-fa5421175f42","message":"[c8cdef81-4371-4930-9db2-fa5421175f42] Checking client connection status - Client exists: true"}
{"timestamp":"2026-08-04T16:43:32.0540975-03:00","level":"INFO","instance_id":"c8cdef81-4371-4930-9db2-fa5421175f42","message":"[c8cdef81-4371-4930-9db2-fa5421175f42] Client successfully validated - Connected: true"}
{"timestamp":"2026-08-04T16:43:33.5376672-03:00","level":"INFO","instance_id":"c8cdef81-4371-4930-9db2-fa5421175f42","message":"[c8cdef81-4371-4930-9db2-fa5421175f42] Checking client connection status - Client exists: true"}
{"timestamp":"2026-08-04T16:43:33.5376672-03:00","level":"INFO","instance_id":"c8cdef81-4371-4930-9db2-fa5421175f42","message":"[c8cdef81-4371-4930-9db2-fa5421175f42] Client successfully validated - Connected: true"}
{"timestamp":"2026-08-04T16:43:35.6464137-03:00","level":"INFO","instance_id":"c8cdef81-4371-4930-9db2-fa5421175f42","message":"[c8cdef81-4371-4930-9db2-fa5421175f42] Checking client connection status - Client exists: true"}
{"timestamp":"2026-08-04T16:43:35.6464137-03:00","level":"INFO","instance_id":"c8cdef81-4371-4930-9db2-fa5421175f42","message":"[c8cdef81-4371-4930-9db2-fa5421175f42] Client successfully validated - Connected: true"}
{"timestamp":"2026-08-04T16:43:37.1479544-03:00","level":"INFO","instance_id":"c8cdef81-4371-4930-9db2-fa5421175f42","message":"[c8cdef81-4371-4930-9db2-fa5421175f42] Checking client connection status - Client exists: true"}
{"timestamp":"2026-08-04T16:43:37.1479544-03:00","level":"INFO","instance_id":"c8cdef81-4371-4930-9db2-fa5421175f42","message":"[c8cdef81-4371-4930-9db2-fa5421175f42] Client successfully validated - Connected: true"}
{"timestamp":"2026-08-04T16:43:39.2563203-03:00","level":"INFO","instance_id":"c8cdef81-4371-4930-9db2-fa5421175f42","message":"[c8cdef81-4371-4930-9db2-fa5421175f42] Checking client connection status - Client exists: true"}
{"timestamp":"2026-08-04T16:43:39.2563203-03:00","level":"INFO","instance_id":"c8cdef81-4371-4930-9db2-fa5421175f42","message":"[c8cdef81-4371-4930-9db2-fa5421175f42] Client successfully validated - Connected: true"}
{"timestamp":"2026-08-04T16:43:40.7361562-03:00","level":"INFO","instance_id":"c8cdef81-4371-4930-9db2-fa5421175f42","message":"[c8cdef81-4371-4930-9db2-fa5421175f42] Checking client connection status - Client exists: true"}
{"timestamp":"2026-08-04T16:43:40.7361562-03:00","level":"INFO","instance_id":"c8cdef81-4371-4930-9db2-fa5421175f42","message":"[c8cdef81-4371-4930-9db2-fa5421175f42] Client successfully validated - Connected: true"}
{"timestamp":"2026-08-04T16:43:42.8638916-03:00","level":"INFO","instance_id":"c8cdef81-4371-4930-9db2-fa5421175f42","message":"[c8cdef81-4371-4930-9db2-fa5421175f42] Checking client connection status - Client exists: true"}
{"timestamp":"2026-08-04T16:43:42.8638916-03:00","level":"INFO","instance_id":"c8cdef81-4371-4930-9db2-fa5421175f42","message":"[c8cdef81-4371-4930-9db2-fa5421175f42] Client successfully validated - Connected: true"}
{"timestamp":"2026-08-04T16:43:44.3336523-03:00","level":"INFO","instance_id":"c8cdef81-4371-4930-9db2-fa5421175f42","message":"[c8cdef81-4371-4930-9db2-fa5421175f42] Checking client connection status - Client exists: true"}
{"timestamp":"2026-08-04T16:43:44.3336523-03:00","level":"INFO","instance_id":"c8cdef81-4371-4930-9db2-fa5421175f42","message":"[c8cdef81-4371-4930-9db2-fa5421175f42] Client successfully validated - Connected: true"}
{"timestamp":"2026-08-04T16:43:46.4524135-03:00","level":"INFO","instance_id":"c8cdef81-4371-4930-9db2-fa5421175f42","message":"[c8cdef81-4371-4930-9db2-fa5421175f42] Checking client connection status - Client exists: true"}
{"timestamp":"2026-08-04T16:43:46.4524135-03:00","level":"INFO","instance_id":"c8cdef81-4371-4930-9db2-fa5421175f42","message":"[c8cdef81-4371-4930-9db2-fa5421175f42] Client successfully validated - Connected: true"}
{"timestamp":"2026-08-04T16:43:47.944854-03:00","level":"INFO","instance_id":"c8cdef81-4371-4930-9db2-fa5421175f42","message":"[c8cdef81-4371-4930-9db2-fa5421175f42] Checking client connection status - Client exists: true"}
{"timestamp":"2026-08-04T16:43:47.944854-03:00","level":"INFO","instance_id":"c8cdef81-4371-4930-9db2-fa5421175f42","message":"[c8cdef81-4371-4930-9db2-fa5421175f42] Client successfully validated - Connected: true"}
{"timestamp":"2026-08-04T16:43:50.0527995-03:00","level":"INFO","instance_id":"c8cdef81-4371-4930-9db2-fa5421175f42","message":"[c8cdef81-4371-4930-9db2-fa5421175f42] Checking client connection status - Client exists: true"}
{"timestamp":"2026-08-04T16:43:50.0527995-03:00","level":"INFO","instance_id":"c8cdef81-4371-4930-9db2-fa5421175f42","message":"[c8cdef81-4371-4930-9db2-fa5421175f42] Client successfully validated - Connected: true"}
{"timestamp":"2026-08-04T16:43:51.5379708-03:00","level":"INFO","instance_id":"c8cdef81-4371-4930-9db2-fa5421175f42","message":"[c8cdef81-4371-4930-9db2-fa5421175f42] Checking client connection status - Client exists: true"}
{"timestamp":"2026-08-04T16:43:51.5379708-03:00","level":"INFO","instance_id":"c8cdef81-4371-4930-9db2-fa5421175f42","message":"[c8cdef81-4371-4930-9db2-fa5421175f42] Client successfully validated - Connected: true"}
{"timestamp":"2026-08-04T16:43:53.6560191-03:00","level":"INFO","instance_id":"c8cdef81-4371-4930-9db2-fa5421175f42","message":"[c8cdef81-4371-4930-9db2-fa5421175f42] Checking client connection status - Client exists: true"}
{"timestamp":"2026-08-04T16:43:53.6560191-03:00","level":"INFO","instance_id":"c8cdef81-4371-4930-9db2-fa5421175f42","message":"[c8cdef81-4371-4930-9db2-fa5421175f42] Client successfully validated - Connected: true"}
{"timestamp":"2026-08-04T16:43:55.136151-03:00","level":"INFO","instance_id":"c8cdef81-4371-4930-9db2-fa5421175f42","message":"[c8cdef81-4371-4930-9db2-fa5421175f42] Checking client connection status - Client exists: true"}
{"timestamp":"2026-08-04T16:43:55.136151-03:00","level":"INFO","instance_id":"c8cdef81-4371-4930-9db2-fa5421175f42","message":"[c8cdef81-4371-4930-9db2-fa5421175f42] Client successfully validated - Connected: true"}
{"timestamp":"2026-08-04T16:43:57.2495956-03:00","level":"INFO","instance_id":"c8cdef81-4371-4930-9db2-fa5421175f42","message":"[c8cdef81-4371-4930-9db2-fa5421175f42] Checking client connection status - Client exists: true"}
{"timestamp":"2026-08-04T16:43:57.2495956-03:00","level":"INFO","instance_id":"c8cdef81-4371-4930-9db2-fa5421175f42","message":"[c8cdef81-4371-4930-9db2-fa5421175f42] Client successfully validated - Connected: true"}
{"timestamp":"2026-08-04T16:43:58.3305002-03:00","level":"INFO","instance_id":"c8cdef81-4371-4930-9db2-fa5421175f42","message":"[c8cdef81-4371-4930-9db2-fa5421175f42] ===== DISPATCHING WEBHOOK ===== Event: PushName, Queue: c8cdef81-4371-4930-9db2-fa5421175f42.pushname, DataSize: 968 bytes"}
{"timestamp":"2026-08-04T16:43:58.3305002-03:00","level":"INFO","instance_id":"c8cdef81-4371-4930-9db2-fa5421175f42","message":"[c8cdef81-4371-4930-9db2-fa5421175f42] subscriptions [MESSAGE] eventType PushName"}
{"timestamp":"2026-08-04T16:43:58.741484-03:00","level":"INFO","instance_id":"c8cdef81-4371-4930-9db2-fa5421175f42","message":"[c8cdef81-4371-4930-9db2-fa5421175f42] Checking client connection status - Client exists: true"}
{"timestamp":"2026-08-04T16:43:58.741484-03:00","level":"INFO","instance_id":"c8cdef81-4371-4930-9db2-fa5421175f42","message":"[c8cdef81-4371-4930-9db2-fa5421175f42] Client successfully validated - Connected: true"}
{"timestamp":"2026-08-04T16:43:59.6739315-03:00","level":"INFO","instance_id":"c8cdef81-4371-4930-9db2-fa5421175f42","message":"[c8cdef81-4371-4930-9db2-fa5421175f42] ===== MESSAGE RECEIVED ===== ID: AC0C10C2A0FFC2CF62A0AE0CD786AE3B, From: status@broadcast, Type: media, Size: unknown"}
{"timestamp":"2026-08-04T16:43:59.6742681-03:00","level":"INFO","instance_id":"c8cdef81-4371-4930-9db2-fa5421175f42","message":"[c8cdef81-4371-4930-9db2-fa5421175f42] Message ignored because it's a unknown protocol message"}
{"timestamp":"2026-08-04T16:44:00.6440212-03:00","level":"INFO","instance_id":"c8cdef81-4371-4930-9db2-fa5421175f42","message":"[c8cdef81-4371-4930-9db2-fa5421175f42] ===== MESSAGE RECEIVED ===== ID: AC0C10C2A0FFC2CF62A0AE0CD786AE3B, From: status@broadcast, Type: media, Size: 190069 bytes"}
{"timestamp":"2026-08-04T16:44:00.6440212-03:00","level":"INFO","instance_id":"c8cdef81-4371-4930-9db2-fa5421175f42","message":"[c8cdef81-4371-4930-9db2-fa5421175f42] Processing media message - ID: AC0C10C2A0FFC2CF62A0AE0CD786AE3B"}
{"timestamp":"2026-08-04T16:44:00.6440212-03:00","level":"INFO","instance_id":"c8cdef81-4371-4930-9db2-fa5421175f42","message":"[c8cdef81-4371-4930-9db2-fa5421175f42] Downloading video - ID: AC0C10C2A0FFC2CF62A0AE0CD786AE3B, Size: 190069 bytes"}
{"timestamp":"2026-08-04T16:44:00.8443621-03:00","level":"INFO","instance_id":"c8cdef81-4371-4930-9db2-fa5421175f42","message":"[c8cdef81-4371-4930-9db2-fa5421175f42] Checking client connection status - Client exists: true"}
{"timestamp":"2026-08-04T16:44:00.8443621-03:00","level":"INFO","instance_id":"c8cdef81-4371-4930-9db2-fa5421175f42","message":"[c8cdef81-4371-4930-9db2-fa5421175f42] Client successfully validated - Connected: true"}
{"timestamp":"2026-08-04T16:44:00.9015994-03:00","level":"INFO","instance_id":"c8cdef81-4371-4930-9db2-fa5421175f42","message":"[c8cdef81-4371-4930-9db2-fa5421175f42] Media download successful - ID: AC0C10C2A0FFC2CF62A0AE0CD786AE3B, Expected: 190069 bytes, Actual: 190069 bytes, Duration: 257.5782ms"}
{"timestamp":"2026-08-04T16:44:00.9015994-03:00","level":"INFO","instance_id":"c8cdef81-4371-4930-9db2-fa5421175f42","message":"[c8cdef81-4371-4930-9db2-fa5421175f42] Encoding to base64 - ID: AC0C10C2A0FFC2CF62A0AE0CD786AE3B, Size: 190069 bytes"}
{"timestamp":"2026-08-04T16:44:00.9021385-03:00","level":"INFO","instance_id":"c8cdef81-4371-4930-9db2-fa5421175f42","message":"[c8cdef81-4371-4930-9db2-fa5421175f42] Base64 encoding completed - ID: AC0C10C2A0FFC2CF62A0AE0CD786AE3B, Original: 190069 bytes, Encoded: 253428 chars, Duration: 539.1µs"}
{"timestamp":"2026-08-04T16:44:00.9021385-03:00","level":"INFO","instance_id":"c8cdef81-4371-4930-9db2-fa5421175f42","message":"[c8cdef81-4371-4930-9db2-fa5421175f42] ===== MESSAGE PROCESSING COMPLETED ===== ID: AC0C10C2A0FFC2CF62A0AE0CD786AE3B, From: status@broadcast, Type: media, Webhook: true"}
{"timestamp":"2026-08-04T16:44:00.9026686-03:00","level":"INFO","instance_id":"c8cdef81-4371-4930-9db2-fa5421175f42","message":"[c8cdef81-4371-4930-9db2-fa5421175f42] ===== DISPATCHING WEBHOOK ===== Event: Message, Queue: c8cdef81-4371-4930-9db2-fa5421175f42.message, DataSize: 256043 bytes"}
{"timestamp":"2026-08-04T16:44:00.9037207-03:00","level":"INFO","instance_id":"c8cdef81-4371-4930-9db2-fa5421175f42","message":"[c8cdef81-4371-4930-9db2-fa5421175f42] subscriptions [MESSAGE] eventType Message"}
{"timestamp":"2026-08-04T16:44:00.9037207-03:00","level":"INFO","instance_id":"c8cdef81-4371-4930-9db2-fa5421175f42","message":"[c8cdef81-4371-4930-9db2-fa5421175f42] Event received of type Message"}
{"timestamp":"2026-08-04T16:44:02.3377111-03:00","level":"INFO","instance_id":"c8cdef81-4371-4930-9db2-fa5421175f42","message":"[c8cdef81-4371-4930-9db2-fa5421175f42] Checking client connection status - Client exists: true"}
{"timestamp":"2026-08-04T16:44:02.3377111-03:00","level":"INFO","instance_id":"c8cdef81-4371-4930-9db2-fa5421175f42","message":"[c8cdef81-4371-4930-9db2-fa5421175f42] Client successfully validated - Connected: true"}
{"timestamp":"2026-08-04T16:44:04.4472691-03:00","level":"INFO","instance_id":"c8cdef81-4371-4930-9db2-fa5421175f42","message":"[c8cdef81-4371-4930-9db2-fa5421175f42] Checking client connection status - Client exists: true"}
{"timestamp":"2026-08-04T16:44:04.4472691-03:00","level":"INFO","instance_id":"c8cdef81-4371-4930-9db2-fa5421175f42","message":"[c8cdef81-4371-4930-9db2-fa5421175f42] Client successfully validated - Connected: true"}
{"timestamp":"2026-08-04T16:44:06.6020511-03:00","level":"INFO","instance_id":"c8cdef81-4371-4930-9db2-fa5421175f42","message":"[c8cdef81-4371-4930-9db2-fa5421175f42] Checking client connection status - Client exists: true"}
{"timestamp":"2026-08-04T16:44:06.6020511-03:00","level":"INFO","instance_id":"c8cdef81-4371-4930-9db2-fa5421175f42","message":"[c8cdef81-4371-4930-9db2-fa5421175f42] Client successfully validated - Connected: true"}
{"timestamp":"2026-08-04T16:44:08.0659944-03:00","level":"INFO","instance_id":"c8cdef81-4371-4930-9db2-fa5421175f42","message":"[c8cdef81-4371-4930-9db2-fa5421175f42] Checking client connection status - Client exists: true"}
{"timestamp":"2026-08-04T16:44:08.0659944-03:00","level":"INFO","instance_id":"c8cdef81-4371-4930-9db2-fa5421175f42","message":"[c8cdef81-4371-4930-9db2-fa5421175f42] Client successfully validated - Connected: true"}
{"timestamp":"2026-08-04T16:44:09.5438992-03:00","level":"INFO","instance_id":"c8cdef81-4371-4930-9db2-fa5421175f42","message":"[c8cdef81-4371-4930-9db2-fa5421175f42] Checking client connection status - Client exists: true"}
{"timestamp":"2026-08-04T16:44:09.5438992-03:00","level":"INFO","instance_id":"c8cdef81-4371-4930-9db2-fa5421175f42","message":"[c8cdef81-4371-4930-9db2-fa5421175f42] Client successfully validated - Connected: true"}
{"timestamp":"2026-08-04T16:44:11.6644931-03:00","level":"INFO","instance_id":"c8cdef81-4371-4930-9db2-fa5421175f42","message":"[c8cdef81-4371-4930-9db2-fa5421175f42] Checking client connection status - Client exists: true"}
{"timestamp":"2026-08-04T16:44:11.6644931-03:00","level":"INFO","instance_id":"c8cdef81-4371-4930-9db2-fa5421175f42","message":"[c8cdef81-4371-4930-9db2-fa5421175f42] Client successfully validated - Connected: true"}
{"timestamp":"2026-08-04T16:44:13.1449401-03:00","level":"INFO","instance_id":"c8cdef81-4371-4930-9db2-fa5421175f42","message":"[c8cdef81-4371-4930-9db2-fa5421175f42] Checking client connection status - Client exists: true"}
{"timestamp":"2026-08-04T16:44:13.1449401-03:00","level":"INFO","instance_id":"c8cdef81-4371-4930-9db2-fa5421175f42","message":"[c8cdef81-4371-4930-9db2-fa5421175f42] Client successfully validated - Connected: true"}
{"timestamp":"2026-08-04T16:44:15.2499228-03:00","level":"INFO","instance_id":"c8cdef81-4371-4930-9db2-fa5421175f42","message":"[c8cdef81-4371-4930-9db2-fa5421175f42] Checking client connection status - Client exists: true"}
{"timestamp":"2026-08-04T16:44:15.2499228-03:00","level":"INFO","instance_id":"c8cdef81-4371-4930-9db2-fa5421175f42","message":"[c8cdef81-4371-4930-9db2-fa5421175f42] Client successfully validated - Connected: true"}
{"timestamp":"2026-08-04T16:44:15.798461-03:00","level":"INFO","instance_id":"c8cdef81-4371-4930-9db2-fa5421175f42","message":"[c8cdef81-4371-4930-9db2-fa5421175f42] ===== MESSAGE RECEIVED ===== ID: ACB7A1EE0DA2A096B31E092601D4A8A4, From: status@broadcast, Type: media, Size: 11449 bytes"}
{"timestamp":"2026-08-04T16:44:15.798461-03:00","level":"INFO","instance_id":"c8cdef81-4371-4930-9db2-fa5421175f42","message":"[c8cdef81-4371-4930-9db2-fa5421175f42] Processing media message - ID: ACB7A1EE0DA2A096B31E092601D4A8A4"}
{"timestamp":"2026-08-04T16:44:15.798461-03:00","level":"INFO","instance_id":"c8cdef81-4371-4930-9db2-fa5421175f42","message":"[c8cdef81-4371-4930-9db2-fa5421175f42] Downloading image - ID: ACB7A1EE0DA2A096B31E092601D4A8A4"}
{"timestamp":"2026-08-04T16:44:15.9990638-03:00","level":"INFO","instance_id":"c8cdef81-4371-4930-9db2-fa5421175f42","message":"[c8cdef81-4371-4930-9db2-fa5421175f42] Media download successful - ID: ACB7A1EE0DA2A096B31E092601D4A8A4, Expected: 11449 bytes, Actual: 11449 bytes, Duration: 200.6028ms"}
{"timestamp":"2026-08-04T16:44:15.9995683-03:00","level":"INFO","instance_id":"c8cdef81-4371-4930-9db2-fa5421175f42","message":"[c8cdef81-4371-4930-9db2-fa5421175f42] Encoding to base64 - ID: ACB7A1EE0DA2A096B31E092601D4A8A4, Size: 11449 bytes"}
{"timestamp":"2026-08-04T16:44:15.9995683-03:00","level":"INFO","instance_id":"c8cdef81-4371-4930-9db2-fa5421175f42","message":"[c8cdef81-4371-4930-9db2-fa5421175f42] Base64 encoding completed - ID: ACB7A1EE0DA2A096B31E092601D4A8A4, Original: 11449 bytes, Encoded: 15268 chars, Duration: 0s"}
{"timestamp":"2026-08-04T16:44:15.9995683-03:00","level":"INFO","instance_id":"c8cdef81-4371-4930-9db2-fa5421175f42","message":"[c8cdef81-4371-4930-9db2-fa5421175f42] ===== MESSAGE PROCESSING COMPLETED ===== ID: ACB7A1EE0DA2A096B31E092601D4A8A4, From: status@broadcast, Type: media, Webhook: true"}
{"timestamp":"2026-08-04T16:44:15.9995683-03:00","level":"INFO","instance_id":"c8cdef81-4371-4930-9db2-fa5421175f42","message":"[c8cdef81-4371-4930-9db2-fa5421175f42] ===== DISPATCHING WEBHOOK ===== Event: Message, Queue: c8cdef81-4371-4930-9db2-fa5421175f42.message, DataSize: 17504 bytes"}
{"timestamp":"2026-08-04T16:44:15.9995683-03:00","level":"INFO","instance_id":"c8cdef81-4371-4930-9db2-fa5421175f42","message":"[c8cdef81-4371-4930-9db2-fa5421175f42] subscriptions [MESSAGE] eventType Message"}
{"timestamp":"2026-08-04T16:44:15.9995683-03:00","level":"INFO","instance_id":"c8cdef81-4371-4930-9db2-fa5421175f42","message":"[c8cdef81-4371-4930-9db2-fa5421175f42] Event received of type Message"}
{"timestamp":"2026-08-04T16:44:16.7408372-03:00","level":"INFO","instance_id":"c8cdef81-4371-4930-9db2-fa5421175f42","message":"[c8cdef81-4371-4930-9db2-fa5421175f42] Checking client connection status - Client exists: true"}
{"timestamp":"2026-08-04T16:44:16.7408372-03:00","level":"INFO","instance_id":"c8cdef81-4371-4930-9db2-fa5421175f42","message":"[c8cdef81-4371-4930-9db2-fa5421175f42] Client successfully validated - Connected: true"}
{"timestamp":"2026-08-04T16:44:18.8626586-03:00","level":"INFO","instance_id":"c8cdef81-4371-4930-9db2-fa5421175f42","message":"[c8cdef81-4371-4930-9db2-fa5421175f42] Checking client connection status - Client exists: true"}
{"timestamp":"2026-08-04T16:44:18.8626586-03:00","level":"INFO","instance_id":"c8cdef81-4371-4930-9db2-fa5421175f42","message":"[c8cdef81-4371-4930-9db2-fa5421175f42] Client successfully validated - Connected: true"}
{"timestamp":"2026-08-04T16:44:20.3382064-03:00","level":"INFO","instance_id":"c8cdef81-4371-4930-9db2-fa5421175f42","message":"[c8cdef81-4371-4930-9db2-fa5421175f42] Checking client connection status - Client exists: true"}
{"timestamp":"2026-08-04T16:44:20.3382064-03:00","level":"INFO","instance_id":"c8cdef81-4371-4930-9db2-fa5421175f42","message":"[c8cdef81-4371-4930-9db2-fa5421175f42] Client successfully validated - Connected: true"}
{"timestamp":"2026-08-04T16:44:22.4621229-03:00","level":"INFO","instance_id":"c8cdef81-4371-4930-9db2-fa5421175f42","message":"[c8cdef81-4371-4930-9db2-fa5421175f42] Checking client connection status - Client exists: true"}
{"timestamp":"2026-08-04T16:44:22.4621229-03:00","level":"INFO","instance_id":"c8cdef81-4371-4930-9db2-fa5421175f42","message":"[c8cdef81-4371-4930-9db2-fa5421175f42] Client successfully validated - Connected: true"}
{"timestamp":"2026-08-04T16:44:23.9411195-03:00","level":"INFO","instance_id":"c8cdef81-4371-4930-9db2-fa5421175f42","message":"[c8cdef81-4371-4930-9db2-fa5421175f42] Checking client connection status - Client exists: true"}
{"timestamp":"2026-08-04T16:44:23.9411195-03:00","level":"INFO","instance_id":"c8cdef81-4371-4930-9db2-fa5421175f42","message":"[c8cdef81-4371-4930-9db2-fa5421175f42] Client successfully validated - Connected: true"}
{"timestamp":"2026-08-04T16:44:26.0567479-03:00","level":"INFO","instance_id":"c8cdef81-4371-4930-9db2-fa5421175f42","message":"[c8cdef81-4371-4930-9db2-fa5421175f42] Checking client connection status - Client exists: true"}
{"timestamp":"2026-08-04T16:44:26.0567479-03:00","level":"INFO","instance_id":"c8cdef81-4371-4930-9db2-fa5421175f42","message":"[c8cdef81-4371-4930-9db2-fa5421175f42] Client successfully validated - Connected: true"}
{"timestamp":"2026-08-04T16:44:27.5542483-03:00","level":"INFO","instance_id":"c8cdef81-4371-4930-9db2-fa5421175f42","message":"[c8cdef81-4371-4930-9db2-fa5421175f42] Checking client connection status - Client exists: true"}
{"timestamp":"2026-08-04T16:44:27.5542483-03:00","level":"INFO","instance_id":"c8cdef81-4371-4930-9db2-fa5421175f42","message":"[c8cdef81-4371-4930-9db2-fa5421175f42] Client successfully validated - Connected: true"}
{"timestamp":"2026-08-04T16:44:29.6617859-03:00","level":"INFO","instance_id":"c8cdef81-4371-4930-9db2-fa5421175f42","message":"[c8cdef81-4371-4930-9db2-fa5421175f42] Checking client connection status - Client exists: true"}
{"timestamp":"2026-08-04T16:44:29.6617859-03:00","level":"INFO","instance_id":"c8cdef81-4371-4930-9db2-fa5421175f42","message":"[c8cdef81-4371-4930-9db2-fa5421175f42] Client successfully validated - Connected: true"}
{"timestamp":"2026-08-04T16:44:31.1481529-03:00","level":"INFO","instance_id":"c8cdef81-4371-4930-9db2-fa5421175f42","message":"[c8cdef81-4371-4930-9db2-fa5421175f42] Checking client connection status - Client exists: true"}
{"timestamp":"2026-08-04T16:44:31.1481529-03:00","level":"INFO","instance_id":"c8cdef81-4371-4930-9db2-fa5421175f42","message":"[c8cdef81-4371-4930-9db2-fa5421175f42] Client successfully validated - Connected: true"}
{"timestamp":"2026-08-04T16:44:33.2707299-03:00","level":"INFO","instance_id":"c8cdef81-4371-4930-9db2-fa5421175f42","message":"[c8cdef81-4371-4930-9db2-fa5421175f42] Checking client connection status - Client exists: true"}
{"timestamp":"2026-08-04T16:44:33.2707299-03:00","level":"INFO","instance_id":"c8cdef81-4371-4930-9db2-fa5421175f42","message":"[c8cdef81-4371-4930-9db2-fa5421175f42] Client successfully validated - Connected: true"}
{"timestamp":"2026-08-04T16:44:34.7480131-03:00","level":"INFO","instance_id":"c8cdef81-4371-4930-9db2-fa5421175f42","message":"[c8cdef81-4371-4930-9db2-fa5421175f42] Checking client connection status - Client exists: true"}
{"timestamp":"2026-08-04T16:44:34.7480131-03:00","level":"INFO","instance_id":"c8cdef81-4371-4930-9db2-fa5421175f42","message":"[c8cdef81-4371-4930-9db2-fa5421175f42] Client successfully validated - Connected: true"}
{"timestamp":"2026-08-04T16:44:36.8634887-03:00","level":"INFO","instance_id":"c8cdef81-4371-4930-9db2-fa5421175f42","message":"[c8cdef81-4371-4930-9db2-fa5421175f42] Checking client connection status - Client exists: true"}
{"timestamp":"2026-08-04T16:44:36.8634887-03:00","level":"INFO","instance_id":"c8cdef81-4371-4930-9db2-fa5421175f42","message":"[c8cdef81-4371-4930-9db2-fa5421175f42] Client successfully validated - Connected: true"}
{"timestamp":"2026-08-04T16:44:38.3388507-03:00","level":"INFO","instance_id":"c8cdef81-4371-4930-9db2-fa5421175f42","message":"[c8cdef81-4371-4930-9db2-fa5421175f42] Checking client connection status - Client exists: true"}
{"timestamp":"2026-08-04T16:44:38.3388507-03:00","level":"INFO","instance_id":"c8cdef81-4371-4930-9db2-fa5421175f42","message":"[c8cdef81-4371-4930-9db2-fa5421175f42] Client successfully validated - Connected: true"}
{"timestamp":"2026-08-04T16:44:40.4657253-03:00","level":"INFO","instance_id":"c8cdef81-4371-4930-9db2-fa5421175f42","message":"[c8cdef81-4371-4930-9db2-fa5421175f42] Checking client connection status - Client exists: true"}
{"timestamp":"2026-08-04T16:44:40.4657253-03:00","level":"INFO","instance_id":"c8cdef81-4371-4930-9db2-fa5421175f42","message":"[c8cdef81-4371-4930-9db2-fa5421175f42] Client successfully validated - Connected: true"}
{"timestamp":"2026-08-04T16:44:41.9477969-03:00","level":"INFO","instance_id":"c8cdef81-4371-4930-9db2-fa5421175f42","message":"[c8cdef81-4371-4930-9db2-fa5421175f42] Checking client connection status - Client exists: true"}
{"timestamp":"2026-08-04T16:44:41.9477969-03:00","level":"INFO","instance_id":"c8cdef81-4371-4930-9db2-fa5421175f42","message":"[c8cdef81-4371-4930-9db2-fa5421175f42] Client successfully validated - Connected: true"}
{"timestamp":"2026-08-04T16:44:44.0588519-03:00","level":"INFO","instance_id":"c8cdef81-4371-4930-9db2-fa5421175f42","message":"[c8cdef81-4371-4930-9db2-fa5421175f42] Checking client connection status - Client exists: true"}
{"timestamp":"2026-08-04T16:44:44.0588519-03:00","level":"INFO","instance_id":"c8cdef81-4371-4930-9db2-fa5421175f42","message":"[c8cdef81-4371-4930-9db2-fa5421175f42] Client successfully validated - Connected: true"}
{"timestamp":"2026-08-04T16:44:45.5553461-03:00","level":"INFO","instance_id":"c8cdef81-4371-4930-9db2-fa5421175f42","message":"[c8cdef81-4371-4930-9db2-fa5421175f42] Checking client connection status - Client exists: true"}
{"timestamp":"2026-08-04T16:44:45.5553461-03:00","level":"INFO","instance_id":"c8cdef81-4371-4930-9db2-fa5421175f42","message":"[c8cdef81-4371-4930-9db2-fa5421175f42] Client successfully validated - Connected: true"}
{"timestamp":"2026-08-04T16:44:47.6505542-03:00","level":"INFO","instance_id":"c8cdef81-4371-4930-9db2-fa5421175f42","message":"[c8cdef81-4371-4930-9db2-fa5421175f42] Checking client connection status - Client exists: true"}
{"timestamp":"2026-08-04T16:44:47.6505542-03:00","level":"INFO","instance_id":"c8cdef81-4371-4930-9db2-fa5421175f42","message":"[c8cdef81-4371-4930-9db2-fa5421175f42] Client successfully validated - Connected: true"}
{"timestamp":"2026-08-04T16:44:48.2454535-03:00","level":"INFO","instance_id":"c8cdef81-4371-4930-9db2-fa5421175f42","message":"[c8cdef81-4371-4930-9db2-fa5421175f42] ===== MESSAGE RECEIVED ===== ID: AC97BF1A4FE1BE150E3B5AE73065A165, From: status@broadcast, Type: media, Size: 163248 bytes"}
{"timestamp":"2026-08-04T16:44:48.2454535-03:00","level":"INFO","instance_id":"c8cdef81-4371-4930-9db2-fa5421175f42","message":"[c8cdef81-4371-4930-9db2-fa5421175f42] Processing media message - ID: AC97BF1A4FE1BE150E3B5AE73065A165"}
{"timestamp":"2026-08-04T16:44:48.2454535-03:00","level":"INFO","instance_id":"c8cdef81-4371-4930-9db2-fa5421175f42","message":"[c8cdef81-4371-4930-9db2-fa5421175f42] Downloading video - ID: AC97BF1A4FE1BE150E3B5AE73065A165, Size: 163248 bytes"}
{"timestamp":"2026-08-04T16:44:48.4327274-03:00","level":"INFO","instance_id":"c8cdef81-4371-4930-9db2-fa5421175f42","message":"[c8cdef81-4371-4930-9db2-fa5421175f42] Media download successful - ID: AC97BF1A4FE1BE150E3B5AE73065A165, Expected: 163248 bytes, Actual: 163248 bytes, Duration: 187.2739ms"}
{"timestamp":"2026-08-04T16:44:48.4327274-03:00","level":"INFO","instance_id":"c8cdef81-4371-4930-9db2-fa5421175f42","message":"[c8cdef81-4371-4930-9db2-fa5421175f42] Encoding to base64 - ID: AC97BF1A4FE1BE150E3B5AE73065A165, Size: 163248 bytes"}
{"timestamp":"2026-08-04T16:44:48.4332523-03:00","level":"INFO","instance_id":"c8cdef81-4371-4930-9db2-fa5421175f42","message":"[c8cdef81-4371-4930-9db2-fa5421175f42] Base64 encoding completed - ID: AC97BF1A4FE1BE150E3B5AE73065A165, Original: 163248 bytes, Encoded: 217664 chars, Duration: 524.9µs"}
{"timestamp":"2026-08-04T16:44:48.4332523-03:00","level":"INFO","instance_id":"c8cdef81-4371-4930-9db2-fa5421175f42","message":"[c8cdef81-4371-4930-9db2-fa5421175f42] ===== MESSAGE PROCESSING COMPLETED ===== ID: AC97BF1A4FE1BE150E3B5AE73065A165, From: status@broadcast, Type: media, Webhook: true"}
{"timestamp":"2026-08-04T16:44:48.433774-03:00","level":"INFO","instance_id":"c8cdef81-4371-4930-9db2-fa5421175f42","message":"[c8cdef81-4371-4930-9db2-fa5421175f42] ===== DISPATCHING WEBHOOK ===== Event: Message, Queue: c8cdef81-4371-4930-9db2-fa5421175f42.message, DataSize: 220281 bytes"}
{"timestamp":"2026-08-04T16:44:48.4348242-03:00","level":"INFO","instance_id":"c8cdef81-4371-4930-9db2-fa5421175f42","message":"[c8cdef81-4371-4930-9db2-fa5421175f42] subscriptions [MESSAGE] eventType Message"}
{"timestamp":"2026-08-04T16:44:48.4348242-03:00","level":"INFO","instance_id":"c8cdef81-4371-4930-9db2-fa5421175f42","message":"[c8cdef81-4371-4930-9db2-fa5421175f42] Event received of type Message"}
{"timestamp":"2026-08-04T16:44:49.143646-03:00","level":"INFO","instance_id":"c8cdef81-4371-4930-9db2-fa5421175f42","message":"[c8cdef81-4371-4930-9db2-fa5421175f42] Checking client connection status - Client exists: true"}
{"timestamp":"2026-08-04T16:44:49.143646-03:00","level":"INFO","instance_id":"c8cdef81-4371-4930-9db2-fa5421175f42","message":"[c8cdef81-4371-4930-9db2-fa5421175f42] Client successfully validated - Connected: true"}
{"timestamp":"2026-08-04T16:44:51.257241-03:00","level":"INFO","instance_id":"c8cdef81-4371-4930-9db2-fa5421175f42","message":"[c8cdef81-4371-4930-9db2-fa5421175f42] Checking client connection status - Client exists: true"}
{"timestamp":"2026-08-04T16:44:51.257241-03:00","level":"INFO","instance_id":"c8cdef81-4371-4930-9db2-fa5421175f42","message":"[c8cdef81-4371-4930-9db2-fa5421175f42] Client successfully validated - Connected: true"}
{"timestamp":"2026-08-04T16:44:52.7420118-03:00","level":"INFO","instance_id":"c8cdef81-4371-4930-9db2-fa5421175f42","message":"[c8cdef81-4371-4930-9db2-fa5421175f42] Checking client connection status - Client exists: true"}
{"timestamp":"2026-08-04T16:44:52.7420118-03:00","level":"INFO","instance_id":"c8cdef81-4371-4930-9db2-fa5421175f42","message":"[c8cdef81-4371-4930-9db2-fa5421175f42] Client successfully validated - Connected: true"}
{"timestamp":"2026-08-04T16:44:54.861496-03:00","level":"INFO","instance_id":"c8cdef81-4371-4930-9db2-fa5421175f42","message":"[c8cdef81-4371-4930-9db2-fa5421175f42] Checking client connection status - Client exists: true"}
{"timestamp":"2026-08-04T16:44:54.861496-03:00","level":"INFO","instance_id":"c8cdef81-4371-4930-9db2-fa5421175f42","message":"[c8cdef81-4371-4930-9db2-fa5421175f42] Client successfully validated - Connected: true"}
{"timestamp":"2026-08-04T16:44:57.0017742-03:00","level":"INFO","instance_id":"c8cdef81-4371-4930-9db2-fa5421175f42","message":"[c8cdef81-4371-4930-9db2-fa5421175f42] Checking client connection status - Client exists: true"}
{"timestamp":"2026-08-04T16:44:57.0017742-03:00","level":"INFO","instance_id":"c8cdef81-4371-4930-9db2-fa5421175f42","message":"[c8cdef81-4371-4930-9db2-fa5421175f42] Client successfully validated - Connected: true"}
{"timestamp":"2026-08-04T16:44:59.3077859-03:00","level":"INFO","instance_id":"c8cdef81-4371-4930-9db2-fa5421175f42","message":"[c8cdef81-4371-4930-9db2-fa5421175f42] Checking client connection status - Client exists: true"}
{"timestamp":"2026-08-04T16:44:59.3077859-03:00","level":"INFO","instance_id":"c8cdef81-4371-4930-9db2-fa5421175f42","message":"[c8cdef81-4371-4930-9db2-fa5421175f42] Client successfully validated - Connected: true"}
{"timestamp":"2026-08-04T16:44:59.8449815-03:00","level":"INFO","instance_id":"c8cdef81-4371-4930-9db2-fa5421175f42","message":"[c8cdef81-4371-4930-9db2-fa5421175f42] Checking client connection status - Client exists: true"}
{"timestamp":"2026-08-04T16:44:59.8449815-03:00","level":"INFO","instance_id":"c8cdef81-4371-4930-9db2-fa5421175f42","message":"[c8cdef81-4371-4930-9db2-fa5421175f42] Client successfully validated - Connected: true"}
{"timestamp":"2026-08-04T16:45:01.8323578-03:00","level":"INFO","instance_id":"c8cdef81-4371-4930-9db2-fa5421175f42","message":"[c8cdef81-4371-4930-9db2-fa5421175f42] ===== MESSAGE RECEIVED ===== ID: AC5C64FB4E8A26072F7352892C674288, From: status@broadcast, Type: media, Size: 151410 bytes"}
{"timestamp":"2026-08-04T16:45:01.8323578-03:00","level":"INFO","instance_id":"c8cdef81-4371-4930-9db2-fa5421175f42","message":"[c8cdef81-4371-4930-9db2-fa5421175f42] Processing media message - ID: AC5C64FB4E8A26072F7352892C674288"}
{"timestamp":"2026-08-04T16:45:01.8323578-03:00","level":"INFO","instance_id":"c8cdef81-4371-4930-9db2-fa5421175f42","message":"[c8cdef81-4371-4930-9db2-fa5421175f42] Downloading video - ID: AC5C64FB4E8A26072F7352892C674288, Size: 151410 bytes"}
{"timestamp":"2026-08-04T16:45:02.0285908-03:00","level":"INFO","instance_id":"c8cdef81-4371-4930-9db2-fa5421175f42","message":"[c8cdef81-4371-4930-9db2-fa5421175f42] Media download successful - ID: AC5C64FB4E8A26072F7352892C674288, Expected: 151410 bytes, Actual: 151410 bytes, Duration: 196.233ms"}
{"timestamp":"2026-08-04T16:45:02.0285908-03:00","level":"INFO","instance_id":"c8cdef81-4371-4930-9db2-fa5421175f42","message":"[c8cdef81-4371-4930-9db2-fa5421175f42] Encoding to base64 - ID: AC5C64FB4E8A26072F7352892C674288, Size: 151410 bytes"}
{"timestamp":"2026-08-04T16:45:02.0285908-03:00","level":"INFO","instance_id":"c8cdef81-4371-4930-9db2-fa5421175f42","message":"[c8cdef81-4371-4930-9db2-fa5421175f42] Base64 encoding completed - ID: AC5C64FB4E8A26072F7352892C674288, Original: 151410 bytes, Encoded: 201880 chars, Duration: 0s"}
{"timestamp":"2026-08-04T16:45:02.0285908-03:00","level":"INFO","instance_id":"c8cdef81-4371-4930-9db2-fa5421175f42","message":"[c8cdef81-4371-4930-9db2-fa5421175f42] ===== MESSAGE PROCESSING COMPLETED ===== ID: AC5C64FB4E8A26072F7352892C674288, From: status@broadcast, Type: media, Webhook: true"}
{"timestamp":"2026-08-04T16:45:02.0291188-03:00","level":"INFO","instance_id":"c8cdef81-4371-4930-9db2-fa5421175f42","message":"[c8cdef81-4371-4930-9db2-fa5421175f42] ===== DISPATCHING WEBHOOK ===== Event: Message, Queue: c8cdef81-4371-4930-9db2-fa5421175f42.message, DataSize: 204497 bytes"}
{"timestamp":"2026-08-04T16:45:02.0301464-03:00","level":"INFO","instance_id":"c8cdef81-4371-4930-9db2-fa5421175f42","message":"[c8cdef81-4371-4930-9db2-fa5421175f42] subscriptions [MESSAGE] eventType Message"}
{"timestamp":"2026-08-04T16:45:02.0301464-03:00","level":"INFO","instance_id":"c8cdef81-4371-4930-9db2-fa5421175f42","message":"[c8cdef81-4371-4930-9db2-fa5421175f42] Event received of type Message"}
{"timestamp":"2026-08-04T16:45:02.3081509-03:00","level":"INFO","instance_id":"c8cdef81-4371-4930-9db2-fa5421175f42","message":"[c8cdef81-4371-4930-9db2-fa5421175f42] Checking client connection status - Client exists: true"}
{"timestamp":"2026-08-04T16:45:02.3081509-03:00","level":"INFO","instance_id":"c8cdef81-4371-4930-9db2-fa5421175f42","message":"[c8cdef81-4371-4930-9db2-fa5421175f42] Client successfully validated - Connected: true"}
{"timestamp":"2026-08-04T16:45:03.9950705-03:00","level":"INFO","instance_id":"c8cdef81-4371-4930-9db2-fa5421175f42","message":"[c8cdef81-4371-4930-9db2-fa5421175f42] Checking client connection status - Client exists: true"}
{"timestamp":"2026-08-04T16:45:03.9950705-03:00","level":"INFO","instance_id":"c8cdef81-4371-4930-9db2-fa5421175f42","message":"[c8cdef81-4371-4930-9db2-fa5421175f42] Client successfully validated - Connected: true"}
{"timestamp":"2026-08-04T16:45:06.3084922-03:00","level":"INFO","instance_id":"c8cdef81-4371-4930-9db2-fa5421175f42","message":"[c8cdef81-4371-4930-9db2-fa5421175f42] Checking client connection status - Client exists: true"}
{"timestamp":"2026-08-04T16:45:06.3084922-03:00","level":"INFO","instance_id":"c8cdef81-4371-4930-9db2-fa5421175f42","message":"[c8cdef81-4371-4930-9db2-fa5421175f42] Client successfully validated - Connected: true"}
{"timestamp":"2026-08-04T16:45:08.0096389-03:00","level":"INFO","instance_id":"c8cdef81-4371-4930-9db2-fa5421175f42","message":"[c8cdef81-4371-4930-9db2-fa5421175f42] Checking client connection status - Client exists: true"}
{"timestamp":"2026-08-04T16:45:08.0096389-03:00","level":"INFO","instance_id":"c8cdef81-4371-4930-9db2-fa5421175f42","message":"[c8cdef81-4371-4930-9db2-fa5421175f42] Client successfully validated - Connected: true"}
{"timestamp":"2026-08-04T16:45:09.3167859-03:00","level":"INFO","instance_id":"c8cdef81-4371-4930-9db2-fa5421175f42","message":"[c8cdef81-4371-4930-9db2-fa5421175f42] Checking client connection status - Client exists: true"}
{"timestamp":"2026-08-04T16:45:09.3167859-03:00","level":"INFO","instance_id":"c8cdef81-4371-4930-9db2-fa5421175f42","message":"[c8cdef81-4371-4930-9db2-fa5421175f42] Client successfully validated - Connected: true"}
{"timestamp":"2026-08-04T16:45:11.0070421-03:00","level":"INFO","instance_id":"c8cdef81-4371-4930-9db2-fa5421175f42","message":"[c8cdef81-4371-4930-9db2-fa5421175f42] Checking client connection status - Client exists: true"}
{"timestamp":"2026-08-04T16:45:11.0070421-03:00","level":"INFO","instance_id":"c8cdef81-4371-4930-9db2-fa5421175f42","message":"[c8cdef81-4371-4930-9db2-fa5421175f42] Client successfully validated - Connected: true"}
{"timestamp":"2026-08-04T16:45:13.3189712-03:00","level":"INFO","instance_id":"c8cdef81-4371-4930-9db2-fa5421175f42","message":"[c8cdef81-4371-4930-9db2-fa5421175f42] Checking client connection status - Client exists: true"}
{"timestamp":"2026-08-04T16:45:13.3189712-03:00","level":"INFO","instance_id":"c8cdef81-4371-4930-9db2-fa5421175f42","message":"[c8cdef81-4371-4930-9db2-fa5421175f42] Client successfully validated - Connected: true"}
{"timestamp":"2026-08-04T16:45:14.9978382-03:00","level":"INFO","instance_id":"c8cdef81-4371-4930-9db2-fa5421175f42","message":"[c8cdef81-4371-4930-9db2-fa5421175f42] Checking client connection status - Client exists: true"}
{"timestamp":"2026-08-04T16:45:14.9978382-03:00","level":"INFO","instance_id":"c8cdef81-4371-4930-9db2-fa5421175f42","message":"[c8cdef81-4371-4930-9db2-fa5421175f42] Client successfully validated - Connected: true"}
{"timestamp":"2026-08-04T16:45:17.3182008-03:00","level":"INFO","instance_id":"c8cdef81-4371-4930-9db2-fa5421175f42","message":"[c8cdef81-4371-4930-9db2-fa5421175f42] Checking client connection status - Client exists: true"}
{"timestamp":"2026-08-04T16:45:17.3182008-03:00","level":"INFO","instance_id":"c8cdef81-4371-4930-9db2-fa5421175f42","message":"[c8cdef81-4371-4930-9db2-fa5421175f42] Client successfully validated - Connected: true"}
{"timestamp":"2026-08-04T16:45:17.8401614-03:00","level":"INFO","instance_id":"c8cdef81-4371-4930-9db2-fa5421175f42","message":"[c8cdef81-4371-4930-9db2-fa5421175f42] Checking client connection status - Client exists: true"}
{"timestamp":"2026-08-04T16:45:17.8401614-03:00","level":"INFO","instance_id":"c8cdef81-4371-4930-9db2-fa5421175f42","message":"[c8cdef81-4371-4930-9db2-fa5421175f42] Client successfully validated - Connected: true"}
{"timestamp":"2026-08-04T16:45:20.3085502-03:00","level":"INFO","instance_id":"c8cdef81-4371-4930-9db2-fa5421175f42","message":"[c8cdef81-4371-4930-9db2-fa5421175f42] Checking client connection status - Client exists: true"}
{"timestamp":"2026-08-04T16:45:20.3085502-03:00","level":"INFO","instance_id":"c8cdef81-4371-4930-9db2-fa5421175f42","message":"[c8cdef81-4371-4930-9db2-fa5421175f42] Client successfully validated - Connected: true"}
{"timestamp":"2026-08-04T16:45:22.009928-03:00","level":"INFO","instance_id":"c8cdef81-4371-4930-9db2-fa5421175f42","message":"[c8cdef81-4371-4930-9db2-fa5421175f42] Checking client connection status - Client exists: true"}
{"timestamp":"2026-08-04T16:45:22.009928-03:00","level":"INFO","instance_id":"c8cdef81-4371-4930-9db2-fa5421175f42","message":"[c8cdef81-4371-4930-9db2-fa5421175f42] Client successfully validated - Connected: true"}
{"timestamp":"2026-08-04T16:45:24.3191757-03:00","level":"INFO","instance_id":"c8cdef81-4371-4930-9db2-fa5421175f42","message":"[c8cdef81-4371-4930-9db2-fa5421175f42] Checking client connection status - Client exists: true"}
{"timestamp":"2026-08-04T16:45:24.3191757-03:00","level":"INFO","instance_id":"c8cdef81-4371-4930-9db2-fa5421175f42","message":"[c8cdef81-4371-4930-9db2-fa5421175f42] Client successfully validated - Connected: true"}
{"timestamp":"2026-08-04T16:45:26.0164106-03:00","level":"INFO","instance_id":"c8cdef81-4371-4930-9db2-fa5421175f42","message":"[c8cdef81-4371-4930-9db2-fa5421175f42] Checking client connection status - Client exists: true"}
{"timestamp":"2026-08-04T16:45:26.0164106-03:00","level":"INFO","instance_id":"c8cdef81-4371-4930-9db2-fa5421175f42","message":"[c8cdef81-4371-4930-9db2-fa5421175f42] Client successfully validated - Connected: true"}
{"timestamp":"2026-08-04T16:45:27.3911102-03:00","level":"INFO","instance_id":"c8cdef81-4371-4930-9db2-fa5421175f42","message":"[c8cdef81-4371-4930-9db2-fa5421175f42] Checking client connection status - Client exists: true"}
{"timestamp":"2026-08-04T16:45:27.3911102-03:00","level":"INFO","instance_id":"c8cdef81-4371-4930-9db2-fa5421175f42","message":"[c8cdef81-4371-4930-9db2-fa5421175f42] Client successfully validated - Connected: true"}
{"timestamp":"2026-08-04T16:45:29.0048243-03:00","level":"INFO","instance_id":"c8cdef81-4371-4930-9db2-fa5421175f42","message":"[c8cdef81-4371-4930-9db2-fa5421175f42] Checking client connection status - Client exists: true"}
{"timestamp":"2026-08-04T16:45:29.0048243-03:00","level":"INFO","instance_id":"c8cdef81-4371-4930-9db2-fa5421175f42","message":"[c8cdef81-4371-4930-9db2-fa5421175f42] Client successfully validated - Connected: true"}
{"timestamp":"2026-08-04T16:45:31.3094711-03:00","level":"INFO","instance_id":"c8cdef81-4371-4930-9db2-fa5421175f42","message":"[c8cdef81-4371-4930-9db2-fa5421175f42] Checking client connection status - Client exists: true"}
{"timestamp":"2026-08-04T16:45:31.3094711-03:00","level":"INFO","instance_id":"c8cdef81-4371-4930-9db2-fa5421175f42","message":"[c8cdef81-4371-4930-9db2-fa5421175f42] Client successfully validated - Connected: true"}
{"timestamp":"2026-08-04T16:45:32.9952889-03:00","level":"INFO","instance_id":"c8cdef81-4371-4930-9db2-fa5421175f42","message":"[c8cdef81-4371-4930-9db2-fa5421175f42] Checking client connection status - Client exists: true"}
{"timestamp":"2026-08-04T16:45:32.9952889-03:00","level":"INFO","instance_id":"c8cdef81-4371-4930-9db2-fa5421175f42","message":"[c8cdef81-4371-4930-9db2-fa5421175f42] Client successfully validated - Connected: true"}
{"timestamp":"2026-08-04T16:45:35.315267-03:00","level":"INFO","instance_id":"c8cdef81-4371-4930-9db2-fa5421175f42","message":"[c8cdef81-4371-4930-9db2-fa5421175f42] Checking client connection status - Client exists: true"}
{"timestamp":"2026-08-04T16:45:35.315267-03:00","level":"INFO","instance_id":"c8cdef81-4371-4930-9db2-fa5421175f42","message":"[c8cdef81-4371-4930-9db2-fa5421175f42] Client successfully validated - Connected: true"}
{"timestamp":"2026-08-04T16:45:35.8390689-03:00","level":"INFO","instance_id":"c8cdef81-4371-4930-9db2-fa5421175f42","message":"[c8cdef81-4371-4930-9db2-fa5421175f42] Checking client connection status - Client exists: true"}
{"timestamp":"2026-08-04T16:45:35.8390689-03:00","level":"INFO","instance_id":"c8cdef81-4371-4930-9db2-fa5421175f42","message":"[c8cdef81-4371-4930-9db2-fa5421175f42] Client successfully validated - Connected: true"}
{"timestamp":"2026-08-04T16:45:38.3084882-03:00","level":"INFO","instance_id":"c8cdef81-4371-4930-9db2-fa5421175f42","message":"[c8cdef81-4371-4930-9db2-fa5421175f42] Checking client connection status - Client exists: true"}
{"timestamp":"2026-08-04T16:45:38.3084882-03:00","level":"INFO","instance_id":"c8cdef81-4371-4930-9db2-fa5421175f42","message":"[c8cdef81-4371-4930-9db2-fa5421175f42] Client successfully validated - Connected: true"}
{"timestamp":"2026-08-04T16:45:40.0084476-03:00","level":"INFO","instance_id":"c8cdef81-4371-4930-9db2-fa5421175f42","message":"[c8cdef81-4371-4930-9db2-fa5421175f42] Checking client connection status - Client exists: true"}
{"timestamp":"2026-08-04T16:45:40.0084476-03:00","level":"INFO","instance_id":"c8cdef81-4371-4930-9db2-fa5421175f42","message":"[c8cdef81-4371-4930-9db2-fa5421175f42] Client successfully validated - Connected: true"}
{"timestamp":"2026-08-04T16:45:42.3128833-03:00","level":"INFO","instance_id":"c8cdef81-4371-4930-9db2-fa5421175f42","message":"[c8cdef81-4371-4930-9db2-fa5421175f42] Checking client connection status - Client exists: true"}
{"timestamp":"2026-08-04T16:45:42.3128833-03:00","level":"INFO","instance_id":"c8cdef81-4371-4930-9db2-fa5421175f42","message":"[c8cdef81-4371-4930-9db2-fa5421175f42] Client successfully validated - Connected: true"}
{"timestamp":"2026-08-04T16:45:43.998719-03:00","level":"INFO","instance_id":"c8cdef81-4371-4930-9db2-fa5421175f42","message":"[c8cdef81-4371-4930-9db2-fa5421175f42] Checking client connection status - Client exists: true"}
{"timestamp":"2026-08-04T16:45:43.998719-03:00","level":"INFO","instance_id":"c8cdef81-4371-4930-9db2-fa5421175f42","message":"[c8cdef81-4371-4930-9db2-fa5421175f42] Client successfully validated - Connected: true"}
{"timestamp":"2026-08-04T16:45:45.3193529-03:00","level":"INFO","instance_id":"c8cdef81-4371-4930-9db2-fa5421175f42","message":"[c8cdef81-4371-4930-9db2-fa5421175f42] Checking client connection status - Client exists: true"}
{"timestamp":"2026-08-04T16:45:45.3193529-03:00","level":"INFO","instance_id":"c8cdef81-4371-4930-9db2-fa5421175f42","message":"[c8cdef81-4371-4930-9db2-fa5421175f42] Client successfully validated - Connected: true"}
{"timestamp":"2026-08-04T16:45:45.9097375-03:00","level":"INFO","instance_id":"c8cdef81-4371-4930-9db2-fa5421175f42","message":"[c8cdef81-4371-4930-9db2-fa5421175f42] ===== MESSAGE RECEIVED ===== ID: AC2B46F0A5CD78BFB06E93FB97A16BC8, From: status@broadcast, Type: media, Size: 1554767 bytes"}
{"timestamp":"2026-08-04T16:45:45.9103109-03:00","level":"INFO","instance_id":"c8cdef81-4371-4930-9db2-fa5421175f42","message":"[c8cdef81-4371-4930-9db2-fa5421175f42] Processing media message - ID: AC2B46F0A5CD78BFB06E93FB97A16BC8"}
{"timestamp":"2026-08-04T16:45:45.9103109-03:00","level":"INFO","instance_id":"c8cdef81-4371-4930-9db2-fa5421175f42","message":"[c8cdef81-4371-4930-9db2-fa5421175f42] Downloading video - ID: AC2B46F0A5CD78BFB06E93FB97A16BC8, Size: 1554767 bytes"}
{"timestamp":"2026-08-04T16:45:46.2692365-03:00","level":"INFO","instance_id":"c8cdef81-4371-4930-9db2-fa5421175f42","message":"[c8cdef81-4371-4930-9db2-fa5421175f42] Media download successful - ID: AC2B46F0A5CD78BFB06E93FB97A16BC8, Expected: 1554767 bytes, Actual: 1554767 bytes, Duration: 358.9256ms"}
{"timestamp":"2026-08-04T16:45:46.2697671-03:00","level":"INFO","instance_id":"c8cdef81-4371-4930-9db2-fa5421175f42","message":"[c8cdef81-4371-4930-9db2-fa5421175f42] Encoding to base64 - ID: AC2B46F0A5CD78BFB06E93FB97A16BC8, Size: 1554767 bytes"}
{"timestamp":"2026-08-04T16:45:46.271339-03:00","level":"INFO","instance_id":"c8cdef81-4371-4930-9db2-fa5421175f42","message":"[c8cdef81-4371-4930-9db2-fa5421175f42] Base64 encoding completed - ID: AC2B46F0A5CD78BFB06E93FB97A16BC8, Original: 1554767 bytes, Encoded: 2073024 chars, Duration: 1.5719ms"}
{"timestamp":"2026-08-04T16:45:46.271339-03:00","level":"INFO","instance_id":"c8cdef81-4371-4930-9db2-fa5421175f42","message":"[c8cdef81-4371-4930-9db2-fa5421175f42] ===== MESSAGE PROCESSING COMPLETED ===== ID: AC2B46F0A5CD78BFB06E93FB97A16BC8, From: status@broadcast, Type: media, Webhook: true"}
{"timestamp":"2026-08-04T16:45:46.2739902-03:00","level":"INFO","instance_id":"c8cdef81-4371-4930-9db2-fa5421175f42","message":"[c8cdef81-4371-4930-9db2-fa5421175f42] ===== DISPATCHING WEBHOOK ===== Event: Message, Queue: c8cdef81-4371-4930-9db2-fa5421175f42.message, DataSize: 2075920 bytes"}
{"timestamp":"2026-08-04T16:45:46.2820097-03:00","level":"INFO","instance_id":"c8cdef81-4371-4930-9db2-fa5421175f42","message":"[c8cdef81-4371-4930-9db2-fa5421175f42] subscriptions [MESSAGE] eventType Message"}
{"timestamp":"2026-08-04T16:45:46.2825962-03:00","level":"INFO","instance_id":"c8cdef81-4371-4930-9db2-fa5421175f42","message":"[c8cdef81-4371-4930-9db2-fa5421175f42] Event received of type Message"}
{"timestamp":"2026-08-04T16:45:47.003009-03:00","level":"INFO","instance_id":"c8cdef81-4371-4930-9db2-fa5421175f42","message":"[c8cdef81-4371-4930-9db2-fa5421175f42] Checking client connection status - Client exists: true"}
{"timestamp":"2026-08-04T16:45:47.003009-03:00","level":"INFO","instance_id":"c8cdef81-4371-4930-9db2-fa5421175f42","message":"[c8cdef81-4371-4930-9db2-fa5421175f42] Client successfully validated - Connected: true"}
{"timestamp":"2026-08-04T16:45:49.3123518-03:00","level":"INFO","instance_id":"c8cdef81-4371-4930-9db2-fa5421175f42","message":"[c8cdef81-4371-4930-9db2-fa5421175f42] Checking client connection status - Client exists: true"}
{"timestamp":"2026-08-04T16:45:49.3123518-03:00","level":"INFO","instance_id":"c8cdef81-4371-4930-9db2-fa5421175f42","message":"[c8cdef81-4371-4930-9db2-fa5421175f42] Client successfully validated - Connected: true"}
{"timestamp":"2026-08-04T16:45:50.9959905-03:00","level":"INFO","instance_id":"c8cdef81-4371-4930-9db2-fa5421175f42","message":"[c8cdef81-4371-4930-9db2-fa5421175f42] Checking client connection status - Client exists: true"}
{"timestamp":"2026-08-04T16:45:50.9959905-03:00","level":"INFO","instance_id":"c8cdef81-4371-4930-9db2-fa5421175f42","message":"[c8cdef81-4371-4930-9db2-fa5421175f42] Client successfully validated - Connected: true"}
{"timestamp":"2026-08-04T16:45:53.3174347-03:00","level":"INFO","instance_id":"c8cdef81-4371-4930-9db2-fa5421175f42","message":"[c8cdef81-4371-4930-9db2-fa5421175f42] Checking client connection status - Client exists: true"}
{"timestamp":"2026-08-04T16:45:53.3174347-03:00","level":"INFO","instance_id":"c8cdef81-4371-4930-9db2-fa5421175f42","message":"[c8cdef81-4371-4930-9db2-fa5421175f42] Client successfully validated - Connected: true"}
{"timestamp":"2026-08-04T16:45:53.8427575-03:00","level":"INFO","instance_id":"c8cdef81-4371-4930-9db2-fa5421175f42","message":"[c8cdef81-4371-4930-9db2-fa5421175f42] Checking client connection status - Client exists: true"}
{"timestamp":"2026-08-04T16:45:53.8427575-03:00","level":"INFO","instance_id":"c8cdef81-4371-4930-9db2-fa5421175f42","message":"[c8cdef81-4371-4930-9db2-fa5421175f42] Client successfully validated - Connected: true"}
{"timestamp":"2026-08-04T16:45:56.3190389-03:00","level":"INFO","instance_id":"c8cdef81-4371-4930-9db2-fa5421175f42","message":"[c8cdef81-4371-4930-9db2-fa5421175f42] Checking client connection status - Client exists: true"}
{"timestamp":"2026-08-04T16:45:56.3190389-03:00","level":"INFO","instance_id":"c8cdef81-4371-4930-9db2-fa5421175f42","message":"[c8cdef81-4371-4930-9db2-fa5421175f42] Client successfully validated - Connected: true"}
{"timestamp":"2026-08-04T16:45:57.9957332-03:00","level":"INFO","instance_id":"c8cdef81-4371-4930-9db2-fa5421175f42","message":"[c8cdef81-4371-4930-9db2-fa5421175f42] Checking client connection status - Client exists: true"}
{"timestamp":"2026-08-04T16:45:57.9957332-03:00","level":"INFO","instance_id":"c8cdef81-4371-4930-9db2-fa5421175f42","message":"[c8cdef81-4371-4930-9db2-fa5421175f42] Client successfully validated - Connected: true"}
{"timestamp":"2026-08-04T16:46:00.3141237-03:00","level":"INFO","instance_id":"c8cdef81-4371-4930-9db2-fa5421175f42","message":"[c8cdef81-4371-4930-9db2-fa5421175f42] Checking client connection status - Client exists: true"}
{"timestamp":"2026-08-04T16:46:00.3141237-03:00","level":"INFO","instance_id":"c8cdef81-4371-4930-9db2-fa5421175f42","message":"[c8cdef81-4371-4930-9db2-fa5421175f42] Client successfully validated - Connected: true"}
{"timestamp":"2026-08-04T16:46:02.0073754-03:00","level":"INFO","instance_id":"c8cdef81-4371-4930-9db2-fa5421175f42","message":"[c8cdef81-4371-4930-9db2-fa5421175f42] Checking client connection status - Client exists: true"}
{"timestamp":"2026-08-04T16:46:02.0073754-03:00","level":"INFO","instance_id":"c8cdef81-4371-4930-9db2-fa5421175f42","message":"[c8cdef81-4371-4930-9db2-fa5421175f42] Client successfully validated - Connected: true"}
{"timestamp":"2026-08-04T16:46:03.3132284-03:00","level":"INFO","instance_id":"c8cdef81-4371-4930-9db2-fa5421175f42","message":"[c8cdef81-4371-4930-9db2-fa5421175f42] Checking client connection status - Client exists: true"}
{"timestamp":"2026-08-04T16:46:03.3132284-03:00","level":"INFO","instance_id":"c8cdef81-4371-4930-9db2-fa5421175f42","message":"[c8cdef81-4371-4930-9db2-fa5421175f42] Client successfully validated - Connected: true"}
{"timestamp":"2026-08-04T16:46:05.0023476-03:00","level":"INFO","instance_id":"c8cdef81-4371-4930-9db2-fa5421175f42","message":"[c8cdef81-4371-4930-9db2-fa5421175f42] Checking client connection status - Client exists: true"}
{"timestamp":"2026-08-04T16:46:05.0023476-03:00","level":"INFO","instance_id":"c8cdef81-4371-4930-9db2-fa5421175f42","message":"[c8cdef81-4371-4930-9db2-fa5421175f42] Client successfully validated - Connected: true"}
{"timestamp":"2026-08-04T16:46:07.3107452-03:00","level":"INFO","instance_id":"c8cdef81-4371-4930-9db2-fa5421175f42","message":"[c8cdef81-4371-4930-9db2-fa5421175f42] Checking client connection status - Client exists: true"}
{"timestamp":"2026-08-04T16:46:07.3107452-03:00","level":"INFO","instance_id":"c8cdef81-4371-4930-9db2-fa5421175f42","message":"[c8cdef81-4371-4930-9db2-fa5421175f42] Client successfully validated - Connected: true"}
{"timestamp":"2026-08-04T16:46:09.0074204-03:00","level":"INFO","instance_id":"c8cdef81-4371-4930-9db2-fa5421175f42","message":"[c8cdef81-4371-4930-9db2-fa5421175f42] Checking client connection status - Client exists: true"}
{"timestamp":"2026-08-04T16:46:09.0074204-03:00","level":"INFO","instance_id":"c8cdef81-4371-4930-9db2-fa5421175f42","message":"[c8cdef81-4371-4930-9db2-fa5421175f42] Client successfully validated - Connected: true"}
{"timestamp":"2026-08-04T16:46:11.3092504-03:00","level":"INFO","instance_id":"c8cdef81-4371-4930-9db2-fa5421175f42","message":"[c8cdef81-4371-4930-9db2-fa5421175f42] Checking client connection status - Client exists: true"}
{"timestamp":"2026-08-04T16:46:11.3092504-03:00","level":"INFO","instance_id":"c8cdef81-4371-4930-9db2-fa5421175f42","message":"[c8cdef81-4371-4930-9db2-fa5421175f42] Client successfully validated - Connected: true"}
{"timestamp":"2026-08-04T16:46:11.8400079-03:00","level":"INFO","instance_id":"c8cdef81-4371-4930-9db2-fa5421175f42","message":"[c8cdef81-4371-4930-9db2-fa5421175f42] Checking client connection status - Client exists: true"}
{"timestamp":"2026-08-04T16:46:11.8405667-03:00","level":"INFO","instance_id":"c8cdef81-4371-4930-9db2-fa5421175f42","message":"[c8cdef81-4371-4930-9db2-fa5421175f42] Client successfully validated - Connected: true"}
{"timestamp":"2026-08-04T16:46:14.3143857-03:00","level":"INFO","instance_id":"c8cdef81-4371-4930-9db2-fa5421175f42","message":"[c8cdef81-4371-4930-9db2-fa5421175f42] Checking client connection status - Client exists: true"}
{"timestamp":"2026-08-04T16:46:14.3143857-03:00","level":"INFO","instance_id":"c8cdef81-4371-4930-9db2-fa5421175f42","message":"[c8cdef81-4371-4930-9db2-fa5421175f42] Client successfully validated - Connected: true"}
{"timestamp":"2026-08-04T16:46:14.4823828-03:00","level":"INFO","instance_id":"c8cdef81-4371-4930-9db2-fa5421175f42","message":"[c8cdef81-4371-4930-9db2-fa5421175f42] ===== MESSAGE RECEIVED ===== ID: ACF1CCA594A2AB4A40287ADB6DD81D83, From: status@broadcast, Type: media, Size: 202885 bytes"}
{"timestamp":"2026-08-04T16:46:14.4823828-03:00","level":"INFO","instance_id":"c8cdef81-4371-4930-9db2-fa5421175f42","message":"[c8cdef81-4371-4930-9db2-fa5421175f42] Processing media message - ID: ACF1CCA594A2AB4A40287ADB6DD81D83"}
{"timestamp":"2026-08-04T16:46:14.4828902-03:00","level":"INFO","instance_id":"c8cdef81-4371-4930-9db2-fa5421175f42","message":"[c8cdef81-4371-4930-9db2-fa5421175f42] Downloading video - ID: ACF1CCA594A2AB4A40287ADB6DD81D83, Size: 202885 bytes"}
{"timestamp":"2026-08-04T16:46:14.6903598-03:00","level":"INFO","instance_id":"c8cdef81-4371-4930-9db2-fa5421175f42","message":"[c8cdef81-4371-4930-9db2-fa5421175f42] Media download successful - ID: ACF1CCA594A2AB4A40287ADB6DD81D83, Expected: 202885 bytes, Actual: 202885 bytes, Duration: 207.4696ms"}
{"timestamp":"2026-08-04T16:46:14.6903598-03:00","level":"INFO","instance_id":"c8cdef81-4371-4930-9db2-fa5421175f42","message":"[c8cdef81-4371-4930-9db2-fa5421175f42] Encoding to base64 - ID: ACF1CCA594A2AB4A40287ADB6DD81D83, Size: 202885 bytes"}
{"timestamp":"2026-08-04T16:46:14.6915246-03:00","level":"INFO","instance_id":"c8cdef81-4371-4930-9db2-fa5421175f42","message":"[c8cdef81-4371-4930-9db2-fa5421175f42] Base64 encoding completed - ID: ACF1CCA594A2AB4A40287ADB6DD81D83, Original: 202885 bytes, Encoded: 270516 chars, Duration: 1.1648ms"}
{"timestamp":"2026-08-04T16:46:14.6915246-03:00","level":"INFO","instance_id":"c8cdef81-4371-4930-9db2-fa5421175f42","message":"[c8cdef81-4371-4930-9db2-fa5421175f42] ===== MESSAGE PROCESSING COMPLETED ===== ID: ACF1CCA594A2AB4A40287ADB6DD81D83, From: status@broadcast, Type: media, Webhook: true"}
{"timestamp":"2026-08-04T16:46:14.6920475-03:00","level":"INFO","instance_id":"c8cdef81-4371-4930-9db2-fa5421175f42","message":"[c8cdef81-4371-4930-9db2-fa5421175f42] ===== DISPATCHING WEBHOOK ===== Event: Message, Queue: c8cdef81-4371-4930-9db2-fa5421175f42.message, DataSize: 273149 bytes"}
{"timestamp":"2026-08-04T16:46:14.6937593-03:00","level":"INFO","instance_id":"c8cdef81-4371-4930-9db2-fa5421175f42","message":"[c8cdef81-4371-4930-9db2-fa5421175f42] subscriptions [MESSAGE] eventType Message"}
{"timestamp":"2026-08-04T16:46:14.6937593-03:00","level":"INFO","instance_id":"c8cdef81-4371-4930-9db2-fa5421175f42","message":"[c8cdef81-4371-4930-9db2-fa5421175f42] Event received of type Message"}
{"timestamp":"2026-08-04T16:46:16.0056666-03:00","level":"INFO","instance_id":"c8cdef81-4371-4930-9db2-fa5421175f42","message":"[c8cdef81-4371-4930-9db2-fa5421175f42] Checking client connection status - Client exists: true"}
{"timestamp":"2026-08-04T16:46:16.0056666-03:00","level":"INFO","instance_id":"c8cdef81-4371-4930-9db2-fa5421175f42","message":"[c8cdef81-4371-4930-9db2-fa5421175f42] Client successfully validated - Connected: true"}
{"timestamp":"2026-08-04T16:46:18.3089236-03:00","level":"INFO","instance_id":"c8cdef81-4371-4930-9db2-fa5421175f42","message":"[c8cdef81-4371-4930-9db2-fa5421175f42] Checking client connection status - Client exists: true"}
{"timestamp":"2026-08-04T16:46:18.3089236-03:00","level":"INFO","instance_id":"c8cdef81-4371-4930-9db2-fa5421175f42","message":"[c8cdef81-4371-4930-9db2-fa5421175f42] Client successfully validated - Connected: true"}
{"timestamp":"2026-08-04T16:46:20.0078054-03:00","level":"INFO","instance_id":"c8cdef81-4371-4930-9db2-fa5421175f42","message":"[c8cdef81-4371-4930-9db2-fa5421175f42] Checking client connection status - Client exists: true"}
{"timestamp":"2026-08-04T16:46:20.0078054-03:00","level":"INFO","instance_id":"c8cdef81-4371-4930-9db2-fa5421175f42","message":"[c8cdef81-4371-4930-9db2-fa5421175f42] Client successfully validated - Connected: true"}
{"timestamp":"2026-08-04T16:46:21.3128114-03:00","level":"INFO","instance_id":"c8cdef81-4371-4930-9db2-fa5421175f42","message":"[c8cdef81-4371-4930-9db2-fa5421175f42] Checking client connection status - Client exists: true"}
{"timestamp":"2026-08-04T16:46:21.3128114-03:00","level":"INFO","instance_id":"c8cdef81-4371-4930-9db2-fa5421175f42","message":"[c8cdef81-4371-4930-9db2-fa5421175f42] Client successfully validated - Connected: true"}
{"timestamp":"2026-08-04T16:46:23.0089318-03:00","level":"INFO","instance_id":"c8cdef81-4371-4930-9db2-fa5421175f42","message":"[c8cdef81-4371-4930-9db2-fa5421175f42] Checking client connection status - Client exists: true"}
{"timestamp":"2026-08-04T16:46:23.0089318-03:00","level":"INFO","instance_id":"c8cdef81-4371-4930-9db2-fa5421175f42","message":"[c8cdef81-4371-4930-9db2-fa5421175f42] Client successfully validated - Connected: true"}
{"timestamp":"2026-08-04T16:46:25.3120635-03:00","level":"INFO","instance_id":"c8cdef81-4371-4930-9db2-fa5421175f42","message":"[c8cdef81-4371-4930-9db2-fa5421175f42] Checking client connection status - Client exists: true"}
{"timestamp":"2026-08-04T16:46:25.3120635-03:00","level":"INFO","instance_id":"c8cdef81-4371-4930-9db2-fa5421175f42","message":"[c8cdef81-4371-4930-9db2-fa5421175f42] Client successfully validated - Connected: true"}
{"timestamp":"2026-08-04T16:46:27.0075414-03:00","level":"INFO","instance_id":"c8cdef81-4371-4930-9db2-fa5421175f42","message":"[c8cdef81-4371-4930-9db2-fa5421175f42] Checking client connection status - Client exists: true"}
{"timestamp":"2026-08-04T16:46:27.0075414-03:00","level":"INFO","instance_id":"c8cdef81-4371-4930-9db2-fa5421175f42","message":"[c8cdef81-4371-4930-9db2-fa5421175f42] Client successfully validated - Connected: true"}
{"timestamp":"2026-08-04T16:46:29.3265324-03:00","level":"INFO","instance_id":"c8cdef81-4371-4930-9db2-fa5421175f42","message":"[c8cdef81-4371-4930-9db2-fa5421175f42] Checking client connection status - Client exists: true"}
{"timestamp":"2026-08-04T16:46:29.3265324-03:00","level":"INFO","instance_id":"c8cdef81-4371-4930-9db2-fa5421175f42","message":"[c8cdef81-4371-4930-9db2-fa5421175f42] Client successfully validated - Connected: true"}
{"timestamp":"2026-08-04T16:46:29.8424597-03:00","level":"INFO","instance_id":"c8cdef81-4371-4930-9db2-fa5421175f42","message":"[c8cdef81-4371-4930-9db2-fa5421175f42] Checking client connection status - Client exists: true"}
{"timestamp":"2026-08-04T16:46:29.8424597-03:00","level":"INFO","instance_id":"c8cdef81-4371-4930-9db2-fa5421175f42","message":"[c8cdef81-4371-4930-9db2-fa5421175f42] Client successfully validated - Connected: true"}
{"timestamp":"2026-08-04T16:46:32.3225922-03:00","level":"INFO","instance_id":"c8cdef81-4371-4930-9db2-fa5421175f42","message":"[c8cdef81-4371-4930-9db2-fa5421175f42] Checking client connection status - Client exists: true"}
{"timestamp":"2026-08-04T16:46:32.3225922-03:00","level":"INFO","instance_id":"c8cdef81-4371-4930-9db2-fa5421175f42","message":"[c8cdef81-4371-4930-9db2-fa5421175f42] Client successfully validated - Connected: true"}
{"timestamp":"2026-08-04T16:46:34.0065763-03:00","level":"INFO","instance_id":"c8cdef81-4371-4930-9db2-fa5421175f42","message":"[c8cdef81-4371-4930-9db2-fa5421175f42] Checking client connection status - Client exists: true"}
{"timestamp":"2026-08-04T16:46:34.0065763-03:00","level":"INFO","instance_id":"c8cdef81-4371-4930-9db2-fa5421175f42","message":"[c8cdef81-4371-4930-9db2-fa5421175f42] Client successfully validated - Connected: true"}
{"timestamp":"2026-08-04T16:46:36.3117487-03:00","level":"INFO","instance_id":"c8cdef81-4371-4930-9db2-fa5421175f42","message":"[c8cdef81-4371-4930-9db2-fa5421175f42] Checking client connection status - Client exists: true"}
{"timestamp":"2026-08-04T16:46:36.3117487-03:00","level":"INFO","instance_id":"c8cdef81-4371-4930-9db2-fa5421175f42","message":"[c8cdef81-4371-4930-9db2-fa5421175f42] Client successfully validated - Connected: true"}
{"timestamp":"2026-08-04T16:46:38.0043299-03:00","level":"INFO","instance_id":"c8cdef81-4371-4930-9db2-fa5421175f42","message":"[c8cdef81-4371-4930-9db2-fa5421175f42] Checking client connection status - Client exists: true"}
{"timestamp":"2026-08-04T16:46:38.0043299-03:00","level":"INFO","instance_id":"c8cdef81-4371-4930-9db2-fa5421175f42","message":"[c8cdef81-4371-4930-9db2-fa5421175f42] Client successfully validated - Connected: true"}
{"timestamp":"2026-08-04T16:46:39.3684604-03:00","level":"INFO","instance_id":"c8cdef81-4371-4930-9db2-fa5421175f42","message":"[c8cdef81-4371-4930-9db2-fa5421175f42] Checking client connection status - Client exists: true"}
{"timestamp":"2026-08-04T16:46:39.3684604-03:00","level":"INFO","instance_id":"c8cdef81-4371-4930-9db2-fa5421175f42","message":"[c8cdef81-4371-4930-9db2-fa5421175f42] Client successfully validated - Connected: true"}
{"timestamp":"2026-08-04T16:46:41.0033468-03:00","level":"INFO","instance_id":"c8cdef81-4371-4930-9db2-fa5421175f42","message":"[c8cdef81-4371-4930-9db2-fa5421175f42] Checking client connection status - Client exists: true"}
{"timestamp":"2026-08-04T16:46:41.0033468-03:00","level":"INFO","instance_id":"c8cdef81-4371-4930-9db2-fa5421175f42","message":"[c8cdef81-4371-4930-9db2-fa5421175f42] Client successfully validated - Connected: true"}
{"timestamp":"2026-08-04T16:46:43.3110985-03:00","level":"INFO","instance_id":"c8cdef81-4371-4930-9db2-fa5421175f42","message":"[c8cdef81-4371-4930-9db2-fa5421175f42] Checking client connection status - Client exists: true"}
{"timestamp":"2026-08-04T16:46:43.3110985-03:00","level":"INFO","instance_id":"c8cdef81-4371-4930-9db2-fa5421175f42","message":"[c8cdef81-4371-4930-9db2-fa5421175f42] Client successfully validated - Connected: true"}
{"timestamp":"2026-08-04T16:46:45.0087425-03:00","level":"INFO","instance_id":"c8cdef81-4371-4930-9db2-fa5421175f42","message":"[c8cdef81-4371-4930-9db2-fa5421175f42] Checking client connection status - Client exists: true"}
{"timestamp":"2026-08-04T16:46:45.0087425-03:00","level":"INFO","instance_id":"c8cdef81-4371-4930-9db2-fa5421175f42","message":"[c8cdef81-4371-4930-9db2-fa5421175f42] Client successfully validated - Connected: true"}
{"timestamp":"2026-08-04T16:46:47.3194163-03:00","level":"INFO","instance_id":"c8cdef81-4371-4930-9db2-fa5421175f42","message":"[c8cdef81-4371-4930-9db2-fa5421175f42] Checking client connection status - Client exists: true"}
{"timestamp":"2026-08-04T16:46:47.3194163-03:00","level":"INFO","instance_id":"c8cdef81-4371-4930-9db2-fa5421175f42","message":"[c8cdef81-4371-4930-9db2-fa5421175f42] Client successfully validated - Connected: true"}
{"timestamp":"2026-08-04T16:46:47.9281507-03:00","level":"INFO","instance_id":"c8cdef81-4371-4930-9db2-fa5421175f42","message":"[c8cdef81-4371-4930-9db2-fa5421175f42] Checking client connection status - Client exists: true"}
{"timestamp":"2026-08-04T16:46:47.9281507-03:00","level":"INFO","instance_id":"c8cdef81-4371-4930-9db2-fa5421175f42","message":"[c8cdef81-4371-4930-9db2-fa5421175f42] Client successfully validated - Connected: true"}
{"timestamp":"2026-08-04T16:46:50.3181869-03:00","level":"INFO","instance_id":"c8cdef81-4371-4930-9db2-fa5421175f42","message":"[c8cdef81-4371-4930-9db2-fa5421175f42] Checking client connection status - Client exists: true"}
{"timestamp":"2026-08-04T16:46:50.3181869-03:00","level":"INFO","instance_id":"c8cdef81-4371-4930-9db2-fa5421175f42","message":"[c8cdef81-4371-4930-9db2-fa5421175f42] Client successfully validated - Connected: true"}
{"timestamp":"2026-08-04T16:46:52.0055365-03:00","level":"INFO","instance_id":"c8cdef81-4371-4930-9db2-fa5421175f42","message":"[c8cdef81-4371-4930-9db2-fa5421175f42] Checking client connection status - Client exists: true"}
{"timestamp":"2026-08-04T16:46:52.0055365-03:00","level":"INFO","instance_id":"c8cdef81-4371-4930-9db2-fa5421175f42","message":"[c8cdef81-4371-4930-9db2-fa5421175f42] Client successfully validated - Connected: true"}
{"timestamp":"2026-08-04T16:46:54.3184265-03:00","level":"INFO","instance_id":"c8cdef81-4371-4930-9db2-fa5421175f42","message":"[c8cdef81-4371-4930-9db2-fa5421175f42] Checking client connection status - Client exists: true"}
{"timestamp":"2026-08-04T16:46:54.3184265-03:00","level":"INFO","instance_id":"c8cdef81-4371-4930-9db2-fa5421175f42","message":"[c8cdef81-4371-4930-9db2-fa5421175f42] Client successfully validated - Connected: true"}
{"timestamp":"2026-08-04T16:46:56.0035002-03:00","level":"INFO","instance_id":"c8cdef81-4371-4930-9db2-fa5421175f42","message":"[c8cdef81-4371-4930-9db2-fa5421175f42] Checking client connection status - Client exists: true"}
{"timestamp":"2026-08-04T16:46:56.0035002-03:00","level":"INFO","instance_id":"c8cdef81-4371-4930-9db2-fa5421175f42","message":"[c8cdef81-4371-4930-9db2-fa5421175f42] Client successfully validated - Connected: true"}
{"timestamp":"2026-08-04T16:46:57.3091478-03:00","level":"INFO","instance_id":"c8cdef81-4371-4930-9db2-fa5421175f42","message":"[c8cdef81-4371-4930-9db2-fa5421175f42] Checking client connection status - Client exists: true"}
{"timestamp":"2026-08-04T16:46:57.3091478-03:00","level":"INFO","instance_id":"c8cdef81-4371-4930-9db2-fa5421175f42","message":"[c8cdef81-4371-4930-9db2-fa5421175f42] Client successfully validated - Connected: true"}
{"timestamp":"2026-08-04T16:46:59.0074375-03:00","level":"INFO","instance_id":"c8cdef81-4371-4930-9db2-fa5421175f42","message":"[c8cdef81-4371-4930-9db2-fa5421175f42] Checking client connection status - Client exists: true"}
{"timestamp":"2026-08-04T16:46:59.0074375-03:00","level":"INFO","instance_id":"c8cdef81-4371-4930-9db2-fa5421175f42","message":"[c8cdef81-4371-4930-9db2-fa5421175f42] Client successfully validated - Connected: true"}
{"timestamp":"2026-08-04T16:47:01.3149067-03:00","level":"INFO","instance_id":"c8cdef81-4371-4930-9db2-fa5421175f42","message":"[c8cdef81-4371-4930-9db2-fa5421175f42] Checking client connection status - Client exists: true"}
{"timestamp":"2026-08-04T16:47:01.3149067-03:00","level":"INFO","instance_id":"c8cdef81-4371-4930-9db2-fa5421175f42","message":"[c8cdef81-4371-4930-9db2-fa5421175f42] Client successfully validated - Connected: true"}
{"timestamp":"2026-08-04T16:47:03.0078726-03:00","level":"INFO","instance_id":"c8cdef81-4371-4930-9db2-fa5421175f42","message":"[c8cdef81-4371-4930-9db2-fa5421175f42] Checking client connection status - Client exists: true"}
{"timestamp":"2026-08-04T16:47:03.0078726-03:00","level":"INFO","instance_id":"c8cdef81-4371-4930-9db2-fa5421175f42","message":"[c8cdef81-4371-4930-9db2-fa5421175f42] Client successfully validated - Connected: true"}
{"timestamp":"2026-08-04T16:47:05.3169196-03:00","level":"INFO","instance_id":"c8cdef81-4371-4930-9db2-fa5421175f42","message":"[c8cdef81-4371-4930-9db2-fa5421175f42] Checking client connection status - Client exists: true"}
{"timestamp":"2026-08-04T16:47:05.3169196-03:00","level":"INFO","instance_id":"c8cdef81-4371-4930-9db2-fa5421175f42","message":"[c8cdef81-4371-4930-9db2-fa5421175f42] Client successfully validated - Connected: true"}
{"timestamp":"2026-08-04T16:47:05.8393984-03:00","level":"INFO","instance_id":"c8cdef81-4371-4930-9db2-fa5421175f42","message":"[c8cdef81-4371-4930-9db2-fa5421175f42] Checking client connection status - Client exists: true"}
{"timestamp":"2026-08-04T16:47:05.8393984-03:00","level":"INFO","instance_id":"c8cdef81-4371-4930-9db2-fa5421175f42","message":"[c8cdef81-4371-4930-9db2-fa5421175f42] Client successfully validated - Connected: true"}
{"timestamp":"2026-08-04T16:47:08.3141934-03:00","level":"INFO","instance_id":"c8cdef81-4371-4930-9db2-fa5421175f42","message":"[c8cdef81-4371-4930-9db2-fa5421175f42] Checking client connection status - Client exists: true"}
{"timestamp":"2026-08-04T16:47:08.3141934-03:00","level":"INFO","instance_id":"c8cdef81-4371-4930-9db2-fa5421175f42","message":"[c8cdef81-4371-4930-9db2-fa5421175f42] Client successfully validated - Connected: true"}
{"timestamp":"2026-08-04T16:47:10.0093672-03:00","level":"INFO","instance_id":"c8cdef81-4371-4930-9db2-fa5421175f42","message":"[c8cdef81-4371-4930-9db2-fa5421175f42] Checking client connection status - Client exists: true"}
{"timestamp":"2026-08-04T16:47:10.0093672-03:00","level":"INFO","instance_id":"c8cdef81-4371-4930-9db2-fa5421175f42","message":"[c8cdef81-4371-4930-9db2-fa5421175f42] Client successfully validated - Connected: true"}
{"timestamp":"2026-08-04T16:47:12.3069624-03:00","level":"INFO","instance_id":"c8cdef81-4371-4930-9db2-fa5421175f42","message":"[c8cdef81-4371-4930-9db2-fa5421175f42] Checking client connection status - Client exists: true"}
{"timestamp":"2026-08-04T16:47:12.3069624-03:00","level":"INFO","instance_id":"c8cdef81-4371-4930-9db2-fa5421175f42","message":"[c8cdef81-4371-4930-9db2-fa5421175f42] Client successfully validated - Connected: true"}
{"timestamp":"2026-08-04T16:47:14.0345416-03:00","level":"INFO","instance_id":"c8cdef81-4371-4930-9db2-fa5421175f42","message":"[c8cdef81-4371-4930-9db2-fa5421175f42] Checking client connection status - Client exists: true"}
{"timestamp":"2026-08-04T16:47:14.0345416-03:00","level":"INFO","instance_id":"c8cdef81-4371-4930-9db2-fa5421175f42","message":"[c8cdef81-4371-4930-9db2-fa5421175f42] Client successfully validated - Connected: true"}
{"timestamp":"2026-08-04T16:47:15.2983215-03:00","level":"INFO","instance_id":"c8cdef81-4371-4930-9db2-fa5421175f42","message":"[c8cdef81-4371-4930-9db2-fa5421175f42] Checking client connection status - Client exists: true"}
{"timestamp":"2026-08-04T16:47:15.2983215-03:00","level":"INFO","instance_id":"c8cdef81-4371-4930-9db2-fa5421175f42","message":"[c8cdef81-4371-4930-9db2-fa5421175f42] Client successfully validated - Connected: true"}
{"timestamp":"2026-08-04T16:47:17.0011739-03:00","level":"INFO","instance_id":"c8cdef81-4371-4930-9db2-fa5421175f42","message":"[c8cdef81-4371-4930-9db2-fa5421175f42] Checking client connection status - Client exists: true"}
{"timestamp":"2026-08-04T16:47:17.0011739-03:00","level":"INFO","instance_id":"c8cdef81-4371-4930-9db2-fa5421175f42","message":"[c8cdef81-4371-4930-9db2-fa5421175f42] Client successfully validated - Connected: true"}
{"timestamp":"2026-08-04T16:47:19.3188319-03:00","level":"INFO","instance_id":"c8cdef81-4371-4930-9db2-fa5421175f42","message":"[c8cdef81-4371-4930-9db2-fa5421175f42] Checking client connection status - Client exists: true"}
{"timestamp":"2026-08-04T16:47:19.3188319-03:00","level":"INFO","instance_id":"c8cdef81-4371-4930-9db2-fa5421175f42","message":"[c8cdef81-4371-4930-9db2-fa5421175f42] Client successfully validated - Connected: true"}
{"timestamp":"2026-08-04T16:47:21.0064423-03:00","level":"INFO","instance_id":"c8cdef81-4371-4930-9db2-fa5421175f42","message":"[c8cdef81-4371-4930-9db2-fa5421175f42] Checking client connection status - Client exists: true"}
{"timestamp":"2026-08-04T16:47:21.0064423-03:00","level":"INFO","instance_id":"c8cdef81-4371-4930-9db2-fa5421175f42","message":"[c8cdef81-4371-4930-9db2-fa5421175f42] Client successfully validated - Connected: true"}
{"timestamp":"2026-08-04T16:47:23.3039328-03:00","level":"INFO","instance_id":"c8cdef81-4371-4930-9db2-fa5421175f42","message":"[c8cdef81-4371-4930-9db2-fa5421175f42] Checking client connection status - Client exists: true"}
{"timestamp":"2026-08-04T16:47:23.3039328-03:00","level":"INFO","instance_id":"c8cdef81-4371-4930-9db2-fa5421175f42","message":"[c8cdef81-4371-4930-9db2-fa5421175f42] Client successfully validated - Connected: true"}
{"timestamp":"2026-08-04T16:47:23.8428378-03:00","level":"INFO","instance_id":"c8cdef81-4371-4930-9db2-fa5421175f42","message":"[c8cdef81-4371-4930-9db2-fa5421175f42] Checking client connection status - Client exists: true"}
{"timestamp":"2026-08-04T16:47:23.8428378-03:00","level":"INFO","instance_id":"c8cdef81-4371-4930-9db2-fa5421175f42","message":"[c8cdef81-4371-4930-9db2-fa5421175f42] Client successfully validated - Connected: true"}
{"timestamp":"2026-08-04T16:47:26.3165993-03:00","level":"INFO","instance_id":"c8cdef81-4371-4930-9db2-fa5421175f42","message":"[c8cdef81-4371-4930-9db2-fa5421175f42] Checking client connection status - Client exists: true"}
{"timestamp":"2026-08-04T16:47:26.3165993-03:00","level":"INFO","instance_id":"c8cdef81-4371-4930-9db2-fa5421175f42","message":"[c8cdef81-4371-4930-9db2-fa5421175f42] Client successfully validated - Connected: true"}
{"timestamp":"2026-08-04T16:47:28.0032772-03:00","level":"INFO","instance_id":"c8cdef81-4371-4930-9db2-fa5421175f42","message":"[c8cdef81-4371-4930-9db2-fa5421175f42] Checking client connection status - Client exists: true"}
{"timestamp":"2026-08-04T16:47:28.0032772-03:00","level":"INFO","instance_id":"c8cdef81-4371-4930-9db2-fa5421175f42","message":"[c8cdef81-4371-4930-9db2-fa5421175f42] Client successfully validated - Connected: true"}
{"timestamp":"2026-08-04T16:47:30.314783-03:00","level":"INFO","instance_id":"c8cdef81-4371-4930-9db2-fa5421175f42","message":"[c8cdef81-4371-4930-9db2-fa5421175f42] Checking client connection status - Client exists: true"}
{"timestamp":"2026-08-04T16:47:30.314783-03:00","level":"INFO","instance_id":"c8cdef81-4371-4930-9db2-fa5421175f42","message":"[c8cdef81-4371-4930-9db2-fa5421175f42] Client successfully validated - Connected: true"}
{"timestamp":"2026-08-04T16:47:31.9909463-03:00","level":"INFO","instance_id":"c8cdef81-4371-4930-9db2-fa5421175f42","message":"[c8cdef81-4371-4930-9db2-fa5421175f42] Checking client connection status - Client exists: true"}
{"timestamp":"2026-08-04T16:47:31.9909463-03:00","level":"INFO","instance_id":"c8cdef81-4371-4930-9db2-fa5421175f42","message":"[c8cdef81-4371-4930-9db2-fa5421175f42] Client successfully validated - Connected: true"}
{"timestamp":"2026-08-04T16:47:33.3115255-03:00","level":"INFO","instance_id":"c8cdef81-4371-4930-9db2-fa5421175f42","message":"[c8cdef81-4371-4930-9db2-fa5421175f42] Checking client connection status - Client exists: true"}
{"timestamp":"2026-08-04T16:47:33.3115255-03:00","level":"INFO","instance_id":"c8cdef81-4371-4930-9db2-fa5421175f42","message":"[c8cdef81-4371-4930-9db2-fa5421175f42] Client successfully validated - Connected: true"}
{"timestamp":"2026-08-04T16:47:34.9980695-03:00","level":"INFO","instance_id":"c8cdef81-4371-4930-9db2-fa5421175f42","message":"[c8cdef81-4371-4930-9db2-fa5421175f42] Checking client connection status - Client exists: true"}
{"timestamp":"2026-08-04T16:47:34.9980695-03:00","level":"INFO","instance_id":"c8cdef81-4371-4930-9db2-fa5421175f42","message":"[c8cdef81-4371-4930-9db2-fa5421175f42] Client successfully validated - Connected: true"}
{"timestamp":"2026-08-04T16:47:37.3166642-03:00","level":"INFO","instance_id":"c8cdef81-4371-4930-9db2-fa5421175f42","message":"[c8cdef81-4371-4930-9db2-fa5421175f42] Checking client connection status - Client exists: true"}
{"timestamp":"2026-08-04T16:47:37.3166642-03:00","level":"INFO","instance_id":"c8cdef81-4371-4930-9db2-fa5421175f42","message":"[c8cdef81-4371-4930-9db2-fa5421175f42] Client successfully validated - Connected: true"}
{"timestamp":"2026-08-04T16:47:39.0043917-03:00","level":"INFO","instance_id":"c8cdef81-4371-4930-9db2-fa5421175f42","message":"[c8cdef81-4371-4930-9db2-fa5421175f42] Checking client connection status - Client exists: true"}
{"timestamp":"2026-08-04T16:47:39.0043917-03:00","level":"INFO","instance_id":"c8cdef81-4371-4930-9db2-fa5421175f42","message":"[c8cdef81-4371-4930-9db2-fa5421175f42] Client successfully validated - Connected: true"}
{"timestamp":"2026-08-04T16:47:41.3092888-03:00","level":"INFO","instance_id":"c8cdef81-4371-4930-9db2-fa5421175f42","message":"[c8cdef81-4371-4930-9db2-fa5421175f42] Checking client connection status - Client exists: true"}
{"timestamp":"2026-08-04T16:47:41.3092888-03:00","level":"INFO","instance_id":"c8cdef81-4371-4930-9db2-fa5421175f42","message":"[c8cdef81-4371-4930-9db2-fa5421175f42] Client successfully validated - Connected: true"}
{"timestamp":"2026-08-04T16:47:41.8362067-03:00","level":"INFO","instance_id":"c8cdef81-4371-4930-9db2-fa5421175f42","message":"[c8cdef81-4371-4930-9db2-fa5421175f42] Checking client connection status - Client exists: true"}
{"timestamp":"2026-08-04T16:47:41.8362067-03:00","level":"INFO","instance_id":"c8cdef81-4371-4930-9db2-fa5421175f42","message":"[c8cdef81-4371-4930-9db2-fa5421175f42] Client successfully validated - Connected: true"}
{"timestamp":"2026-08-04T16:47:44.3100962-03:00","level":"INFO","instance_id":"c8cdef81-4371-4930-9db2-fa5421175f42","message":"[c8cdef81-4371-4930-9db2-fa5421175f42] Checking client connection status - Client exists: true"}
{"timestamp":"2026-08-04T16:47:44.3100962-03:00","level":"INFO","instance_id":"c8cdef81-4371-4930-9db2-fa5421175f42","message":"[c8cdef81-4371-4930-9db2-fa5421175f42] Client successfully validated - Connected: true"}
{"timestamp":"2026-08-04T16:47:46.0101905-03:00","level":"INFO","instance_id":"c8cdef81-4371-4930-9db2-fa5421175f42","message":"[c8cdef81-4371-4930-9db2-fa5421175f42] Checking client connection status - Client exists: true"}
{"timestamp":"2026-08-04T16:47:46.0101905-03:00","level":"INFO","instance_id":"c8cdef81-4371-4930-9db2-fa5421175f42","message":"[c8cdef81-4371-4930-9db2-fa5421175f42] Client successfully validated - Connected: true"}
{"timestamp":"2026-08-04T16:47:48.3119008-03:00","level":"INFO","instance_id":"c8cdef81-4371-4930-9db2-fa5421175f42","message":"[c8cdef81-4371-4930-9db2-fa5421175f42] Checking client connection status - Client exists: true"}
{"timestamp":"2026-08-04T16:47:48.3119008-03:00","level":"INFO","instance_id":"c8cdef81-4371-4930-9db2-fa5421175f42","message":"[c8cdef81-4371-4930-9db2-fa5421175f42] Client successfully validated - Connected: true"}
{"timestamp":"2026-08-04T16:47:49.9937907-03:00","level":"INFO","instance_id":"c8cdef81-4371-4930-9db2-fa5421175f42","message":"[c8cdef81-4371-4930-9db2-fa5421175f42] Checking client connection status - Client exists: true"}
{"timestamp":"2026-08-04T16:47:49.9937907-03:00","level":"INFO","instance_id":"c8cdef81-4371-4930-9db2-fa5421175f42","message":"[c8cdef81-4371-4930-9db2-fa5421175f42] Client successfully validated - Connected: true"}
{"timestamp":"2026-08-04T16:47:51.3046393-03:00","level":"INFO","instance_id":"c8cdef81-4371-4930-9db2-fa5421175f42","message":"[c8cdef81-4371-4930-9db2-fa5421175f42] Checking client connection status - Client exists: true"}
{"timestamp":"2026-08-04T16:47:51.3046393-03:00","level":"INFO","instance_id":"c8cdef81-4371-4930-9db2-fa5421175f42","message":"[c8cdef81-4371-4930-9db2-fa5421175f42] Client successfully validated - Connected: true"}
{"timestamp":"2026-08-04T16:47:52.9993996-03:00","level":"INFO","instance_id":"c8cdef81-4371-4930-9db2-fa5421175f42","message":"[c8cdef81-4371-4930-9db2-fa5421175f42] Checking client connection status - Client exists: true"}
{"timestamp":"2026-08-04T16:47:52.9993996-03:00","level":"INFO","instance_id":"c8cdef81-4371-4930-9db2-fa5421175f42","message":"[c8cdef81-4371-4930-9db2-fa5421175f42] Client successfully validated - Connected: true"}
{"timestamp":"2026-08-04T16:47:55.3128509-03:00","level":"INFO","instance_id":"c8cdef81-4371-4930-9db2-fa5421175f42","message":"[c8cdef81-4371-4930-9db2-fa5421175f42] Checking client connection status - Client exists: true"}
{"timestamp":"2026-08-04T16:47:55.3128509-03:00","level":"INFO","instance_id":"c8cdef81-4371-4930-9db2-fa5421175f42","message":"[c8cdef81-4371-4930-9db2-fa5421175f42] Client successfully validated - Connected: true"}
{"timestamp":"2026-08-04T16:47:57.0004248-03:00","level":"INFO","instance_id":"c8cdef81-4371-4930-9db2-fa5421175f42","message":"[c8cdef81-4371-4930-9db2-fa5421175f42] Checking client connection status - Client exists: true"}
{"timestamp":"2026-08-04T16:47:57.0004248-03:00","level":"INFO","instance_id":"c8cdef81-4371-4930-9db2-fa5421175f42","message":"[c8cdef81-4371-4930-9db2-fa5421175f42] Client successfully validated - Connected: true"}
{"timestamp":"2026-08-04T16:47:59.3186974-03:00","level":"INFO","instance_id":"c8cdef81-4371-4930-9db2-fa5421175f42","message":"[c8cdef81-4371-4930-9db2-fa5421175f42] Checking client connection status - Client exists: true"}
{"timestamp":"2026-08-04T16:47:59.3186974-03:00","level":"INFO","instance_id":"c8cdef81-4371-4930-9db2-fa5421175f42","message":"[c8cdef81-4371-4930-9db2-fa5421175f42] Client successfully validated - Connected: true"}
{"timestamp":"2026-08-04T16:47:59.8402687-03:00","level":"INFO","instance_id":"c8cdef81-4371-4930-9db2-fa5421175f42","message":"[c8cdef81-4371-4930-9db2-fa5421175f42] Checking client connection status - Client exists: true"}
{"timestamp":"2026-08-04T16:47:59.8402687-03:00","level":"INFO","instance_id":"c8cdef81-4371-4930-9db2-fa5421175f42","message":"[c8cdef81-4371-4930-9db2-fa5421175f42] Client successfully validated - Connected: true"}
{"timestamp":"2026-08-04T16:48:02.3069248-03:00","level":"INFO","instance_id":"c8cdef81-4371-4930-9db2-fa5421175f42","message":"[c8cdef81-4371-4930-9db2-fa5421175f42] Checking client connection status - Client exists: true"}
{"timestamp":"2026-08-04T16:48:02.3069248-03:00","level":"INFO","instance_id":"c8cdef81-4371-4930-9db2-fa5421175f42","message":"[c8cdef81-4371-4930-9db2-fa5421175f42] Client successfully validated - Connected: true"}
{"timestamp":"2026-08-04T16:48:04.001875-03:00","level":"INFO","instance_id":"c8cdef81-4371-4930-9db2-fa5421175f42","message":"[c8cdef81-4371-4930-9db2-fa5421175f42] Checking client connection status - Client exists: true"}
{"timestamp":"2026-08-04T16:48:04.001875-03:00","level":"INFO","instance_id":"c8cdef81-4371-4930-9db2-fa5421175f42","message":"[c8cdef81-4371-4930-9db2-fa5421175f42] Client successfully validated - Connected: true"}
{"timestamp":"2026-08-04T16:48:06.3134012-03:00","level":"INFO","instance_id":"c8cdef81-4371-4930-9db2-fa5421175f42","message":"[c8cdef81-4371-4930-9db2-fa5421175f42] Checking client connection status - Client exists: true"}
{"timestamp":"2026-08-04T16:48:06.3134012-03:00","level":"INFO","instance_id":"c8cdef81-4371-4930-9db2-fa5421175f42","message":"[c8cdef81-4371-4930-9db2-fa5421175f42] Client successfully validated - Connected: true"}
{"timestamp":"2026-08-04T16:48:07.9931952-03:00","level":"INFO","instance_id":"c8cdef81-4371-4930-9db2-fa5421175f42","message":"[c8cdef81-4371-4930-9db2-fa5421175f42] Checking client connection status - Client exists: true"}
{"timestamp":"2026-08-04T16:48:07.9931952-03:00","level":"INFO","instance_id":"c8cdef81-4371-4930-9db2-fa5421175f42","message":"[c8cdef81-4371-4930-9db2-fa5421175f42] Client successfully validated - Connected: true"}
{"timestamp":"2026-08-04T16:48:09.3047667-03:00","level":"INFO","instance_id":"c8cdef81-4371-4930-9db2-fa5421175f42","message":"[c8cdef81-4371-4930-9db2-fa5421175f42] Checking client connection status - Client exists: true"}
{"timestamp":"2026-08-04T16:48:09.3047667-03:00","level":"INFO","instance_id":"c8cdef81-4371-4930-9db2-fa5421175f42","message":"[c8cdef81-4371-4930-9db2-fa5421175f42] Client successfully validated - Connected: true"}
{"timestamp":"2026-08-04T16:48:11.0056102-03:00","level":"INFO","instance_id":"c8cdef81-4371-4930-9db2-fa5421175f42","message":"[c8cdef81-4371-4930-9db2-fa5421175f42] Checking client connection status - Client exists: true"}
{"timestamp":"2026-08-04T16:48:11.0056102-03:00","level":"INFO","instance_id":"c8cdef81-4371-4930-9db2-fa5421175f42","message":"[c8cdef81-4371-4930-9db2-fa5421175f42] Client successfully validated - Connected: true"}
{"timestamp":"2026-08-04T16:48:13.3035668-03:00","level":"INFO","instance_id":"c8cdef81-4371-4930-9db2-fa5421175f42","message":"[c8cdef81-4371-4930-9db2-fa5421175f42] Checking client connection status - Client exists: true"}
{"timestamp":"2026-08-04T16:48:13.3035668-03:00","level":"INFO","instance_id":"c8cdef81-4371-4930-9db2-fa5421175f42","message":"[c8cdef81-4371-4930-9db2-fa5421175f42] Client successfully validated - Connected: true"}
{"timestamp":"2026-08-04T16:48:14.9987797-03:00","level":"INFO","instance_id":"c8cdef81-4371-4930-9db2-fa5421175f42","message":"[c8cdef81-4371-4930-9db2-fa5421175f42] Checking client connection status - Client exists: true"}
{"timestamp":"2026-08-04T16:48:14.9987797-03:00","level":"INFO","instance_id":"c8cdef81-4371-4930-9db2-fa5421175f42","message":"[c8cdef81-4371-4930-9db2-fa5421175f42] Client successfully validated - Connected: true"}
{"timestamp":"2026-08-04T16:48:17.3063159-03:00","level":"INFO","instance_id":"c8cdef81-4371-4930-9db2-fa5421175f42","message":"[c8cdef81-4371-4930-9db2-fa5421175f42] Checking client connection status - Client exists: true"}
{"timestamp":"2026-08-04T16:48:17.3063159-03:00","level":"INFO","instance_id":"c8cdef81-4371-4930-9db2-fa5421175f42","message":"[c8cdef81-4371-4930-9db2-fa5421175f42] Client successfully validated - Connected: true"}
{"timestamp":"2026-08-04T16:48:17.8307513-03:00","level":"INFO","instance_id":"c8cdef81-4371-4930-9db2-fa5421175f42","message":"[c8cdef81-4371-4930-9db2-fa5421175f42] Checking client connection status - Client exists: true"}
{"timestamp":"2026-08-04T16:48:17.8312587-03:00","level":"INFO","instance_id":"c8cdef81-4371-4930-9db2-fa5421175f42","message":"[c8cdef81-4371-4930-9db2-fa5421175f42] Client successfully validated - Connected: true"}
{"timestamp":"2026-08-04T16:48:20.3070165-03:00","level":"INFO","instance_id":"c8cdef81-4371-4930-9db2-fa5421175f42","message":"[c8cdef81-4371-4930-9db2-fa5421175f42] Checking client connection status - Client exists: true"}
{"timestamp":"2026-08-04T16:48:20.3070165-03:00","level":"INFO","instance_id":"c8cdef81-4371-4930-9db2-fa5421175f42","message":"[c8cdef81-4371-4930-9db2-fa5421175f42] Client successfully validated - Connected: true"}
{"timestamp":"2026-08-04T16:48:21.9907593-03:00","level":"INFO","instance_id":"c8cdef81-4371-4930-9db2-fa5421175f42","message":"[c8cdef81-4371-4930-9db2-fa5421175f42] Checking client connection status - Client exists: true"}
{"timestamp":"2026-08-04T16:48:21.9907593-03:00","level":"INFO","instance_id":"c8cdef81-4371-4930-9db2-fa5421175f42","message":"[c8cdef81-4371-4930-9db2-fa5421175f42] Client successfully validated - Connected: true"}
{"timestamp":"2026-08-04T16:48:24.3094651-03:00","level":"INFO","instance_id":"c8cdef81-4371-4930-9db2-fa5421175f42","message":"[c8cdef81-4371-4930-9db2-fa5421175f42] Checking client connection status - Client exists: true"}
{"timestamp":"2026-08-04T16:48:24.3094651-03:00","level":"INFO","instance_id":"c8cdef81-4371-4930-9db2-fa5421175f42","message":"[c8cdef81-4371-4930-9db2-fa5421175f42] Client successfully validated - Connected: true"}
{"timestamp":"2026-08-04T16:48:26.0076814-03:00","level":"INFO","instance_id":"c8cdef81-4371-4930-9db2-fa5421175f42","message":"[c8cdef81-4371-4930-9db2-fa5421175f42] Checking client connection status - Client exists: true"}
{"timestamp":"2026-08-04T16:48:26.0076814-03:00","level":"INFO","instance_id":"c8cdef81-4371-4930-9db2-fa5421175f42","message":"[c8cdef81-4371-4930-9db2-fa5421175f42] Client successfully validated - Connected: true"}
{"timestamp":"2026-08-04T16:48:27.3183317-03:00","level":"INFO","instance_id":"c8cdef81-4371-4930-9db2-fa5421175f42","message":"[c8cdef81-4371-4930-9db2-fa5421175f42] Checking client connection status - Client exists: true"}
{"timestamp":"2026-08-04T16:48:27.3183317-03:00","level":"INFO","instance_id":"c8cdef81-4371-4930-9db2-fa5421175f42","message":"[c8cdef81-4371-4930-9db2-fa5421175f42] Client successfully validated - Connected: true"}
{"timestamp":"2026-08-04T16:48:29.0050192-03:00","level":"INFO","instance_id":"c8cdef81-4371-4930-9db2-fa5421175f42","message":"[c8cdef81-4371-4930-9db2-fa5421175f42] Checking client connection status - Client exists: true"}
{"timestamp":"2026-08-04T16:48:29.0050192-03:00","level":"INFO","instance_id":"c8cdef81-4371-4930-9db2-fa5421175f42","message":"[c8cdef81-4371-4930-9db2-fa5421175f42] Client successfully validated - Connected: true"}
{"timestamp":"2026-08-04T16:48:31.3144202-03:00","level":"INFO","instance_id":"c8cdef81-4371-4930-9db2-fa5421175f42","message":"[c8cdef81-4371-4930-9db2-fa5421175f42] Checking client connection status - Client exists: true"}
{"timestamp":"2026-08-04T16:48:31.3144202-03:00","level":"INFO","instance_id":"c8cdef81-4371-4930-9db2-fa5421175f42","message":"[c8cdef81-4371-4930-9db2-fa5421175f42] Client successfully validated - Connected: true"}
{"timestamp":"2026-08-04T16:48:33.0011618-03:00","level":"INFO","instance_id":"c8cdef81-4371-4930-9db2-fa5421175f42","message":"[c8cdef81-4371-4930-9db2-fa5421175f42] Checking client connection status - Client exists: true"}
{"timestamp":"2026-08-04T16:48:33.0011618-03:00","level":"INFO","instance_id":"c8cdef81-4371-4930-9db2-fa5421175f42","message":"[c8cdef81-4371-4930-9db2-fa5421175f42] Client successfully validated - Connected: true"}
{"timestamp":"2026-08-04T16:48:35.3047554-03:00","level":"INFO","instance_id":"c8cdef81-4371-4930-9db2-fa5421175f42","message":"[c8cdef81-4371-4930-9db2-fa5421175f42] Checking client connection status - Client exists: true"}
{"timestamp":"2026-08-04T16:48:35.3047554-03:00","level":"INFO","instance_id":"c8cdef81-4371-4930-9db2-fa5421175f42","message":"[c8cdef81-4371-4930-9db2-fa5421175f42] Client successfully validated - Connected: true"}
{"timestamp":"2026-08-04T16:48:35.8420491-03:00","level":"INFO","instance_id":"c8cdef81-4371-4930-9db2-fa5421175f42","message":"[c8cdef81-4371-4930-9db2-fa5421175f42] Checking client connection status - Client exists: true"}
{"timestamp":"2026-08-04T16:48:35.8420491-03:00","level":"INFO","instance_id":"c8cdef81-4371-4930-9db2-fa5421175f42","message":"[c8cdef81-4371-4930-9db2-fa5421175f42] Client successfully validated - Connected: true"}
{"timestamp":"2026-08-04T16:48:38.3052827-03:00","level":"INFO","instance_id":"c8cdef81-4371-4930-9db2-fa5421175f42","message":"[c8cdef81-4371-4930-9db2-fa5421175f42] Checking client connection status - Client exists: true"}
{"timestamp":"2026-08-04T16:48:38.3052827-03:00","level":"INFO","instance_id":"c8cdef81-4371-4930-9db2-fa5421175f42","message":"[c8cdef81-4371-4930-9db2-fa5421175f42] Client successfully validated - Connected: true"}
{"timestamp":"2026-08-04T16:48:40.0024025-03:00","level":"INFO","instance_id":"c8cdef81-4371-4930-9db2-fa5421175f42","message":"[c8cdef81-4371-4930-9db2-fa5421175f42] Checking client connection status - Client exists: true"}
{"timestamp":"2026-08-04T16:48:40.0024025-03:00","level":"INFO","instance_id":"c8cdef81-4371-4930-9db2-fa5421175f42","message":"[c8cdef81-4371-4930-9db2-fa5421175f42] Client successfully validated - Connected: true"}
{"timestamp":"2026-08-04T16:48:42.3100808-03:00","level":"INFO","instance_id":"c8cdef81-4371-4930-9db2-fa5421175f42","message":"[c8cdef81-4371-4930-9db2-fa5421175f42] Checking client connection status - Client exists: true"}
{"timestamp":"2026-08-04T16:48:42.3100808-03:00","level":"INFO","instance_id":"c8cdef81-4371-4930-9db2-fa5421175f42","message":"[c8cdef81-4371-4930-9db2-fa5421175f42] Client successfully validated - Connected: true"}
{"timestamp":"2026-08-04T16:48:43.990067-03:00","level":"INFO","instance_id":"c8cdef81-4371-4930-9db2-fa5421175f42","message":"[c8cdef81-4371-4930-9db2-fa5421175f42] Checking client connection status - Client exists: true"}
{"timestamp":"2026-08-04T16:48:43.990067-03:00","level":"INFO","instance_id":"c8cdef81-4371-4930-9db2-fa5421175f42","message":"[c8cdef81-4371-4930-9db2-fa5421175f42] Client successfully validated - Connected: true"}
{"timestamp":"2026-08-04T16:48:45.3066438-03:00","level":"INFO","instance_id":"c8cdef81-4371-4930-9db2-fa5421175f42","message":"[c8cdef81-4371-4930-9db2-fa5421175f42] Checking client connection status - Client exists: true"}
{"timestamp":"2026-08-04T16:48:45.3066438-03:00","level":"INFO","instance_id":"c8cdef81-4371-4930-9db2-fa5421175f42","message":"[c8cdef81-4371-4930-9db2-fa5421175f42] Client successfully validated - Connected: true"}
{"timestamp":"2026-08-04T16:48:46.9998423-03:00","level":"INFO","instance_id":"c8cdef81-4371-4930-9db2-fa5421175f42","message":"[c8cdef81-4371-4930-9db2-fa5421175f42] Checking client connection status - Client exists: true"}
{"timestamp":"2026-08-04T16:48:46.9998423-03:00","level":"INFO","instance_id":"c8cdef81-4371-4930-9db2-fa5421175f42","message":"[c8cdef81-4371-4930-9db2-fa5421175f42] Client successfully validated - Connected: true"}
{"timestamp":"2026-08-04T16:48:49.3029675-03:00","level":"INFO","instance_id":"c8cdef81-4371-4930-9db2-fa5421175f42","message":"[c8cdef81-4371-4930-9db2-fa5421175f42] Checking client connection status - Client exists: true"}
{"timestamp":"2026-08-04T16:48:49.3029675-03:00","level":"INFO","instance_id":"c8cdef81-4371-4930-9db2-fa5421175f42","message":"[c8cdef81-4371-4930-9db2-fa5421175f42] Client successfully validated - Connected: true"}
{"timestamp":"2026-08-04T16:48:51.0092376-03:00","level":"INFO","instance_id":"c8cdef81-4371-4930-9db2-fa5421175f42","message":"[c8cdef81-4371-4930-9db2-fa5421175f42] Checking client connection status - Client exists: true"}
{"timestamp":"2026-08-04T16:48:51.0092376-03:00","level":"INFO","instance_id":"c8cdef81-4371-4930-9db2-fa5421175f42","message":"[c8cdef81-4371-4930-9db2-fa5421175f42] Client successfully validated - Connected: true"}
{"timestamp":"2026-08-04T16:48:53.322673-03:00","level":"INFO","instance_id":"c8cdef81-4371-4930-9db2-fa5421175f42","message":"[c8cdef81-4371-4930-9db2-fa5421175f42] Checking client connection status - Client exists: true"}
{"timestamp":"2026-08-04T16:48:53.322673-03:00","level":"INFO","instance_id":"c8cdef81-4371-4930-9db2-fa5421175f42","message":"[c8cdef81-4371-4930-9db2-fa5421175f42] Client successfully validated - Connected: true"}
{"timestamp":"2026-08-04T16:48:53.8453286-03:00","level":"INFO","instance_id":"c8cdef81-4371-4930-9db2-fa5421175f42","message":"[c8cdef81-4371-4930-9db2-fa5421175f42] Checking client connection status - Client exists: true"}
{"timestamp":"2026-08-04T16:48:53.8453286-03:00","level":"INFO","instance_id":"c8cdef81-4371-4930-9db2-fa5421175f42","message":"[c8cdef81-4371-4930-9db2-fa5421175f42] Client successfully validated - Connected: true"}
{"timestamp":"2026-08-04T16:48:56.3074124-03:00","level":"INFO","instance_id":"c8cdef81-4371-4930-9db2-fa5421175f42","message":"[c8cdef81-4371-4930-9db2-fa5421175f42] Checking client connection status - Client exists: true"}
{"timestamp":"2026-08-04T16:48:56.3074124-03:00","level":"INFO","instance_id":"c8cdef81-4371-4930-9db2-fa5421175f42","message":"[c8cdef81-4371-4930-9db2-fa5421175f42] Client successfully validated - Connected: true"}
{"timestamp":"2026-08-04T16:48:58.004268-03:00","level":"INFO","instance_id":"c8cdef81-4371-4930-9db2-fa5421175f42","message":"[c8cdef81-4371-4930-9db2-fa5421175f42] Checking client connection status - Client exists: true"}
{"timestamp":"2026-08-04T16:48:58.004268-03:00","level":"INFO","instance_id":"c8cdef81-4371-4930-9db2-fa5421175f42","message":"[c8cdef81-4371-4930-9db2-fa5421175f42] Client successfully validated - Connected: true"}
{"timestamp":"2026-08-04T16:49:00.3063432-03:00","level":"INFO","instance_id":"c8cdef81-4371-4930-9db2-fa5421175f42","message":"[c8cdef81-4371-4930-9db2-fa5421175f42] Checking client connection status - Client exists: true"}
{"timestamp":"2026-08-04T16:49:00.3063432-03:00","level":"INFO","instance_id":"c8cdef81-4371-4930-9db2-fa5421175f42","message":"[c8cdef81-4371-4930-9db2-fa5421175f42] Client successfully validated - Connected: true"}
{"timestamp":"2026-08-04T16:49:02.0008122-03:00","level":"INFO","instance_id":"c8cdef81-4371-4930-9db2-fa5421175f42","message":"[c8cdef81-4371-4930-9db2-fa5421175f42] Checking client connection status - Client exists: true"}
{"timestamp":"2026-08-04T16:49:02.0008122-03:00","level":"INFO","instance_id":"c8cdef81-4371-4930-9db2-fa5421175f42","message":"[c8cdef81-4371-4930-9db2-fa5421175f42] Client successfully validated - Connected: true"}
{"timestamp":"2026-08-04T16:49:03.3142532-03:00","level":"INFO","instance_id":"c8cdef81-4371-4930-9db2-fa5421175f42","message":"[c8cdef81-4371-4930-9db2-fa5421175f42] Checking client connection status - Client exists: true"}
{"timestamp":"2026-08-04T16:49:03.3142532-03:00","level":"INFO","instance_id":"c8cdef81-4371-4930-9db2-fa5421175f42","message":"[c8cdef81-4371-4930-9db2-fa5421175f42] Client successfully validated - Connected: true"}
{"timestamp":"2026-08-04T16:49:04.9931482-03:00","level":"INFO","instance_id":"c8cdef81-4371-4930-9db2-fa5421175f42","message":"[c8cdef81-4371-4930-9db2-fa5421175f42] Checking client connection status - Client exists: true"}
{"timestamp":"2026-08-04T16:49:04.9931482-03:00","level":"INFO","instance_id":"c8cdef81-4371-4930-9db2-fa5421175f42","message":"[c8cdef81-4371-4930-9db2-fa5421175f42] Client successfully validated - Connected: true"}
{"timestamp":"2026-08-04T16:49:07.9222099-03:00","level":"INFO","instance_id":"c8cdef81-4371-4930-9db2-fa5421175f42","message":"[c8cdef81-4371-4930-9db2-fa5421175f42] Checking client connection status - Client exists: true"}
{"timestamp":"2026-08-04T16:49:07.9222099-03:00","level":"INFO","instance_id":"c8cdef81-4371-4930-9db2-fa5421175f42","message":"[c8cdef81-4371-4930-9db2-fa5421175f42] Client successfully validated - Connected: true"}
{"timestamp":"2026-08-04T16:49:08.3356537-03:00","level":"INFO","instance_id":"c8cdef81-4371-4930-9db2-fa5421175f42","message":"[c8cdef81-4371-4930-9db2-fa5421175f42] Checking client connection status - Client exists: true"}
{"timestamp":"2026-08-04T16:49:08.3356537-03:00","level":"INFO","instance_id":"c8cdef81-4371-4930-9db2-fa5421175f42","message":"[c8cdef81-4371-4930-9db2-fa5421175f42] Client successfully validated - Connected: true"}
{"timestamp":"2026-08-04T16:49:10.4307265-03:00","level":"INFO","instance_id":"c8cdef81-4371-4930-9db2-fa5421175f42","message":"[c8cdef81-4371-4930-9db2-fa5421175f42] Checking client connection status - Client exists: true"}
{"timestamp":"2026-08-04T16:49:10.4307265-03:00","level":"INFO","instance_id":"c8cdef81-4371-4930-9db2-fa5421175f42","message":"[c8cdef81-4371-4930-9db2-fa5421175f42] Client successfully validated - Connected: true"}
{"timestamp":"2026-08-04T16:49:11.9251974-03:00","level":"INFO","instance_id":"c8cdef81-4371-4930-9db2-fa5421175f42","message":"[c8cdef81-4371-4930-9db2-fa5421175f42] Checking client connection status - Client exists: true"}
{"timestamp":"2026-08-04T16:49:11.9259141-03:00","level":"INFO","instance_id":"c8cdef81-4371-4930-9db2-fa5421175f42","message":"[c8cdef81-4371-4930-9db2-fa5421175f42] Client successfully validated - Connected: true"}
{"timestamp":"2026-08-04T16:49:14.0437942-03:00","level":"INFO","instance_id":"c8cdef81-4371-4930-9db2-fa5421175f42","message":"[c8cdef81-4371-4930-9db2-fa5421175f42] Checking client connection status - Client exists: true"}
{"timestamp":"2026-08-04T16:49:14.0437942-03:00","level":"INFO","instance_id":"c8cdef81-4371-4930-9db2-fa5421175f42","message":"[c8cdef81-4371-4930-9db2-fa5421175f42] Client successfully validated - Connected: true"}
{"timestamp":"2026-08-04T16:49:15.5262603-03:00","level":"INFO","instance_id":"c8cdef81-4371-4930-9db2-fa5421175f42","message":"[c8cdef81-4371-4930-9db2-fa5421175f42] Checking client connection status - Client exists: true"}
{"timestamp":"2026-08-04T16:49:15.5262603-03:00","level":"INFO","instance_id":"c8cdef81-4371-4930-9db2-fa5421175f42","message":"[c8cdef81-4371-4930-9db2-fa5421175f42] Client successfully validated - Connected: true"}
{"timestamp":"2026-08-04T16:49:17.6430623-03:00","level":"INFO","instance_id":"c8cdef81-4371-4930-9db2-fa5421175f42","message":"[c8cdef81-4371-4930-9db2-fa5421175f42] Checking client connection status - Client exists: true"}
{"timestamp":"2026-08-04T16:49:17.6430623-03:00","level":"INFO","instance_id":"c8cdef81-4371-4930-9db2-fa5421175f42","message":"[c8cdef81-4371-4930-9db2-fa5421175f42] Client successfully validated - Connected: true"}
{"timestamp":"2026-08-04T16:49:19.120986-03:00","level":"INFO","instance_id":"c8cdef81-4371-4930-9db2-fa5421175f42","message":"[c8cdef81-4371-4930-9db2-fa5421175f42] Checking client connection status - Client exists: true"}
{"timestamp":"2026-08-04T16:49:19.120986-03:00","level":"INFO","instance_id":"c8cdef81-4371-4930-9db2-fa5421175f42","message":"[c8cdef81-4371-4930-9db2-fa5421175f42] Client successfully validated - Connected: true"}
{"timestamp":"2026-08-04T16:49:21.2334707-03:00","level":"INFO","instance_id":"c8cdef81-4371-4930-9db2-fa5421175f42","message":"[c8cdef81-4371-4930-9db2-fa5421175f42] Checking client connection status - Client exists: true"}
{"timestamp":"2026-08-04T16:49:21.2334707-03:00","level":"INFO","instance_id":"c8cdef81-4371-4930-9db2-fa5421175f42","message":"[c8cdef81-4371-4930-9db2-fa5421175f42] Client successfully validated - Connected: true"}
{"timestamp":"2026-08-04T16:49:22.7213713-03:00","level":"INFO","instance_id":"c8cdef81-4371-4930-9db2-fa5421175f42","message":"[c8cdef81-4371-4930-9db2-fa5421175f42] Checking client connection status - Client exists: true"}
{"timestamp":"2026-08-04T16:49:22.7213713-03:00","level":"INFO","instance_id":"c8cdef81-4371-4930-9db2-fa5421175f42","message":"[c8cdef81-4371-4930-9db2-fa5421175f42] Client successfully validated - Connected: true"}
{"timestamp":"2026-08-04T16:49:25.5148187-03:00","level":"INFO","instance_id":"c8cdef81-4371-4930-9db2-fa5421175f42","message":"[c8cdef81-4371-4930-9db2-fa5421175f42] Checking client connection status - Client exists: true"}
{"timestamp":"2026-08-04T16:49:25.5148187-03:00","level":"INFO","instance_id":"c8cdef81-4371-4930-9db2-fa5421175f42","message":"[c8cdef81-4371-4930-9db2-fa5421175f42] Client successfully validated - Connected: true"}
{"timestamp":"2026-08-04T16:49:26.3394708-03:00","level":"INFO","instance_id":"c8cdef81-4371-4930-9db2-fa5421175f42","message":"[c8cdef81-4371-4930-9db2-fa5421175f42] Checking client connection status - Client exists: true"}
{"timestamp":"2026-08-04T16:49:26.3394708-03:00","level":"INFO","instance_id":"c8cdef81-4371-4930-9db2-fa5421175f42","message":"[c8cdef81-4371-4930-9db2-fa5421175f42] Client successfully validated - Connected: true"}
{"timestamp":"2026-08-04T16:49:28.4081638-03:00","level":"INFO","instance_id":"c8cdef81-4371-4930-9db2-fa5421175f42","message":"[c8cdef81-4371-4930-9db2-fa5421175f42] Checking client connection status - Client exists: true"}
{"timestamp":"2026-08-04T16:49:28.4081638-03:00","level":"INFO","instance_id":"c8cdef81-4371-4930-9db2-fa5421175f42","message":"[c8cdef81-4371-4930-9db2-fa5421175f42] Client successfully validated - Connected: true"}
{"timestamp":"2026-08-04T16:49:29.9214092-03:00","level":"INFO","instance_id":"c8cdef81-4371-4930-9db2-fa5421175f42","message":"[c8cdef81-4371-4930-9db2-fa5421175f42] Checking client connection status - Client exists: true"}
{"timestamp":"2026-08-04T16:49:29.9214092-03:00","level":"INFO","instance_id":"c8cdef81-4371-4930-9db2-fa5421175f42","message":"[c8cdef81-4371-4930-9db2-fa5421175f42] Client successfully validated - Connected: true"}
{"timestamp":"2026-08-04T16:49:32.0340774-03:00","level":"INFO","instance_id":"c8cdef81-4371-4930-9db2-fa5421175f42","message":"[c8cdef81-4371-4930-9db2-fa5421175f42] Checking client connection status - Client exists: true"}
{"timestamp":"2026-08-04T16:49:32.0340774-03:00","level":"INFO","instance_id":"c8cdef81-4371-4930-9db2-fa5421175f42","message":"[c8cdef81-4371-4930-9db2-fa5421175f42] Client successfully validated - Connected: true"}
{"timestamp":"2026-08-04T16:49:33.5302493-03:00","level":"INFO","instance_id":"c8cdef81-4371-4930-9db2-fa5421175f42","message":"[c8cdef81-4371-4930-9db2-fa5421175f42] Checking client connection status - Client exists: true"}
{"timestamp":"2026-08-04T16:49:33.5302493-03:00","level":"INFO","instance_id":"c8cdef81-4371-4930-9db2-fa5421175f42","message":"[c8cdef81-4371-4930-9db2-fa5421175f42] Client successfully validated - Connected: true"}
{"timestamp":"2026-08-04T16:49:38.2568213-03:00","level":"INFO","instance_id":"c8cdef81-4371-4930-9db2-fa5421175f42","message":"[c8cdef81-4371-4930-9db2-fa5421175f42] Checking client connection status - Client exists: true"}
{"timestamp":"2026-08-04T16:49:38.2568213-03:00","level":"INFO","instance_id":"c8cdef81-4371-4930-9db2-fa5421175f42","message":"[c8cdef81-4371-4930-9db2-fa5421175f42] Client successfully validated - Connected: true"}
{"timestamp":"2026-08-04T16:49:38.8990341-03:00","level":"INFO","instance_id":"c8cdef81-4371-4930-9db2-fa5421175f42","message":"[c8cdef81-4371-4930-9db2-fa5421175f42] Checking client connection status - Client exists: true"}
{"timestamp":"2026-08-04T16:49:38.8990341-03:00","level":"INFO","instance_id":"c8cdef81-4371-4930-9db2-fa5421175f42","message":"[c8cdef81-4371-4930-9db2-fa5421175f42] Client successfully validated - Connected: true"}
{"timestamp":"2026-08-04T16:49:40.2271581-03:00","level":"INFO","instance_id":"c8cdef81-4371-4930-9db2-fa5421175f42","message":"[c8cdef81-4371-4930-9db2-fa5421175f42] Checking client connection status - Client exists: true"}
{"timestamp":"2026-08-04T16:49:40.2271581-03:00","level":"INFO","instance_id":"c8cdef81-4371-4930-9db2-fa5421175f42","message":"[c8cdef81-4371-4930-9db2-fa5421175f42] Client successfully validated - Connected: true"}
{"timestamp":"2026-08-04T16:49:41.8970616-03:00","level":"INFO","instance_id":"c8cdef81-4371-4930-9db2-fa5421175f42","message":"[c8cdef81-4371-4930-9db2-fa5421175f42] Checking client connection status - Client exists: true"}
{"timestamp":"2026-08-04T16:49:41.8970616-03:00","level":"INFO","instance_id":"c8cdef81-4371-4930-9db2-fa5421175f42","message":"[c8cdef81-4371-4930-9db2-fa5421175f42] Client successfully validated - Connected: true"}
{"timestamp":"2026-08-04T16:49:43.9914329-03:00","level":"INFO","instance_id":"c8cdef81-4371-4930-9db2-fa5421175f42","message":"[c8cdef81-4371-4930-9db2-fa5421175f42] Checking client connection status - Client exists: true"}
{"timestamp":"2026-08-04T16:49:43.9914329-03:00","level":"INFO","instance_id":"c8cdef81-4371-4930-9db2-fa5421175f42","message":"[c8cdef81-4371-4930-9db2-fa5421175f42] Client successfully validated - Connected: true"}
{"timestamp":"2026-08-04T16:49:45.4835648-03:00","level":"INFO","instance_id":"c8cdef81-4371-4930-9db2-fa5421175f42","message":"[c8cdef81-4371-4930-9db2-fa5421175f42] Checking client connection status - Client exists: true"}
{"timestamp":"2026-08-04T16:49:45.4835648-03:00","level":"INFO","instance_id":"c8cdef81-4371-4930-9db2-fa5421175f42","message":"[c8cdef81-4371-4930-9db2-fa5421175f42] Client successfully validated - Connected: true"}
{"timestamp":"2026-08-04T16:49:47.6013821-03:00","level":"INFO","instance_id":"c8cdef81-4371-4930-9db2-fa5421175f42","message":"[c8cdef81-4371-4930-9db2-fa5421175f42] Checking client connection status - Client exists: true"}
{"timestamp":"2026-08-04T16:49:47.6013821-03:00","level":"INFO","instance_id":"c8cdef81-4371-4930-9db2-fa5421175f42","message":"[c8cdef81-4371-4930-9db2-fa5421175f42] Client successfully validated - Connected: true"}
{"timestamp":"2026-08-04T16:49:49.0834993-03:00","level":"INFO","instance_id":"c8cdef81-4371-4930-9db2-fa5421175f42","message":"[c8cdef81-4371-4930-9db2-fa5421175f42] Checking client connection status - Client exists: true"}
{"timestamp":"2026-08-04T16:49:49.0834993-03:00","level":"INFO","instance_id":"c8cdef81-4371-4930-9db2-fa5421175f42","message":"[c8cdef81-4371-4930-9db2-fa5421175f42] Client successfully validated - Connected: true"}
{"timestamp":"2026-08-04T16:49:51.1921249-03:00","level":"INFO","instance_id":"c8cdef81-4371-4930-9db2-fa5421175f42","message":"[c8cdef81-4371-4930-9db2-fa5421175f42] Checking client connection status - Client exists: true"}
{"timestamp":"2026-08-04T16:49:51.1921249-03:00","level":"INFO","instance_id":"c8cdef81-4371-4930-9db2-fa5421175f42","message":"[c8cdef81-4371-4930-9db2-fa5421175f42] Client successfully validated - Connected: true"}
{"timestamp":"2026-08-04T16:49:52.6872625-03:00","level":"INFO","instance_id":"c8cdef81-4371-4930-9db2-fa5421175f42","message":"[c8cdef81-4371-4930-9db2-fa5421175f42] Checking client connection status - Client exists: true"}
{"timestamp":"2026-08-04T16:49:52.6872625-03:00","level":"INFO","instance_id":"c8cdef81-4371-4930-9db2-fa5421175f42","message":"[c8cdef81-4371-4930-9db2-fa5421175f42] Client successfully validated - Connected: true"}
{"timestamp":"2026-08-04T16:49:54.810588-03:00","level":"INFO","instance_id":"c8cdef81-4371-4930-9db2-fa5421175f42","message":"[c8cdef81-4371-4930-9db2-fa5421175f42] Checking client connection status - Client exists: true"}
{"timestamp":"2026-08-04T16:49:54.810588-03:00","level":"INFO","instance_id":"c8cdef81-4371-4930-9db2-fa5421175f42","message":"[c8cdef81-4371-4930-9db2-fa5421175f42] Client successfully validated - Connected: true"}
{"timestamp":"2026-08-04T16:49:56.2967553-03:00","level":"INFO","instance_id":"c8cdef81-4371-4930-9db2-fa5421175f42","message":"[c8cdef81-4371-4930-9db2-fa5421175f42] Checking client connection status - Client exists: true"}
{"timestamp":"2026-08-04T16:49:56.2967553-03:00","level":"INFO","instance_id":"c8cdef81-4371-4930-9db2-fa5421175f42","message":"[c8cdef81-4371-4930-9db2-fa5421175f42] Client successfully validated - Connected: true"}
{"timestamp":"2026-08-04T16:49:58.3997318-03:00","level":"INFO","instance_id":"c8cdef81-4371-4930-9db2-fa5421175f42","message":"[c8cdef81-4371-4930-9db2-fa5421175f42] Checking client connection status - Client exists: true"}
{"timestamp":"2026-08-04T16:49:58.3997318-03:00","level":"INFO","instance_id":"c8cdef81-4371-4930-9db2-fa5421175f42","message":"[c8cdef81-4371-4930-9db2-fa5421175f42] Client successfully validated - Connected: true"}
{"timestamp":"2026-08-04T16:49:59.8856044-03:00","level":"INFO","instance_id":"c8cdef81-4371-4930-9db2-fa5421175f42","message":"[c8cdef81-4371-4930-9db2-fa5421175f42] Checking client connection status - Client exists: true"}
{"timestamp":"2026-08-04T16:49:59.8856044-03:00","level":"INFO","instance_id":"c8cdef81-4371-4930-9db2-fa5421175f42","message":"[c8cdef81-4371-4930-9db2-fa5421175f42] Client successfully validated - Connected: true"}
{"timestamp":"2026-08-04T16:50:02.4027109-03:00","level":"INFO","instance_id":"c8cdef81-4371-4930-9db2-fa5421175f42","message":"[c8cdef81-4371-4930-9db2-fa5421175f42] Checking client connection status - Client exists: true"}
{"timestamp":"2026-08-04T16:50:02.4027109-03:00","level":"INFO","instance_id":"c8cdef81-4371-4930-9db2-fa5421175f42","message":"[c8cdef81-4371-4930-9db2-fa5421175f42] Client successfully validated - Connected: true"}
{"timestamp":"2026-08-04T16:50:03.4847799-03:00","level":"INFO","instance_id":"c8cdef81-4371-4930-9db2-fa5421175f42","message":"[c8cdef81-4371-4930-9db2-fa5421175f42] Checking client connection status - Client exists: true"}
{"timestamp":"2026-08-04T16:50:03.4847799-03:00","level":"INFO","instance_id":"c8cdef81-4371-4930-9db2-fa5421175f42","message":"[c8cdef81-4371-4930-9db2-fa5421175f42] Client successfully validated - Connected: true"}
{"timestamp":"2026-08-04T16:50:05.5895165-03:00","level":"INFO","instance_id":"c8cdef81-4371-4930-9db2-fa5421175f42","message":"[c8cdef81-4371-4930-9db2-fa5421175f42] Checking client connection status - Client exists: true"}
{"timestamp":"2026-08-04T16:50:05.5895165-03:00","level":"INFO","instance_id":"c8cdef81-4371-4930-9db2-fa5421175f42","message":"[c8cdef81-4371-4930-9db2-fa5421175f42] Client successfully validated - Connected: true"}
{"timestamp":"2026-08-04T16:50:07.0849044-03:00","level":"INFO","instance_id":"c8cdef81-4371-4930-9db2-fa5421175f42","message":"[c8cdef81-4371-4930-9db2-fa5421175f42] Checking client connection status - Client exists: true"}
{"timestamp":"2026-08-04T16:50:07.0849044-03:00","level":"INFO","instance_id":"c8cdef81-4371-4930-9db2-fa5421175f42","message":"[c8cdef81-4371-4930-9db2-fa5421175f42] Client successfully validated - Connected: true"}
{"timestamp":"2026-08-04T16:50:09.2039499-03:00","level":"INFO","instance_id":"c8cdef81-4371-4930-9db2-fa5421175f42","message":"[c8cdef81-4371-4930-9db2-fa5421175f42] Checking client connection status - Client exists: true"}
{"timestamp":"2026-08-04T16:50:09.2039499-03:00","level":"INFO","instance_id":"c8cdef81-4371-4930-9db2-fa5421175f42","message":"[c8cdef81-4371-4930-9db2-fa5421175f42] Client successfully validated - Connected: true"}
{"timestamp":"2026-08-04T16:50:10.6824684-03:00","level":"INFO","instance_id":"c8cdef81-4371-4930-9db2-fa5421175f42","message":"[c8cdef81-4371-4930-9db2-fa5421175f42] Checking client connection status - Client exists: true"}
{"timestamp":"2026-08-04T16:50:10.6824684-03:00","level":"INFO","instance_id":"c8cdef81-4371-4930-9db2-fa5421175f42","message":"[c8cdef81-4371-4930-9db2-fa5421175f42] Client successfully validated - Connected: true"}
{"timestamp":"2026-08-04T16:50:12.7984969-03:00","level":"INFO","instance_id":"c8cdef81-4371-4930-9db2-fa5421175f42","message":"[c8cdef81-4371-4930-9db2-fa5421175f42] Checking client connection status - Client exists: true"}
{"timestamp":"2026-08-04T16:50:12.7984969-03:00","level":"INFO","instance_id":"c8cdef81-4371-4930-9db2-fa5421175f42","message":"[c8cdef81-4371-4930-9db2-fa5421175f42] Client successfully validated - Connected: true"}
{"timestamp":"2026-08-04T16:50:14.282451-03:00","level":"INFO","instance_id":"c8cdef81-4371-4930-9db2-fa5421175f42","message":"[c8cdef81-4371-4930-9db2-fa5421175f42] Checking client connection status - Client exists: true"}
{"timestamp":"2026-08-04T16:50:14.282451-03:00","level":"INFO","instance_id":"c8cdef81-4371-4930-9db2-fa5421175f42","message":"[c8cdef81-4371-4930-9db2-fa5421175f42] Client successfully validated - Connected: true"}
{"timestamp":"2026-08-04T16:50:16.3967035-03:00","level":"INFO","instance_id":"c8cdef81-4371-4930-9db2-fa5421175f42","message":"[c8cdef81-4371-4930-9db2-fa5421175f42] Checking client connection status - Client exists: true"}
{"timestamp":"2026-08-04T16:50:16.3967035-03:00","level":"INFO","instance_id":"c8cdef81-4371-4930-9db2-fa5421175f42","message":"[c8cdef81-4371-4930-9db2-fa5421175f42] Client successfully validated - Connected: true"}
{"timestamp":"2026-08-04T16:50:17.8941118-03:00","level":"INFO","instance_id":"c8cdef81-4371-4930-9db2-fa5421175f42","message":"[c8cdef81-4371-4930-9db2-fa5421175f42] Checking client connection status - Client exists: true"}
{"timestamp":"2026-08-04T16:50:17.8941118-03:00","level":"INFO","instance_id":"c8cdef81-4371-4930-9db2-fa5421175f42","message":"[c8cdef81-4371-4930-9db2-fa5421175f42] Client successfully validated - Connected: true"}
{"timestamp":"2026-08-04T16:50:19.9992944-03:00","level":"INFO","instance_id":"c8cdef81-4371-4930-9db2-fa5421175f42","message":"[c8cdef81-4371-4930-9db2-fa5421175f42] Checking client connection status - Client exists: true"}
{"timestamp":"2026-08-04T16:50:19.9992944-03:00","level":"INFO","instance_id":"c8cdef81-4371-4930-9db2-fa5421175f42","message":"[c8cdef81-4371-4930-9db2-fa5421175f42] Client successfully validated - Connected: true"}
{"timestamp":"2026-08-04T16:50:21.4890932-03:00","level":"INFO","instance_id":"c8cdef81-4371-4930-9db2-fa5421175f42","message":"[c8cdef81-4371-4930-9db2-fa5421175f42] Checking client connection status - Client exists: true"}
{"timestamp":"2026-08-04T16:50:21.4890932-03:00","level":"INFO","instance_id":"c8cdef81-4371-4930-9db2-fa5421175f42","message":"[c8cdef81-4371-4930-9db2-fa5421175f42] Client successfully validated - Connected: true"}
{"timestamp":"2026-08-04T16:50:23.2829677-03:00","level":"INFO","instance_id":"c8cdef81-4371-4930-9db2-fa5421175f42","message":"[c8cdef81-4371-4930-9db2-fa5421175f42] Checking client connection status - Client exists: true"}
{"timestamp":"2026-08-04T16:50:23.2829677-03:00","level":"INFO","instance_id":"c8cdef81-4371-4930-9db2-fa5421175f42","message":"[c8cdef81-4371-4930-9db2-fa5421175f42] Client successfully validated - Connected: true"}
{"timestamp":"2026-08-04T16:50:25.0871472-03:00","level":"INFO","instance_id":"c8cdef81-4371-4930-9db2-fa5421175f42","message":"[c8cdef81-4371-4930-9db2-fa5421175f42] Checking client connection status - Client exists: true"}
{"timestamp":"2026-08-04T16:50:25.0871472-03:00","level":"INFO","instance_id":"c8cdef81-4371-4930-9db2-fa5421175f42","message":"[c8cdef81-4371-4930-9db2-fa5421175f42] Client successfully validated - Connected: true"}
{"timestamp":"2026-08-04T16:50:27.1963874-03:00","level":"INFO","instance_id":"c8cdef81-4371-4930-9db2-fa5421175f42","message":"[c8cdef81-4371-4930-9db2-fa5421175f42] Checking client connection status - Client exists: true"}
{"timestamp":"2026-08-04T16:50:27.1963874-03:00","level":"INFO","instance_id":"c8cdef81-4371-4930-9db2-fa5421175f42","message":"[c8cdef81-4371-4930-9db2-fa5421175f42] Client successfully validated - Connected: true"}
{"timestamp":"2026-08-04T16:50:28.6859074-03:00","level":"INFO","instance_id":"c8cdef81-4371-4930-9db2-fa5421175f42","message":"[c8cdef81-4371-4930-9db2-fa5421175f42] Checking client connection status - Client exists: true"}
{"timestamp":"2026-08-04T16:50:28.6859074-03:00","level":"INFO","instance_id":"c8cdef81-4371-4930-9db2-fa5421175f42","message":"[c8cdef81-4371-4930-9db2-fa5421175f42] Client successfully validated - Connected: true"}
{"timestamp":"2026-08-04T16:50:30.8321762-03:00","level":"INFO","instance_id":"c8cdef81-4371-4930-9db2-fa5421175f42","message":"[c8cdef81-4371-4930-9db2-fa5421175f42] Checking client connection status - Client exists: true"}
{"timestamp":"2026-08-04T16:50:30.8321762-03:00","level":"INFO","instance_id":"c8cdef81-4371-4930-9db2-fa5421175f42","message":"[c8cdef81-4371-4930-9db2-fa5421175f42] Client successfully validated - Connected: true"}
{"timestamp":"2026-08-04T16:50:32.2883234-03:00","level":"INFO","instance_id":"c8cdef81-4371-4930-9db2-fa5421175f42","message":"[c8cdef81-4371-4930-9db2-fa5421175f42] Checking client connection status - Client exists: true"}
{"timestamp":"2026-08-04T16:50:32.2883234-03:00","level":"INFO","instance_id":"c8cdef81-4371-4930-9db2-fa5421175f42","message":"[c8cdef81-4371-4930-9db2-fa5421175f42] Client successfully validated - Connected: true"}
{"timestamp":"2026-08-04T16:50:34.4046163-03:00","level":"INFO","instance_id":"c8cdef81-4371-4930-9db2-fa5421175f42","message":"[c8cdef81-4371-4930-9db2-fa5421175f42] Checking client connection status - Client exists: true"}
{"timestamp":"2026-08-04T16:50:34.4046163-03:00","level":"INFO","instance_id":"c8cdef81-4371-4930-9db2-fa5421175f42","message":"[c8cdef81-4371-4930-9db2-fa5421175f42] Client successfully validated - Connected: true"}
{"timestamp":"2026-08-04T16:50:35.8791959-03:00","level":"INFO","instance_id":"c8cdef81-4371-4930-9db2-fa5421175f42","message":"[c8cdef81-4371-4930-9db2-fa5421175f42] Checking client connection status - Client exists: true"}
{"timestamp":"2026-08-04T16:50:35.8791959-03:00","level":"INFO","instance_id":"c8cdef81-4371-4930-9db2-fa5421175f42","message":"[c8cdef81-4371-4930-9db2-fa5421175f42] Client successfully validated - Connected: true"}
{"timestamp":"2026-08-04T16:50:37.9837513-03:00","level":"INFO","instance_id":"c8cdef81-4371-4930-9db2-fa5421175f42","message":"[c8cdef81-4371-4930-9db2-fa5421175f42] Checking client connection status - Client exists: true"}
{"timestamp":"2026-08-04T16:50:37.9837513-03:00","level":"INFO","instance_id":"c8cdef81-4371-4930-9db2-fa5421175f42","message":"[c8cdef81-4371-4930-9db2-fa5421175f42] Client successfully validated - Connected: true"}
{"timestamp":"2026-08-04T16:50:41.2918817-03:00","level":"INFO","instance_id":"c8cdef81-4371-4930-9db2-fa5421175f42","message":"[c8cdef81-4371-4930-9db2-fa5421175f42] Checking client connection status - Client exists: true"}
{"timestamp":"2026-08-04T16:50:41.2918817-03:00","level":"INFO","instance_id":"c8cdef81-4371-4930-9db2-fa5421175f42","message":"[c8cdef81-4371-4930-9db2-fa5421175f42] Client successfully validated - Connected: true"}
{"timestamp":"2026-08-04T16:50:41.7684991-03:00","level":"INFO","instance_id":"c8cdef81-4371-4930-9db2-fa5421175f42","message":"[c8cdef81-4371-4930-9db2-fa5421175f42] Checking client connection status - Client exists: true"}
{"timestamp":"2026-08-04T16:50:41.7684991-03:00","level":"INFO","instance_id":"c8cdef81-4371-4930-9db2-fa5421175f42","message":"[c8cdef81-4371-4930-9db2-fa5421175f42] Client successfully validated - Connected: true"}
{"timestamp":"2026-08-04T16:50:43.3916868-03:00","level":"INFO","instance_id":"c8cdef81-4371-4930-9db2-fa5421175f42","message":"[c8cdef81-4371-4930-9db2-fa5421175f42] Checking client connection status - Client exists: true"}
{"timestamp":"2026-08-04T16:50:43.3916868-03:00","level":"INFO","instance_id":"c8cdef81-4371-4930-9db2-fa5421175f42","message":"[c8cdef81-4371-4930-9db2-fa5421175f42] Client successfully validated - Connected: true"}
{"timestamp":"2026-08-04T16:50:44.8830332-03:00","level":"INFO","instance_id":"c8cdef81-4371-4930-9db2-fa5421175f42","message":"[c8cdef81-4371-4930-9db2-fa5421175f42] Checking client connection status - Client exists: true"}
{"timestamp":"2026-08-04T16:50:44.8830332-03:00","level":"INFO","instance_id":"c8cdef81-4371-4930-9db2-fa5421175f42","message":"[c8cdef81-4371-4930-9db2-fa5421175f42] Client successfully validated - Connected: true"}
{"timestamp":"2026-08-04T16:50:46.9907433-03:00","level":"INFO","instance_id":"c8cdef81-4371-4930-9db2-fa5421175f42","message":"[c8cdef81-4371-4930-9db2-fa5421175f42] Checking client connection status - Client exists: true"}
{"timestamp":"2026-08-04T16:50:46.9907433-03:00","level":"INFO","instance_id":"c8cdef81-4371-4930-9db2-fa5421175f42","message":"[c8cdef81-4371-4930-9db2-fa5421175f42] Client successfully validated - Connected: true"}
{"timestamp":"2026-08-04T16:50:48.4857113-03:00","level":"INFO","instance_id":"c8cdef81-4371-4930-9db2-fa5421175f42","message":"[c8cdef81-4371-4930-9db2-fa5421175f42] Checking client connection status - Client exists: true"}
{"timestamp":"2026-08-04T16:50:48.4857113-03:00","level":"INFO","instance_id":"c8cdef81-4371-4930-9db2-fa5421175f42","message":"[c8cdef81-4371-4930-9db2-fa5421175f42] Client successfully validated - Connected: true"}
{"timestamp":"2026-08-04T16:50:50.5916722-03:00","level":"INFO","instance_id":"c8cdef81-4371-4930-9db2-fa5421175f42","message":"[c8cdef81-4371-4930-9db2-fa5421175f42] Checking client connection status - Client exists: true"}
{"timestamp":"2026-08-04T16:50:50.5916722-03:00","level":"INFO","instance_id":"c8cdef81-4371-4930-9db2-fa5421175f42","message":"[c8cdef81-4371-4930-9db2-fa5421175f42] Client successfully validated - Connected: true"}
{"timestamp":"2026-08-04T16:50:52.0849607-03:00","level":"INFO","instance_id":"c8cdef81-4371-4930-9db2-fa5421175f42","message":"[c8cdef81-4371-4930-9db2-fa5421175f42] Checking client connection status - Client exists: true"}
{"timestamp":"2026-08-04T16:50:52.0849607-03:00","level":"INFO","instance_id":"c8cdef81-4371-4930-9db2-fa5421175f42","message":"[c8cdef81-4371-4930-9db2-fa5421175f42] Client successfully validated - Connected: true"}
{"timestamp":"2026-08-04T16:50:54.1930105-03:00","level":"INFO","instance_id":"c8cdef81-4371-4930-9db2-fa5421175f42","message":"[c8cdef81-4371-4930-9db2-fa5421175f42] Checking client connection status - Client exists: true"}
{"timestamp":"2026-08-04T16:50:54.1930105-03:00","level":"INFO","instance_id":"c8cdef81-4371-4930-9db2-fa5421175f42","message":"[c8cdef81-4371-4930-9db2-fa5421175f42] Client successfully validated - Connected: true"}
{"timestamp":"2026-08-04T16:51:05.140556-03:00","level":"INFO","instance_id":"c8cdef81-4371-4930-9db2-fa5421175f42","message":"[c8cdef81-4371-4930-9db2-fa5421175f42] Checking client connection status - Client exists: true"}
{"timestamp":"2026-08-04T16:51:05.1413492-03:00","level":"INFO","instance_id":"c8cdef81-4371-4930-9db2-fa5421175f42","message":"[c8cdef81-4371-4930-9db2-fa5421175f42] Client successfully validated - Connected: true"}
{"timestamp":"2026-08-04T16:51:05.6096709-03:00","level":"INFO","instance_id":"c8cdef81-4371-4930-9db2-fa5421175f42","message":"[c8cdef81-4371-4930-9db2-fa5421175f42] Checking client connection status - Client exists: true"}
{"timestamp":"2026-08-04T16:51:05.6096709-03:00","level":"INFO","instance_id":"c8cdef81-4371-4930-9db2-fa5421175f42","message":"[c8cdef81-4371-4930-9db2-fa5421175f42] Client successfully validated - Connected: true"}
{"timestamp":"2026-08-04T16:51:07.0995898-03:00","level":"INFO","instance_id":"c8cdef81-4371-4930-9db2-fa5421175f42","message":"[c8cdef81-4371-4930-9db2-fa5421175f42] Checking client connection status - Client exists: true"}
{"timestamp":"2026-08-04T16:51:07.1007286-03:00","level":"INFO","instance_id":"c8cdef81-4371-4930-9db2-fa5421175f42","message":"[c8cdef81-4371-4930-9db2-fa5421175f42] Client successfully validated - Connected: true"}
{"timestamp":"2026-08-04T16:51:08.7453227-03:00","level":"INFO","instance_id":"c8cdef81-4371-4930-9db2-fa5421175f42","message":"[c8cdef81-4371-4930-9db2-fa5421175f42] Checking client connection status - Client exists: true"}
{"timestamp":"2026-08-04T16:51:08.7453227-03:00","level":"INFO","instance_id":"c8cdef81-4371-4930-9db2-fa5421175f42","message":"[c8cdef81-4371-4930-9db2-fa5421175f42] Client successfully validated - Connected: true"}
{"timestamp":"2026-08-04T16:51:10.8556453-03:00","level":"INFO","instance_id":"c8cdef81-4371-4930-9db2-fa5421175f42","message":"[c8cdef81-4371-4930-9db2-fa5421175f42] Checking client connection status - Client exists: true"}
{"timestamp":"2026-08-04T16:51:10.8556453-03:00","level":"INFO","instance_id":"c8cdef81-4371-4930-9db2-fa5421175f42","message":"[c8cdef81-4371-4930-9db2-fa5421175f42] Client successfully validated - Connected: true"}
{"timestamp":"2026-08-04T16:51:12.3454899-03:00","level":"INFO","instance_id":"c8cdef81-4371-4930-9db2-fa5421175f42","message":"[c8cdef81-4371-4930-9db2-fa5421175f42] Checking client connection status - Client exists: true"}
{"timestamp":"2026-08-04T16:51:12.3454899-03:00","level":"INFO","instance_id":"c8cdef81-4371-4930-9db2-fa5421175f42","message":"[c8cdef81-4371-4930-9db2-fa5421175f42] Client successfully validated - Connected: true"}
{"timestamp":"2026-08-04T16:51:14.4601646-03:00","level":"INFO","instance_id":"c8cdef81-4371-4930-9db2-fa5421175f42","message":"[c8cdef81-4371-4930-9db2-fa5421175f42] Checking client connection status - Client exists: true"}
{"timestamp":"2026-08-04T16:51:14.4601646-03:00","level":"INFO","instance_id":"c8cdef81-4371-4930-9db2-fa5421175f42","message":"[c8cdef81-4371-4930-9db2-fa5421175f42] Client successfully validated - Connected: true"}
{"timestamp":"2026-08-04T16:51:15.9556326-03:00","level":"INFO","instance_id":"c8cdef81-4371-4930-9db2-fa5421175f42","message":"[c8cdef81-4371-4930-9db2-fa5421175f42] Checking client connection status - Client exists: true"}
{"timestamp":"2026-08-04T16:51:15.9556326-03:00","level":"INFO","instance_id":"c8cdef81-4371-4930-9db2-fa5421175f42","message":"[c8cdef81-4371-4930-9db2-fa5421175f42] Client successfully validated - Connected: true"}
{"timestamp":"2026-08-04T16:51:50.506631-03:00","level":"INFO","instance_id":"c8cdef81-4371-4930-9db2-fa5421175f42","message":"[c8cdef81-4371-4930-9db2-fa5421175f42] SendText attempt 1/3"}
{"timestamp":"2026-08-04T16:51:50.506631-03:00","level":"INFO","instance_id":"c8cdef81-4371-4930-9db2-fa5421175f42","message":"[c8cdef81-4371-4930-9db2-fa5421175f42] Connection attempt 1/2"}
{"timestamp":"2026-08-04T16:51:50.506631-03:00","level":"INFO","instance_id":"c8cdef81-4371-4930-9db2-fa5421175f42","message":"[c8cdef81-4371-4930-9db2-fa5421175f42] Checking client connection status - Client exists: true"}
{"timestamp":"2026-08-04T16:51:50.506631-03:00","level":"INFO","instance_id":"c8cdef81-4371-4930-9db2-fa5421175f42","message":"[c8cdef81-4371-4930-9db2-fa5421175f42] Client successfully validated - Connected: true"}
{"timestamp":"2026-08-04T16:51:50.5072606-03:00","level":"INFO","instance_id":"c8cdef81-4371-4930-9db2-fa5421175f42","message":"[c8cdef81-4371-4930-9db2-fa5421175f42] SendMessage called for number: +556299999999@s.whatsapp.net, type: ExtendedTextMessage"}
{"timestamp":"2026-08-04T16:51:50.5072606-03:00","level":"INFO","instance_id":"c8cdef81-4371-4930-9db2-fa5421175f42","message":"[c8cdef81-4371-4930-9db2-fa5421175f42] Checking client connection status - Client exists: true"}
{"timestamp":"2026-08-04T16:51:50.5072606-03:00","level":"INFO","instance_id":"c8cdef81-4371-4930-9db2-fa5421175f42","message":"[c8cdef81-4371-4930-9db2-fa5421175f42] Client successfully validated - Connected: true"}
{"timestamp":"2026-08-04T16:51:50.9306757-03:00","level":"INFO","instance_id":"c8cdef81-4371-4930-9db2-fa5421175f42","message":"[c8cdef81-4371-4930-9db2-fa5421175f42] Number +556299999999@s.whatsapp.net verified as valid WhatsApp user, using remoteJID: 556299999999@s.whatsapp.net"}
{"timestamp":"2026-08-04T16:51:50.9306757-03:00","level":"INFO","instance_id":"c8cdef81-4371-4930-9db2-fa5421175f42","message":"[c8cdef81-4371-4930-9db2-fa5421175f42] Recipient validated: 556299999999@s.whatsapp.net (Server: s.whatsapp.net)"}
{"timestamp":"2026-08-04T16:51:50.9313659-03:00","level":"INFO","instance_id":"c8cdef81-4371-4930-9db2-fa5421175f42","message":"[c8cdef81-4371-4930-9db2-fa5421175f42] Sending message to 556299999999@s.whatsapp.net with ID 3EB05BED3801F43069A91E"}
{"timestamp":"2026-08-04T16:52:03.5719875-03:00","level":"INFO","instance_id":"c8cdef81-4371-4930-9db2-fa5421175f42","message":"[c8cdef81-4371-4930-9db2-fa5421175f42] Message sent successfully! ServerID: 0"}
{"timestamp":"2026-08-04T16:52:03.5719875-03:00","level":"INFO","instance_id":"c8cdef81-4371-4930-9db2-fa5421175f42","message":"[c8cdef81-4371-4930-9db2-fa5421175f42] Message sent to +556299999999@s.whatsapp.net"}
{"timestamp":"2026-08-04T16:52:03.5719875-03:00","level":"INFO","instance_id":"c8cdef81-4371-4930-9db2-fa5421175f42","message":"[c8cdef81-4371-4930-9db2-fa5421175f42] SendText successful on attempt 1"}
{"timestamp":"2026-08-04T16:52:03.5719875-03:00","level":"INFO","instance_id":"c8cdef81-4371-4930-9db2-fa5421175f42","message":"[c8cdef81-4371-4930-9db2-fa5421175f42] subscriptions [MESSAGE] eventType SendMessage"}
{"timestamp":"2026-08-04T16:52:03.9641767-03:00","level":"INFO","instance_id":"c8cdef81-4371-4930-9db2-fa5421175f42","message":"[c8cdef81-4371-4930-9db2-fa5421175f42] Receipt received with ID: 3EB05BED3801F43069A91E from 15509143740569:5@lid in 149581480382570@lid with type sender"}
{"timestamp":"2026-08-04T16:52:04.5150413-03:00","level":"INFO","instance_id":"c8cdef81-4371-4930-9db2-fa5421175f42","message":"[c8cdef81-4371-4930-9db2-fa5421175f42] Receipt received with ID: 3EB05BED3801F43069A91E from 15509143740569:99@lid in 149581480382570@lid with type "}
{"timestamp":"2026-08-04T16:52:04.5150413-03:00","level":"INFO","instance_id":"c8cdef81-4371-4930-9db2-fa5421175f42","message":"[c8cdef81-4371-4930-9db2-fa5421175f42] Message delivered to 15509143740569:99@lid in 149581480382570@lid"}
{"timestamp":"2026-08-04T16:52:04.5150413-03:00","level":"INFO","instance_id":"c8cdef81-4371-4930-9db2-fa5421175f42","message":"[c8cdef81-4371-4930-9db2-fa5421175f42] ===== DISPATCHING WEBHOOK ===== Event: Receipt, Queue: c8cdef81-4371-4930-9db2-fa5421175f42.receipt, DataSize: 504 bytes"}
{"timestamp":"2026-08-04T16:52:04.5150413-03:00","level":"INFO","instance_id":"c8cdef81-4371-4930-9db2-fa5421175f42","message":"[c8cdef81-4371-4930-9db2-fa5421175f42] subscriptions [MESSAGE] eventType Receipt"}
{"timestamp":"2026-08-04T16:52:20.5336938-03:00","level":"INFO","instance_id":"c8cdef81-4371-4930-9db2-fa5421175f42","message":"[c8cdef81-4371-4930-9db2-fa5421175f42] SendText attempt 1/3"}
{"timestamp":"2026-08-04T16:52:20.5336938-03:00","level":"INFO","instance_id":"c8cdef81-4371-4930-9db2-fa5421175f42","message":"[c8cdef81-4371-4930-9db2-fa5421175f42] Connection attempt 1/2"}
{"timestamp":"2026-08-04T16:52:20.5341992-03:00","level":"INFO","instance_id":"c8cdef81-4371-4930-9db2-fa5421175f42","message":"[c8cdef81-4371-4930-9db2-fa5421175f42] Checking client connection status - Client exists: true"}
{"timestamp":"2026-08-04T16:52:20.5341992-03:00","level":"INFO","instance_id":"c8cdef81-4371-4930-9db2-fa5421175f42","message":"[c8cdef81-4371-4930-9db2-fa5421175f42] Client successfully validated - Connected: true"}
{"timestamp":"2026-08-04T16:52:20.5341992-03:00","level":"INFO","instance_id":"c8cdef81-4371-4930-9db2-fa5421175f42","message":"[c8cdef81-4371-4930-9db2-fa5421175f42] SendMessage called for number: +556298612492@s.whatsapp.net, type: ExtendedTextMessage"}
{"timestamp":"2026-08-04T16:52:20.5341992-03:00","level":"INFO","instance_id":"c8cdef81-4371-4930-9db2-fa5421175f42","message":"[c8cdef81-4371-4930-9db2-fa5421175f42] Checking client connection status - Client exists: true"}
{"timestamp":"2026-08-04T16:52:20.5341992-03:00","level":"INFO","instance_id":"c8cdef81-4371-4930-9db2-fa5421175f42","message":"[c8cdef81-4371-4930-9db2-fa5421175f42] Client successfully validated - Connected: true"}
{"timestamp":"2026-08-04T16:52:21.1782571-03:00","level":"INFO","instance_id":"c8cdef81-4371-4930-9db2-fa5421175f42","message":"[c8cdef81-4371-4930-9db2-fa5421175f42] Number +556298612492@s.whatsapp.net verified as valid WhatsApp user, using remoteJID: 556298612492@s.whatsapp.net"}
{"timestamp":"2026-08-04T16:52:21.1782571-03:00","level":"INFO","instance_id":"c8cdef81-4371-4930-9db2-fa5421175f42","message":"[c8cdef81-4371-4930-9db2-fa5421175f42] Recipient validated: 556298612492@s.whatsapp.net (Server: s.whatsapp.net)"}
{"timestamp":"2026-08-04T16:52:21.1782571-03:00","level":"INFO","instance_id":"c8cdef81-4371-4930-9db2-fa5421175f42","message":"[c8cdef81-4371-4930-9db2-fa5421175f42] Sending message to 556298612492@s.whatsapp.net with ID 3EB08618515FCED3F68EE1"}
{"timestamp":"2026-08-04T16:52:32.2992535-03:00","level":"INFO","instance_id":"c8cdef81-4371-4930-9db2-fa5421175f42","message":"[c8cdef81-4371-4930-9db2-fa5421175f42] Message sent successfully! ServerID: 0"}
{"timestamp":"2026-08-04T16:52:32.2992535-03:00","level":"INFO","instance_id":"c8cdef81-4371-4930-9db2-fa5421175f42","message":"[c8cdef81-4371-4930-9db2-fa5421175f42] Message sent to +556298612492@s.whatsapp.net"}
{"timestamp":"2026-08-04T16:52:32.2992535-03:00","level":"INFO","instance_id":"c8cdef81-4371-4930-9db2-fa5421175f42","message":"[c8cdef81-4371-4930-9db2-fa5421175f42] SendText successful on attempt 1"}
{"timestamp":"2026-08-04T16:52:32.2992535-03:00","level":"INFO","instance_id":"c8cdef81-4371-4930-9db2-fa5421175f42","message":"[c8cdef81-4371-4930-9db2-fa5421175f42] subscriptions [MESSAGE] eventType SendMessage"}
{"timestamp":"2026-08-04T16:52:32.6096853-03:00","level":"INFO","instance_id":"c8cdef81-4371-4930-9db2-fa5421175f42","message":"[c8cdef81-4371-4930-9db2-fa5421175f42] Receipt received with ID: 3EB08618515FCED3F68EE1 from 15509143740569:5@lid in 66155398054068@lid with type sender"}
{"timestamp":"2026-08-04T16:52:32.9466002-03:00","level":"INFO","instance_id":"c8cdef81-4371-4930-9db2-fa5421175f42","message":"[c8cdef81-4371-4930-9db2-fa5421175f42] Receipt received with ID: 3EB08618515FCED3F68EE1 from 15509143740569:99@lid in 66155398054068@lid with type "}
{"timestamp":"2026-08-04T16:52:32.9466002-03:00","level":"INFO","instance_id":"c8cdef81-4371-4930-9db2-fa5421175f42","message":"[c8cdef81-4371-4930-9db2-fa5421175f42] Message delivered to 15509143740569:99@lid in 66155398054068@lid"}
{"timestamp":"2026-08-04T16:52:32.9466002-03:00","level":"INFO","instance_id":"c8cdef81-4371-4930-9db2-fa5421175f42","message":"[c8cdef81-4371-4930-9db2-fa5421175f42] ===== DISPATCHING WEBHOOK ===== Event: Receipt, Queue: c8cdef81-4371-4930-9db2-fa5421175f42.receipt, DataSize: 502 bytes"}
{"timestamp":"2026-08-04T16:52:32.9466002-03:00","level":"INFO","instance_id":"c8cdef81-4371-4930-9db2-fa5421175f42","message":"[c8cdef81-4371-4930-9db2-fa5421175f42] subscriptions [MESSAGE] eventType Receipt"}
{"timestamp":"2026-08-04T16:52:32.9686808-03:00","level":"INFO","instance_id":"c8cdef81-4371-4930-9db2-fa5421175f42","message":"[c8cdef81-4371-4930-9db2-fa5421175f42] Receipt received with ID: 3EB08618515FCED3F68EE1 from 66155398054068:99@lid in 66155398054068@lid with type "}
{"timestamp":"2026-08-04T16:52:32.9686808-03:00","level":"INFO","instance_id":"c8cdef81-4371-4930-9db2-fa5421175f42","message":"[c8cdef81-4371-4930-9db2-fa5421175f42] Message duplicated ignored: 3EB08618515FCED3F68EE1"}
{"timestamp":"2026-08-04T16:52:34.0909963-03:00","level":"INFO","instance_id":"c8cdef81-4371-4930-9db2-fa5421175f42","message":"[c8cdef81-4371-4930-9db2-fa5421175f42] Receipt received with ID: 3EB08618515FCED3F68EE1 from 66155398054068@lid with type "}
{"timestamp":"2026-08-04T16:52:34.0909963-03:00","level":"INFO","instance_id":"c8cdef81-4371-4930-9db2-fa5421175f42","message":"[c8cdef81-4371-4930-9db2-fa5421175f42] Message duplicated ignored: 3EB08618515FCED3F68EE1"}
{"timestamp":"2026-08-04T16:54:15.657713-03:00","level":"INFO","instance_id":"c8cdef81-4371-4930-9db2-fa5421175f42","message":"[c8cdef81-4371-4930-9db2-fa5421175f42] Checking client connection status - Client exists: true"}
{"timestamp":"2026-08-04T16:54:15.657713-03:00","level":"INFO","instance_id":"c8cdef81-4371-4930-9db2-fa5421175f42","message":"[c8cdef81-4371-4930-9db2-fa5421175f42] Client successfully validated - Connected: true"}
{"timestamp":"2026-08-04T16:54:15.8245243-03:00","level":"INFO","instance_id":"c8cdef81-4371-4930-9db2-fa5421175f42","message":"[c8cdef81-4371-4930-9db2-fa5421175f42] Checking client connection status - Client exists: true"}
{"timestamp":"2026-08-04T16:54:15.8245243-03:00","level":"INFO","instance_id":"c8cdef81-4371-4930-9db2-fa5421175f42","message":"[c8cdef81-4371-4930-9db2-fa5421175f42] Client successfully validated - Connected: true"}
{"timestamp":"2026-08-04T16:54:17.3042375-03:00","level":"INFO","instance_id":"c8cdef81-4371-4930-9db2-fa5421175f42","message":"[c8cdef81-4371-4930-9db2-fa5421175f42] Checking client connection status - Client exists: true"}
{"timestamp":"2026-08-04T16:54:17.3042375-03:00","level":"INFO","instance_id":"c8cdef81-4371-4930-9db2-fa5421175f42","message":"[c8cdef81-4371-4930-9db2-fa5421175f42] Client successfully validated - Connected: true"}
{"timestamp":"2026-08-04T16:55:15.9595281-03:00","level":"INFO","instance_id":"c8cdef81-4371-4930-9db2-fa5421175f42","message":"[c8cdef81-4371-4930-9db2-fa5421175f42] Checking client connection status - Client exists: true"}
{"timestamp":"2026-08-04T16:55:15.9595281-03:00","level":"INFO","instance_id":"c8cdef81-4371-4930-9db2-fa5421175f42","message":"[c8cdef81-4371-4930-9db2-fa5421175f42] Client successfully validated - Connected: true"}
{"timestamp":"2026-08-04T16:55:16.1265577-03:00","level":"INFO","instance_id":"c8cdef81-4371-4930-9db2-fa5421175f42","message":"[c8cdef81-4371-4930-9db2-fa5421175f42] Checking client connection status - Client exists: true"}
{"timestamp":"2026-08-04T16:55:16.1270699-03:00","level":"INFO","instance_id":"c8cdef81-4371-4930-9db2-fa5421175f42","message":"[c8cdef81-4371-4930-9db2-fa5421175f42] Client successfully validated - Connected: true"}
{"timestamp":"2026-08-04T16:55:17.4402205-03:00","level":"INFO","instance_id":"c8cdef81-4371-4930-9db2-fa5421175f42","message":"[c8cdef81-4371-4930-9db2-fa5421175f42] Checking client connection status - Client exists: true"}
{"timestamp":"2026-08-04T16:55:17.4402205-03:00","level":"INFO","instance_id":"c8cdef81-4371-4930-9db2-fa5421175f42","message":"[c8cdef81-4371-4930-9db2-fa5421175f42] Client successfully validated - Connected: true"}
{"timestamp":"2026-08-04T16:55:19.0827367-03:00","level":"INFO","instance_id":"c8cdef81-4371-4930-9db2-fa5421175f42","message":"[c8cdef81-4371-4930-9db2-fa5421175f42] Checking client connection status - Client exists: true"}
{"timestamp":"2026-08-04T16:55:19.0827367-03:00","level":"INFO","instance_id":"c8cdef81-4371-4930-9db2-fa5421175f42","message":"[c8cdef81-4371-4930-9db2-fa5421175f42] Client successfully validated - Connected: true"}
{"timestamp":"2026-08-04T16:55:21.1964755-03:00","level":"INFO","instance_id":"c8cdef81-4371-4930-9db2-fa5421175f42","message":"[c8cdef81-4371-4930-9db2-fa5421175f42] Checking client connection status - Client exists: true"}
{"timestamp":"2026-08-04T16:55:21.1964755-03:00","level":"INFO","instance_id":"c8cdef81-4371-4930-9db2-fa5421175f42","message":"[c8cdef81-4371-4930-9db2-fa5421175f42] Client successfully validated - Connected: true"}
{"timestamp":"2026-08-04T16:57:06.775877-03:00","level":"INFO","instance_id":"c8cdef81-4371-4930-9db2-fa5421175f42","message":"[c8cdef81-4371-4930-9db2-fa5421175f42] Getting advanced settings"}
{"timestamp":"2026-08-04T16:57:07.5603719-03:00","level":"INFO","instance_id":"c8cdef81-4371-4930-9db2-fa5421175f42","message":"[c8cdef81-4371-4930-9db2-fa5421175f42] Getting advanced settings"}
{"timestamp":"2026-08-04T16:57:36.826977-03:00","level":"INFO","instance_id":"c8cdef81-4371-4930-9db2-fa5421175f42","message":"[c8cdef81-4371-4930-9db2-fa5421175f42] Receipt received with ID: 3EB0134DDD5247A499CD89 from 15509143740569:5@lid in 120363426278941464@g.us with type read"}
{"timestamp":"2026-08-04T16:57:36.826977-03:00","level":"INFO","instance_id":"c8cdef81-4371-4930-9db2-fa5421175f42","message":"[c8cdef81-4371-4930-9db2-fa5421175f42] Message was read by 15509143740569:5@lid in 120363426278941464@g.us"}
{"timestamp":"2026-08-04T16:57:36.826977-03:00","level":"INFO","instance_id":"c8cdef81-4371-4930-9db2-fa5421175f42","message":"[c8cdef81-4371-4930-9db2-fa5421175f42] ===== DISPATCHING WEBHOOK ===== Event: Receipt, Queue: c8cdef81-4371-4930-9db2-fa5421175f42.receipt, DataSize: 505 bytes"}
{"timestamp":"2026-08-04T16:57:36.8279843-03:00","level":"INFO","instance_id":"c8cdef81-4371-4930-9db2-fa5421175f42","message":"[c8cdef81-4371-4930-9db2-fa5421175f42] subscriptions [MESSAGE] eventType Receipt"}
{"timestamp":"2026-08-04T16:57:38.64265-03:00","level":"INFO","instance_id":"c8cdef81-4371-4930-9db2-fa5421175f42","message":"[c8cdef81-4371-4930-9db2-fa5421175f42] Receipt received with ID: 3EB08618515FCED3F68EE1 from 15509143740569@lid in 66155398054068@lid with type sender"}
{"timestamp":"2026-08-04T16:57:38.870936-03:00","level":"INFO","instance_id":"c8cdef81-4371-4930-9db2-fa5421175f42","message":"[c8cdef81-4371-4930-9db2-fa5421175f42] Receipt received with ID: 3EB05BED3801F43069A91E from 15509143740569@lid in 149581480382570@lid with type sender"}
{"timestamp":"2026-08-04T16:57:40.3965225-03:00","level":"INFO","instance_id":"c8cdef81-4371-4930-9db2-fa5421175f42","message":"[c8cdef81-4371-4930-9db2-fa5421175f42] Receipt received with ID: A5A4E92EB1A34B76E99C9707E6B2A686 from 15509143740569:5@lid in 120363393498777562@g.us with type read"}
{"timestamp":"2026-08-04T16:57:40.3965225-03:00","level":"INFO","instance_id":"c8cdef81-4371-4930-9db2-fa5421175f42","message":"[c8cdef81-4371-4930-9db2-fa5421175f42] Message was read by 15509143740569:5@lid in 120363393498777562@g.us"}
{"timestamp":"2026-08-04T16:57:40.3965225-03:00","level":"INFO","instance_id":"c8cdef81-4371-4930-9db2-fa5421175f42","message":"[c8cdef81-4371-4930-9db2-fa5421175f42] ===== DISPATCHING WEBHOOK ===== Event: Receipt, Queue: c8cdef81-4371-4930-9db2-fa5421175f42.receipt, DataSize: 515 bytes"}
{"timestamp":"2026-08-04T16:57:40.3965225-03:00","level":"INFO","instance_id":"c8cdef81-4371-4930-9db2-fa5421175f42","message":"[c8cdef81-4371-4930-9db2-fa5421175f42] subscriptions [MESSAGE] eventType Receipt"}
{"timestamp":"2026-08-04T16:57:40.3988995-03:00","level":"INFO","instance_id":"c8cdef81-4371-4930-9db2-fa5421175f42","message":"[c8cdef81-4371-4930-9db2-fa5421175f42] Receipt received with ID: ACD9EF48BD4BD62A3DFBFCE97BD51536 from 15509143740569:5@lid in 120363393498777562@g.us with type read"}
{"timestamp":"2026-08-04T16:57:40.3988995-03:00","level":"INFO","instance_id":"c8cdef81-4371-4930-9db2-fa5421175f42","message":"[c8cdef81-4371-4930-9db2-fa5421175f42] Message was read by 15509143740569:5@lid in 120363393498777562@g.us"}
{"timestamp":"2026-08-04T16:57:40.3988995-03:00","level":"INFO","instance_id":"c8cdef81-4371-4930-9db2-fa5421175f42","message":"[c8cdef81-4371-4930-9db2-fa5421175f42] ===== DISPATCHING WEBHOOK ===== Event: Receipt, Queue: c8cdef81-4371-4930-9db2-fa5421175f42.receipt, DataSize: 514 bytes"}
{"timestamp":"2026-08-04T16:57:40.3988995-03:00","level":"INFO","instance_id":"c8cdef81-4371-4930-9db2-fa5421175f42","message":"[c8cdef81-4371-4930-9db2-fa5421175f42] subscriptions [MESSAGE] eventType Receipt"}
{"timestamp":"2026-08-04T16:57:40.4034149-03:00","level":"INFO","instance_id":"c8cdef81-4371-4930-9db2-fa5421175f42","message":"[c8cdef81-4371-4930-9db2-fa5421175f42] Receipt received with ID: 3EB0509371DC70C42447CC from 15509143740569:5@lid in 120363393498777562@g.us with type read-self"}
{"timestamp":"2026-08-04T16:57:40.4034149-03:00","level":"INFO","instance_id":"c8cdef81-4371-4930-9db2-fa5421175f42","message":"[c8cdef81-4371-4930-9db2-fa5421175f42] Message was read by 15509143740569:5@lid in 120363393498777562@g.us"}
{"timestamp":"2026-08-04T16:57:40.4034149-03:00","level":"INFO","instance_id":"c8cdef81-4371-4930-9db2-fa5421175f42","message":"[c8cdef81-4371-4930-9db2-fa5421175f42] ===== DISPATCHING WEBHOOK ===== Event: Receipt, Queue: c8cdef81-4371-4930-9db2-fa5421175f42.receipt, DataSize: 514 bytes"}
{"timestamp":"2026-08-04T16:57:40.4034149-03:00","level":"INFO","instance_id":"c8cdef81-4371-4930-9db2-fa5421175f42","message":"[c8cdef81-4371-4930-9db2-fa5421175f42] subscriptions [MESSAGE] eventType Receipt"}
{"timestamp":"2026-08-04T16:57:47.5438507-03:00","level":"INFO","instance_id":"c8cdef81-4371-4930-9db2-fa5421175f42","message":"[c8cdef81-4371-4930-9db2-fa5421175f42] Receipt received with ID: 3EB0D97FDDCC652AC7FCE4 from 15509143740569:5@lid in 120363303726390049@g.us with type read"}
{"timestamp":"2026-08-04T16:57:47.5448236-03:00","level":"INFO","instance_id":"c8cdef81-4371-4930-9db2-fa5421175f42","message":"[c8cdef81-4371-4930-9db2-fa5421175f42] Message was read by 15509143740569:5@lid in 120363303726390049@g.us"}
{"timestamp":"2026-08-04T16:57:47.5451495-03:00","level":"INFO","instance_id":"c8cdef81-4371-4930-9db2-fa5421175f42","message":"[c8cdef81-4371-4930-9db2-fa5421175f42] ===== DISPATCHING WEBHOOK ===== Event: Receipt, Queue: c8cdef81-4371-4930-9db2-fa5421175f42.receipt, DataSize: 1029 bytes"}
{"timestamp":"2026-08-04T16:57:47.5456556-03:00","level":"INFO","instance_id":"c8cdef81-4371-4930-9db2-fa5421175f42","message":"[c8cdef81-4371-4930-9db2-fa5421175f42] Receipt received with ID: AC364C2C04D562B62DFA0DFF0B049960 from 15509143740569:5@lid in 120363303726390049@g.us with type read-self"}
{"timestamp":"2026-08-04T16:57:47.5456556-03:00","level":"INFO","instance_id":"c8cdef81-4371-4930-9db2-fa5421175f42","message":"[c8cdef81-4371-4930-9db2-fa5421175f42] subscriptions [MESSAGE] eventType Receipt"}
{"timestamp":"2026-08-04T16:57:47.5456556-03:00","level":"INFO","instance_id":"c8cdef81-4371-4930-9db2-fa5421175f42","message":"[c8cdef81-4371-4930-9db2-fa5421175f42] Message was read by 15509143740569:5@lid in 120363303726390049@g.us"}
{"timestamp":"2026-08-04T16:57:47.546192-03:00","level":"INFO","instance_id":"c8cdef81-4371-4930-9db2-fa5421175f42","message":"[c8cdef81-4371-4930-9db2-fa5421175f42] ===== DISPATCHING WEBHOOK ===== Event: Receipt, Queue: c8cdef81-4371-4930-9db2-fa5421175f42.receipt, DataSize: 524 bytes"}
{"timestamp":"2026-08-04T16:57:47.546192-03:00","level":"INFO","instance_id":"c8cdef81-4371-4930-9db2-fa5421175f42","message":"[c8cdef81-4371-4930-9db2-fa5421175f42] subscriptions [MESSAGE] eventType Receipt"}
{"timestamp":"2026-08-04T16:57:49.4689907-03:00","level":"INFO","instance_id":"c8cdef81-4371-4930-9db2-fa5421175f42","message":"[c8cdef81-4371-4930-9db2-fa5421175f42] Receipt received with ID: AC5D78789925AA5633239129AB58469B from 15509143740569:5@lid in 120363021689719531@g.us with type read"}
{"timestamp":"2026-08-04T16:57:49.4719908-03:00","level":"INFO","instance_id":"c8cdef81-4371-4930-9db2-fa5421175f42","message":"[c8cdef81-4371-4930-9db2-fa5421175f42] Message was read by 15509143740569:5@lid in 120363021689719531@g.us"}
{"timestamp":"2026-08-04T16:57:49.4760354-03:00","level":"INFO","instance_id":"c8cdef81-4371-4930-9db2-fa5421175f42","message":"[c8cdef81-4371-4930-9db2-fa5421175f42] ===== DISPATCHING WEBHOOK ===== Event: Receipt, Queue: c8cdef81-4371-4930-9db2-fa5421175f42.receipt, DataSize: 619 bytes"}
{"timestamp":"2026-08-04T16:57:49.4789513-03:00","level":"INFO","instance_id":"c8cdef81-4371-4930-9db2-fa5421175f42","message":"[c8cdef81-4371-4930-9db2-fa5421175f42] Receipt received with ID: 3EB01BD0C6B20B26A53C30 from 15509143740569:5@lid in 120363021689719531@g.us with type read"}
{"timestamp":"2026-08-04T16:57:49.4826711-03:00","level":"INFO","instance_id":"c8cdef81-4371-4930-9db2-fa5421175f42","message":"[c8cdef81-4371-4930-9db2-fa5421175f42] subscriptions [MESSAGE] eventType Receipt"}
{"timestamp":"2026-08-04T16:57:49.4954826-03:00","level":"INFO","instance_id":"c8cdef81-4371-4930-9db2-fa5421175f42","message":"[c8cdef81-4371-4930-9db2-fa5421175f42] Message was read by 15509143740569:5@lid in 120363021689719531@g.us"}
{"timestamp":"2026-08-04T16:57:49.4964857-03:00","level":"INFO","instance_id":"c8cdef81-4371-4930-9db2-fa5421175f42","message":"[c8cdef81-4371-4930-9db2-fa5421175f42] ===== DISPATCHING WEBHOOK ===== Event: Receipt, Queue: c8cdef81-4371-4930-9db2-fa5421175f42.receipt, DataSize: 855 bytes"}
{"timestamp":"2026-08-04T16:57:49.4971985-03:00","level":"INFO","instance_id":"c8cdef81-4371-4930-9db2-fa5421175f42","message":"[c8cdef81-4371-4930-9db2-fa5421175f42] Receipt received with ID: 3EB0F336239757E0C733A8 from 15509143740569:5@lid in 120363021689719531@g.us with type read"}
{"timestamp":"2026-08-04T16:57:49.4971985-03:00","level":"INFO","instance_id":"c8cdef81-4371-4930-9db2-fa5421175f42","message":"[c8cdef81-4371-4930-9db2-fa5421175f42] Message was read by 15509143740569:5@lid in 120363021689719531@g.us"}
{"timestamp":"2026-08-04T16:57:49.4971985-03:00","level":"INFO","instance_id":"c8cdef81-4371-4930-9db2-fa5421175f42","message":"[c8cdef81-4371-4930-9db2-fa5421175f42] ===== DISPATCHING WEBHOOK ===== Event: Receipt, Queue: c8cdef81-4371-4930-9db2-fa5421175f42.receipt, DataSize: 764 bytes"}
{"timestamp":"2026-08-04T16:57:49.4971985-03:00","level":"INFO","instance_id":"c8cdef81-4371-4930-9db2-fa5421175f42","message":"[c8cdef81-4371-4930-9db2-fa5421175f42] Receipt received with ID: 3EB04CD9F1B4DF9817EA from 15509143740569:5@lid in 120363021689719531@g.us with type read"}
{"timestamp":"2026-08-04T16:57:49.4971985-03:00","level":"INFO","instance_id":"c8cdef81-4371-4930-9db2-fa5421175f42","message":"[c8cdef81-4371-4930-9db2-fa5421175f42] Message was read by 15509143740569:5@lid in 120363021689719531@g.us"}
{"timestamp":"2026-08-04T16:57:49.4971985-03:00","level":"INFO","instance_id":"c8cdef81-4371-4930-9db2-fa5421175f42","message":"[c8cdef81-4371-4930-9db2-fa5421175f42] ===== DISPATCHING WEBHOOK ===== Event: Receipt, Queue: c8cdef81-4371-4930-9db2-fa5421175f42.receipt, DataSize: 503 bytes"}
{"timestamp":"2026-08-04T16:57:49.4977543-03:00","level":"INFO","instance_id":"c8cdef81-4371-4930-9db2-fa5421175f42","message":"[c8cdef81-4371-4930-9db2-fa5421175f42] subscriptions [MESSAGE] eventType Receipt"}
{"timestamp":"2026-08-04T16:57:49.4977543-03:00","level":"INFO","instance_id":"c8cdef81-4371-4930-9db2-fa5421175f42","message":"[c8cdef81-4371-4930-9db2-fa5421175f42] subscriptions [MESSAGE] eventType Receipt"}
{"timestamp":"2026-08-04T16:57:49.4982686-03:00","level":"INFO","instance_id":"c8cdef81-4371-4930-9db2-fa5421175f42","message":"[c8cdef81-4371-4930-9db2-fa5421175f42] subscriptions [MESSAGE] eventType Receipt"}
{"timestamp":"2026-08-04T16:58:01.2385315-03:00","level":"INFO","instance_id":"c8cdef81-4371-4930-9db2-fa5421175f42","message":"[c8cdef81-4371-4930-9db2-fa5421175f42] ===== MESSAGE RECEIVED ===== ID: A50ED618E61E15AA04BD3BA90B3A14B5, From: 120363286721722727@newsletter, Type: media, Size: 102049 bytes"}
{"timestamp":"2026-08-04T16:58:01.2385315-03:00","level":"INFO","instance_id":"c8cdef81-4371-4930-9db2-fa5421175f42","message":"[c8cdef81-4371-4930-9db2-fa5421175f42] Processing media message - ID: A50ED618E61E15AA04BD3BA90B3A14B5"}
{"timestamp":"2026-08-04T16:58:01.2391122-03:00","level":"INFO","instance_id":"c8cdef81-4371-4930-9db2-fa5421175f42","message":"[c8cdef81-4371-4930-9db2-fa5421175f42] Downloading image - ID: A50ED618E61E15AA04BD3BA90B3A14B5"}
{"timestamp":"2026-08-04T16:58:02.3773766-03:00","level":"INFO","instance_id":"c8cdef81-4371-4930-9db2-fa5421175f42","message":"[c8cdef81-4371-4930-9db2-fa5421175f42] Media download successful - ID: A50ED618E61E15AA04BD3BA90B3A14B5, Expected: 102049 bytes, Actual: 102049 bytes, Duration: 1.1382644s"}
{"timestamp":"2026-08-04T16:58:02.3778799-03:00","level":"INFO","instance_id":"c8cdef81-4371-4930-9db2-fa5421175f42","message":"[c8cdef81-4371-4930-9db2-fa5421175f42] Encoding to base64 - ID: A50ED618E61E15AA04BD3BA90B3A14B5, Size: 102049 bytes"}
{"timestamp":"2026-08-04T16:58:02.3778799-03:00","level":"INFO","instance_id":"c8cdef81-4371-4930-9db2-fa5421175f42","message":"[c8cdef81-4371-4930-9db2-fa5421175f42] Base64 encoding completed - ID: A50ED618E61E15AA04BD3BA90B3A14B5, Original: 102049 bytes, Encoded: 136068 chars, Duration: 0s"}
{"timestamp":"2026-08-04T16:58:02.3778799-03:00","level":"INFO","instance_id":"c8cdef81-4371-4930-9db2-fa5421175f42","message":"[c8cdef81-4371-4930-9db2-fa5421175f42] ===== MESSAGE PROCESSING COMPLETED ===== ID: A50ED618E61E15AA04BD3BA90B3A14B5, From: 120363286721722727@newsletter, Type: media, Webhook: true"}
{"timestamp":"2026-08-04T16:58:02.3784458-03:00","level":"INFO","instance_id":"c8cdef81-4371-4930-9db2-fa5421175f42","message":"[c8cdef81-4371-4930-9db2-fa5421175f42] ===== DISPATCHING WEBHOOK ===== Event: Message, Queue: c8cdef81-4371-4930-9db2-fa5421175f42.message, DataSize: 139148 bytes"}
{"timestamp":"2026-08-04T16:58:02.3789627-03:00","level":"INFO","instance_id":"c8cdef81-4371-4930-9db2-fa5421175f42","message":"[c8cdef81-4371-4930-9db2-fa5421175f42] subscriptions [MESSAGE] eventType Message"}
{"timestamp":"2026-08-04T16:58:02.3789627-03:00","level":"INFO","instance_id":"c8cdef81-4371-4930-9db2-fa5421175f42","message":"[c8cdef81-4371-4930-9db2-fa5421175f42] Event received of type Message"}
{"timestamp":"2026-08-04T16:58:02.7774655-03:00","level":"INFO","instance_id":"c8cdef81-4371-4930-9db2-fa5421175f42","message":"[c8cdef81-4371-4930-9db2-fa5421175f42] Receipt received with ID: 3EB0277DC69393E6ED25C1 from 15509143740569:5@lid in 54254547017803@lid with type read"}
{"timestamp":"2026-08-04T16:58:02.7774655-03:00","level":"INFO","instance_id":"c8cdef81-4371-4930-9db2-fa5421175f42","message":"[c8cdef81-4371-4930-9db2-fa5421175f42] Message was read by 15509143740569:5@lid in 54254547017803@lid"}
{"timestamp":"2026-08-04T16:58:02.7774655-03:00","level":"INFO","instance_id":"c8cdef81-4371-4930-9db2-fa5421175f42","message":"[c8cdef81-4371-4930-9db2-fa5421175f42] ===== DISPATCHING WEBHOOK ===== Event: Receipt, Queue: c8cdef81-4371-4930-9db2-fa5421175f42.receipt, DataSize: 500 bytes"}
{"timestamp":"2026-08-04T16:58:02.7780896-03:00","level":"INFO","instance_id":"c8cdef81-4371-4930-9db2-fa5421175f42","message":"[c8cdef81-4371-4930-9db2-fa5421175f42] subscriptions [MESSAGE] eventType Receipt"}
{"timestamp":"2026-08-04T16:58:03.2515737-03:00","level":"WARN","instance_id":"c8cdef81-4371-4930-9db2-fa5421175f42","message":"[c8cdef81-4371-4930-9db2-fa5421175f42] ===== WEBHOOK SKIPPED ===== doWebhook=false"}
{"timestamp":"2026-08-04T16:58:06.5199717-03:00","level":"INFO","instance_id":"c8cdef81-4371-4930-9db2-fa5421175f42","message":"[c8cdef81-4371-4930-9db2-fa5421175f42] App state event received timestamp:1785873452143  pinAction:{pinned:false}"}
{"timestamp":"2026-08-04T16:58:06.5206795-03:00","level":"WARN","instance_id":"c8cdef81-4371-4930-9db2-fa5421175f42","message":"[c8cdef81-4371-4930-9db2-fa5421175f42] ===== WEBHOOK SKIPPED ===== doWebhook=false"}
{"timestamp":"2026-08-04T16:58:06.5206795-03:00","level":"WARN","instance_id":"c8cdef81-4371-4930-9db2-fa5421175f42","message":"[c8cdef81-4371-4930-9db2-fa5421175f42] Unhandled event *events.Pin: \u0026{JID:149581480382570@lid Timestamp:2026-08-04 16:57:32.143 -0300 -03 Action:pinned:false FromFullSync:false}"}
{"timestamp":"2026-08-04T16:58:06.5206795-03:00","level":"INFO","instance_id":"c8cdef81-4371-4930-9db2-fa5421175f42","message":"[c8cdef81-4371-4930-9db2-fa5421175f42] App state event received timestamp:1785036264196  deviceCapabilities:{chatLockSupportLevel:FULL  aiThread:{supportLevel:NONE}}"}
{"timestamp":"2026-08-04T16:58:06.5206795-03:00","level":"WARN","instance_id":"c8cdef81-4371-4930-9db2-fa5421175f42","message":"[c8cdef81-4371-4930-9db2-fa5421175f42] ===== WEBHOOK SKIPPED ===== doWebhook=false"}
{"timestamp":"2026-08-04T16:58:09.0731257-03:00","level":"INFO","instance_id":"c8cdef81-4371-4930-9db2-fa5421175f42","message":"[c8cdef81-4371-4930-9db2-fa5421175f42] Receipt received with ID: 3EB0C739AF941D3A75DEBB from 15509143740569:5@lid in 120363426117490618@g.us with type read"}
{"timestamp":"2026-08-04T16:58:09.0731257-03:00","level":"INFO","instance_id":"c8cdef81-4371-4930-9db2-fa5421175f42","message":"[c8cdef81-4371-4930-9db2-fa5421175f42] Message was read by 15509143740569:5@lid in 120363426117490618@g.us"}
{"timestamp":"2026-08-04T16:58:09.0736981-03:00","level":"INFO","instance_id":"c8cdef81-4371-4930-9db2-fa5421175f42","message":"[c8cdef81-4371-4930-9db2-fa5421175f42] ===== DISPATCHING WEBHOOK ===== Event: Receipt, Queue: c8cdef81-4371-4930-9db2-fa5421175f42.receipt, DataSize: 904 bytes"}
{"timestamp":"2026-08-04T16:58:09.0736981-03:00","level":"INFO","instance_id":"c8cdef81-4371-4930-9db2-fa5421175f42","message":"[c8cdef81-4371-4930-9db2-fa5421175f42] Receipt received with ID: ACDC17496AEA8C09E0334A0D2806D731 from 15509143740569:5@lid in 120363426117490618@g.us with type read"}
{"timestamp":"2026-08-04T16:58:09.0736981-03:00","level":"INFO","instance_id":"c8cdef81-4371-4930-9db2-fa5421175f42","message":"[c8cdef81-4371-4930-9db2-fa5421175f42] subscriptions [MESSAGE] eventType Receipt"}
{"timestamp":"2026-08-04T16:58:09.0736981-03:00","level":"INFO","instance_id":"c8cdef81-4371-4930-9db2-fa5421175f42","message":"[c8cdef81-4371-4930-9db2-fa5421175f42] Message was read by 15509143740569:5@lid in 120363426117490618@g.us"}
{"timestamp":"2026-08-04T16:58:09.0736981-03:00","level":"INFO","instance_id":"c8cdef81-4371-4930-9db2-fa5421175f42","message":"[c8cdef81-4371-4930-9db2-fa5421175f42] ===== DISPATCHING WEBHOOK ===== Event: Receipt, Queue: c8cdef81-4371-4930-9db2-fa5421175f42.receipt, DataSize: 1215 bytes"}
{"timestamp":"2026-08-04T16:58:09.0736981-03:00","level":"INFO","instance_id":"c8cdef81-4371-4930-9db2-fa5421175f42","message":"[c8cdef81-4371-4930-9db2-fa5421175f42] subscriptions [MESSAGE] eventType Receipt"}
{"timestamp":"2026-08-04T16:58:09.0742284-03:00","level":"INFO","instance_id":"c8cdef81-4371-4930-9db2-fa5421175f42","message":"[c8cdef81-4371-4930-9db2-fa5421175f42] Receipt received with ID: 3EB05F0B36C9D08D63678D from 15509143740569:5@lid in 120363426117490618@g.us with type read"}
{"timestamp":"2026-08-04T16:58:09.0742284-03:00","level":"INFO","instance_id":"c8cdef81-4371-4930-9db2-fa5421175f42","message":"[c8cdef81-4371-4930-9db2-fa5421175f42] Message was read by 15509143740569:5@lid in 120363426117490618@g.us"}
{"timestamp":"2026-08-04T16:58:09.0742284-03:00","level":"INFO","instance_id":"c8cdef81-4371-4930-9db2-fa5421175f42","message":"[c8cdef81-4371-4930-9db2-fa5421175f42] ===== DISPATCHING WEBHOOK ===== Event: Receipt, Queue: c8cdef81-4371-4930-9db2-fa5421175f42.receipt, DataSize: 529 bytes"}
{"timestamp":"2026-08-04T16:58:09.0742284-03:00","level":"INFO","instance_id":"c8cdef81-4371-4930-9db2-fa5421175f42","message":"[c8cdef81-4371-4930-9db2-fa5421175f42] subscriptions [MESSAGE] eventType Receipt"}
{"timestamp":"2026-08-04T16:58:09.0748406-03:00","level":"INFO","instance_id":"c8cdef81-4371-4930-9db2-fa5421175f42","message":"[c8cdef81-4371-4930-9db2-fa5421175f42] Receipt received with ID: AC5FC3EE5327A63CC8E363969B1891A7 from 15509143740569:5@lid in 120363426117490618@g.us with type read-self"}
{"timestamp":"2026-08-04T16:58:09.0748406-03:00","level":"INFO","instance_id":"c8cdef81-4371-4930-9db2-fa5421175f42","message":"[c8cdef81-4371-4930-9db2-fa5421175f42] Message was read by 15509143740569:5@lid in 120363426117490618@g.us"}
{"timestamp":"2026-08-04T16:58:09.0748406-03:00","level":"INFO","instance_id":"c8cdef81-4371-4930-9db2-fa5421175f42","message":"[c8cdef81-4371-4930-9db2-fa5421175f42] ===== DISPATCHING WEBHOOK ===== Event: Receipt, Queue: c8cdef81-4371-4930-9db2-fa5421175f42.receipt, DataSize: 523 bytes"}
{"timestamp":"2026-08-04T16:58:09.0755885-03:00","level":"INFO","instance_id":"c8cdef81-4371-4930-9db2-fa5421175f42","message":"[c8cdef81-4371-4930-9db2-fa5421175f42] subscriptions [MESSAGE] eventType Receipt"}
{"timestamp":"2026-08-04T16:58:13.68129-03:00","level":"INFO","instance_id":"c8cdef81-4371-4930-9db2-fa5421175f42","message":"[c8cdef81-4371-4930-9db2-fa5421175f42] Receipt received with ID: 3EB0D4F411C92D38A369B7 from 15509143740569:5@lid in 120363321549934026@g.us with type read"}
{"timestamp":"2026-08-04T16:58:13.68129-03:00","level":"INFO","instance_id":"c8cdef81-4371-4930-9db2-fa5421175f42","message":"[c8cdef81-4371-4930-9db2-fa5421175f42] Message was read by 15509143740569:5@lid in 120363321549934026@g.us"}
{"timestamp":"2026-08-04T16:58:13.68129-03:00","level":"INFO","instance_id":"c8cdef81-4371-4930-9db2-fa5421175f42","message":"[c8cdef81-4371-4930-9db2-fa5421175f42] ===== DISPATCHING WEBHOOK ===== Event: Receipt, Queue: c8cdef81-4371-4930-9db2-fa5421175f42.receipt, DataSize: 505 bytes"}
{"timestamp":"2026-08-04T16:58:13.68129-03:00","level":"INFO","instance_id":"c8cdef81-4371-4930-9db2-fa5421175f42","message":"[c8cdef81-4371-4930-9db2-fa5421175f42] subscriptions [MESSAGE] eventType Receipt"}
{"timestamp":"2026-08-04T16:58:13.6848494-03:00","level":"INFO","instance_id":"c8cdef81-4371-4930-9db2-fa5421175f42","message":"[c8cdef81-4371-4930-9db2-fa5421175f42] Receipt received with ID: ACD7CA19AF91CD8286787F66BC116EA7 from 15509143740569:5@lid in 120363321549934026@g.us with type read"}
{"timestamp":"2026-08-04T16:58:13.6848494-03:00","level":"INFO","instance_id":"c8cdef81-4371-4930-9db2-fa5421175f42","message":"[c8cdef81-4371-4930-9db2-fa5421175f42] Message was read by 15509143740569:5@lid in 120363321549934026@g.us"}
{"timestamp":"2026-08-04T16:58:13.6848494-03:00","level":"INFO","instance_id":"c8cdef81-4371-4930-9db2-fa5421175f42","message":"[c8cdef81-4371-4930-9db2-fa5421175f42] ===== DISPATCHING WEBHOOK ===== Event: Receipt, Queue: c8cdef81-4371-4930-9db2-fa5421175f42.receipt, DataSize: 549 bytes"}
{"timestamp":"2026-08-04T16:58:13.6848494-03:00","level":"INFO","instance_id":"c8cdef81-4371-4930-9db2-fa5421175f42","message":"[c8cdef81-4371-4930-9db2-fa5421175f42] subscriptions [MESSAGE] eventType Receipt"}
{"timestamp":"2026-08-04T16:58:15.4109119-03:00","level":"INFO","instance_id":"c8cdef81-4371-4930-9db2-fa5421175f42","message":"[c8cdef81-4371-4930-9db2-fa5421175f42] Receipt received with ID: ACDE3ABCF87A2D859CE4145C7A19E789 from 15509143740569:5@lid in 120363216548932744@g.us with type read"}
{"timestamp":"2026-08-04T16:58:15.4109119-03:00","level":"INFO","instance_id":"c8cdef81-4371-4930-9db2-fa5421175f42","message":"[c8cdef81-4371-4930-9db2-fa5421175f42] Message was read by 15509143740569:5@lid in 120363216548932744@g.us"}
{"timestamp":"2026-08-04T16:58:15.4109119-03:00","level":"INFO","instance_id":"c8cdef81-4371-4930-9db2-fa5421175f42","message":"[c8cdef81-4371-4930-9db2-fa5421175f42] ===== DISPATCHING WEBHOOK ===== Event: Receipt, Queue: c8cdef81-4371-4930-9db2-fa5421175f42.receipt, DataSize: 515 bytes"}
{"timestamp":"2026-08-04T16:58:15.4109119-03:00","level":"INFO","instance_id":"c8cdef81-4371-4930-9db2-fa5421175f42","message":"[c8cdef81-4371-4930-9db2-fa5421175f42] subscriptions [MESSAGE] eventType Receipt"}
{"timestamp":"2026-08-04T16:58:15.4123886-03:00","level":"INFO","instance_id":"c8cdef81-4371-4930-9db2-fa5421175f42","message":"[c8cdef81-4371-4930-9db2-fa5421175f42] Receipt received with ID: 3EB029CE1720668D4AA9CD from 15509143740569:5@lid in 120363216548932744@g.us with type read"}
{"timestamp":"2026-08-04T16:58:15.4123886-03:00","level":"INFO","instance_id":"c8cdef81-4371-4930-9db2-fa5421175f42","message":"[c8cdef81-4371-4930-9db2-fa5421175f42] Message was read by 15509143740569:5@lid in 120363216548932744@g.us"}
{"timestamp":"2026-08-04T16:58:15.4123886-03:00","level":"INFO","instance_id":"c8cdef81-4371-4930-9db2-fa5421175f42","message":"[c8cdef81-4371-4930-9db2-fa5421175f42] ===== DISPATCHING WEBHOOK ===== Event: Receipt, Queue: c8cdef81-4371-4930-9db2-fa5421175f42.receipt, DataSize: 589 bytes"}
{"timestamp":"2026-08-04T16:58:15.4128955-03:00","level":"INFO","instance_id":"c8cdef81-4371-4930-9db2-fa5421175f42","message":"[c8cdef81-4371-4930-9db2-fa5421175f42] subscriptions [MESSAGE] eventType Receipt"}
{"timestamp":"2026-08-04T16:58:15.4137483-03:00","level":"INFO","instance_id":"c8cdef81-4371-4930-9db2-fa5421175f42","message":"[c8cdef81-4371-4930-9db2-fa5421175f42] Receipt received with ID: AC6266E6643C774CA53D67543F96A2B1 from 15509143740569:5@lid in 120363216548932744@g.us with type read"}
{"timestamp":"2026-08-04T16:58:15.4137483-03:00","level":"INFO","instance_id":"c8cdef81-4371-4930-9db2-fa5421175f42","message":"[c8cdef81-4371-4930-9db2-fa5421175f42] Message was read by 15509143740569:5@lid in 120363216548932744@g.us"}
{"timestamp":"2026-08-04T16:58:15.4137483-03:00","level":"INFO","instance_id":"c8cdef81-4371-4930-9db2-fa5421175f42","message":"[c8cdef81-4371-4930-9db2-fa5421175f42] ===== DISPATCHING WEBHOOK ===== Event: Receipt, Queue: c8cdef81-4371-4930-9db2-fa5421175f42.receipt, DataSize: 585 bytes"}
{"timestamp":"2026-08-04T16:58:15.4137483-03:00","level":"INFO","instance_id":"c8cdef81-4371-4930-9db2-fa5421175f42","message":"[c8cdef81-4371-4930-9db2-fa5421175f42] subscriptions [MESSAGE] eventType Receipt"}
{"timestamp":"2026-08-04T16:59:23.5509667-03:00","level":"INFO","instance_id":"c8cdef81-4371-4930-9db2-fa5421175f42","message":"[c8cdef81-4371-4930-9db2-fa5421175f42] ===== MESSAGE RECEIVED ===== ID: ACB24030FF77DC38D67A73557E261E27, From: status@broadcast, Type: media, Size: 266906 bytes"}
{"timestamp":"2026-08-04T16:59:23.5515315-03:00","level":"INFO","instance_id":"c8cdef81-4371-4930-9db2-fa5421175f42","message":"[c8cdef81-4371-4930-9db2-fa5421175f42] Processing media message - ID: ACB24030FF77DC38D67A73557E261E27"}
{"timestamp":"2026-08-04T16:59:23.5515315-03:00","level":"INFO","instance_id":"c8cdef81-4371-4930-9db2-fa5421175f42","message":"[c8cdef81-4371-4930-9db2-fa5421175f42] Downloading video - ID: ACB24030FF77DC38D67A73557E261E27, Size: 266906 bytes"}
{"timestamp":"2026-08-04T16:59:23.817238-03:00","level":"INFO","instance_id":"c8cdef81-4371-4930-9db2-fa5421175f42","message":"[c8cdef81-4371-4930-9db2-fa5421175f42] Media download successful - ID: ACB24030FF77DC38D67A73557E261E27, Expected: 266906 bytes, Actual: 266906 bytes, Duration: 265.7065ms"}
{"timestamp":"2026-08-04T16:59:23.8177825-03:00","level":"INFO","instance_id":"c8cdef81-4371-4930-9db2-fa5421175f42","message":"[c8cdef81-4371-4930-9db2-fa5421175f42] Encoding to base64 - ID: ACB24030FF77DC38D67A73557E261E27, Size: 266906 bytes"}
{"timestamp":"2026-08-04T16:59:23.8177825-03:00","level":"INFO","instance_id":"c8cdef81-4371-4930-9db2-fa5421175f42","message":"[c8cdef81-4371-4930-9db2-fa5421175f42] Base64 encoding completed - ID: ACB24030FF77DC38D67A73557E261E27, Original: 266906 bytes, Encoded: 355876 chars, Duration: 0s"}
{"timestamp":"2026-08-04T16:59:23.8183349-03:00","level":"INFO","instance_id":"c8cdef81-4371-4930-9db2-fa5421175f42","message":"[c8cdef81-4371-4930-9db2-fa5421175f42] ===== MESSAGE PROCESSING COMPLETED ===== ID: ACB24030FF77DC38D67A73557E261E27, From: status@broadcast, Type: media, Webhook: true"}
{"timestamp":"2026-08-04T16:59:23.8188646-03:00","level":"INFO","instance_id":"c8cdef81-4371-4930-9db2-fa5421175f42","message":"[c8cdef81-4371-4930-9db2-fa5421175f42] ===== DISPATCHING WEBHOOK ===== Event: Message, Queue: c8cdef81-4371-4930-9db2-fa5421175f42.message, DataSize: 359577 bytes"}
{"timestamp":"2026-08-04T16:59:23.8215692-03:00","level":"INFO","instance_id":"c8cdef81-4371-4930-9db2-fa5421175f42","message":"[c8cdef81-4371-4930-9db2-fa5421175f42] subscriptions [MESSAGE] eventType Message"}
{"timestamp":"2026-08-04T16:59:23.8215692-03:00","level":"INFO","instance_id":"c8cdef81-4371-4930-9db2-fa5421175f42","message":"[c8cdef81-4371-4930-9db2-fa5421175f42] Event received of type Message"}
{"timestamp":"2026-08-04T17:00:07.5561763-03:00","level":"INFO","instance_id":"c8cdef81-4371-4930-9db2-fa5421175f42","message":"[c8cdef81-4371-4930-9db2-fa5421175f42] ===== DISPATCHING WEBHOOK ===== Event: Picture, Queue: c8cdef81-4371-4930-9db2-fa5421175f42.picture, DataSize: 278 bytes"}
{"timestamp":"2026-08-04T17:00:07.5561763-03:00","level":"INFO","instance_id":"c8cdef81-4371-4930-9db2-fa5421175f42","message":"[c8cdef81-4371-4930-9db2-fa5421175f42] subscriptions [MESSAGE] eventType Picture"}
{"timestamp":"2026-08-04T17:02:35.7693482-03:00","level":"WARN","instance_id":"c8cdef81-4371-4930-9db2-fa5421175f42","message":"[c8cdef81-4371-4930-9db2-fa5421175f42] Unhandled event *events.BusinessName: \u0026{JID:5596946378916@lid Message:0x260dad128288 OldBusinessName: NewBusinessName:Sebrae - Goiás-GO}"}
{"timestamp":"2026-08-04T17:02:36.3704742-03:00","level":"INFO","instance_id":"c8cdef81-4371-4930-9db2-fa5421175f42","message":"[c8cdef81-4371-4930-9db2-fa5421175f42] ===== MESSAGE RECEIVED ===== ID: D0129CE073A55F2F35, From: 5596946378916@lid, Type: text, Size: unknown"}
{"timestamp":"2026-08-04T17:02:36.3711588-03:00","level":"INFO","instance_id":"c8cdef81-4371-4930-9db2-fa5421175f42","message":"[c8cdef81-4371-4930-9db2-fa5421175f42] Detected LID/WhatsApp JID swap case - Sender: 5596946378916@lid, SenderAlt: 556232502424@s.whatsapp.net"}
{"timestamp":"2026-08-04T17:02:36.3711588-03:00","level":"INFO","instance_id":"c8cdef81-4371-4930-9db2-fa5421175f42","message":"[c8cdef81-4371-4930-9db2-fa5421175f42] JID swap completed - New Sender: 556232502424@s.whatsapp.net, New SenderAlt: 5596946378916@lid, New Chat: 556232502424@s.whatsapp.net"}
{"timestamp":"2026-08-04T17:02:36.3711588-03:00","level":"INFO","instance_id":"c8cdef81-4371-4930-9db2-fa5421175f42","message":"[c8cdef81-4371-4930-9db2-fa5421175f42] ===== MESSAGE PROCESSING COMPLETED ===== ID: D0129CE073A55F2F35, From: 556232502424@s.whatsapp.net, Type: text, Webhook: true"}
{"timestamp":"2026-08-04T17:02:36.3711588-03:00","level":"INFO","instance_id":"c8cdef81-4371-4930-9db2-fa5421175f42","message":"[c8cdef81-4371-4930-9db2-fa5421175f42] ===== DISPATCHING WEBHOOK ===== Event: Message, Queue: c8cdef81-4371-4930-9db2-fa5421175f42.message, DataSize: 2718 bytes"}
{"timestamp":"2026-08-04T17:02:36.3716645-03:00","level":"INFO","instance_id":"c8cdef81-4371-4930-9db2-fa5421175f42","message":"[c8cdef81-4371-4930-9db2-fa5421175f42] subscriptions [MESSAGE] eventType Message"}
{"timestamp":"2026-08-04T17:02:36.3716645-03:00","level":"INFO","instance_id":"c8cdef81-4371-4930-9db2-fa5421175f42","message":"[c8cdef81-4371-4930-9db2-fa5421175f42] Event received of type Message"}
{"timestamp":"2026-08-04T17:02:38.2750354-03:00","level":"INFO","instance_id":"c8cdef81-4371-4930-9db2-fa5421175f42","message":"[c8cdef81-4371-4930-9db2-fa5421175f42] ===== MESSAGE RECEIVED ===== ID: A5D4FF16E2C705212FC6F6C6236DDDF5, From: 5596946378916@lid, Type: text, Size: unknown"}
{"timestamp":"2026-08-04T17:02:38.2750354-03:00","level":"INFO","instance_id":"c8cdef81-4371-4930-9db2-fa5421175f42","message":"[c8cdef81-4371-4930-9db2-fa5421175f42] ===== MESSAGE PROCESSING COMPLETED ===== ID: A5D4FF16E2C705212FC6F6C6236DDDF5, From: 5596946378916@lid, Type: text, Webhook: true"}
{"timestamp":"2026-08-04T17:02:38.2750354-03:00","level":"INFO","instance_id":"c8cdef81-4371-4930-9db2-fa5421175f42","message":"[c8cdef81-4371-4930-9db2-fa5421175f42] ===== DISPATCHING WEBHOOK ===== Event: Message, Queue: c8cdef81-4371-4930-9db2-fa5421175f42.message, DataSize: 1762 bytes"}
{"timestamp":"2026-08-04T17:02:38.2750354-03:00","level":"INFO","instance_id":"c8cdef81-4371-4930-9db2-fa5421175f42","message":"[c8cdef81-4371-4930-9db2-fa5421175f42] Receipt received with ID: A5D4FF16E2C705212FC6F6C6236DDDF5 from 5596946378916@lid with type "}
{"timestamp":"2026-08-04T17:02:38.2755413-03:00","level":"INFO","instance_id":"c8cdef81-4371-4930-9db2-fa5421175f42","message":"[c8cdef81-4371-4930-9db2-fa5421175f42] subscriptions [MESSAGE] eventType Message"}
{"timestamp":"2026-08-04T17:02:38.2755413-03:00","level":"INFO","instance_id":"c8cdef81-4371-4930-9db2-fa5421175f42","message":"[c8cdef81-4371-4930-9db2-fa5421175f42] Message delivered to 5596946378916@lid"}
{"timestamp":"2026-08-04T17:02:38.2755413-03:00","level":"INFO","instance_id":"c8cdef81-4371-4930-9db2-fa5421175f42","message":"[c8cdef81-4371-4930-9db2-fa5421175f42] Event received of type Message"}
{"timestamp":"2026-08-04T17:02:38.2755413-03:00","level":"INFO","instance_id":"c8cdef81-4371-4930-9db2-fa5421175f42","message":"[c8cdef81-4371-4930-9db2-fa5421175f42] ===== DISPATCHING WEBHOOK ===== Event: Receipt, Queue: c8cdef81-4371-4930-9db2-fa5421175f42.receipt, DataSize: 490 bytes"}
{"timestamp":"2026-08-04T17:02:38.2755413-03:00","level":"INFO","instance_id":"c8cdef81-4371-4930-9db2-fa5421175f42","message":"[c8cdef81-4371-4930-9db2-fa5421175f42] Receipt received with ID: A5D4FF16E2C705212FC6F6C6236DDDF5 from 15509143740569:99@lid in 5596946378916@lid with type "}
{"timestamp":"2026-08-04T17:02:38.2755413-03:00","level":"INFO","instance_id":"c8cdef81-4371-4930-9db2-fa5421175f42","message":"[c8cdef81-4371-4930-9db2-fa5421175f42] subscriptions [MESSAGE] eventType Receipt"}
{"timestamp":"2026-08-04T17:02:38.2755413-03:00","level":"INFO","instance_id":"c8cdef81-4371-4930-9db2-fa5421175f42","message":"[c8cdef81-4371-4930-9db2-fa5421175f42] Message duplicated ignored: A5D4FF16E2C705212FC6F6C6236DDDF5"}
{"timestamp":"2026-08-04T17:02:44.9453862-03:00","level":"INFO","instance_id":"c8cdef81-4371-4930-9db2-fa5421175f42","message":"[c8cdef81-4371-4930-9db2-fa5421175f42] Checking client connection status - Client exists: true"}
{"timestamp":"2026-08-04T17:02:44.9461717-03:00","level":"INFO","instance_id":"c8cdef81-4371-4930-9db2-fa5421175f42","message":"[c8cdef81-4371-4930-9db2-fa5421175f42] Client successfully validated - Connected: true"}
{"timestamp":"2026-08-04T17:02:44.9461717-03:00","level":"INFO","instance_id":"c8cdef81-4371-4930-9db2-fa5421175f42","message":"[c8cdef81-4371-4930-9db2-fa5421175f42] SendMessage called for number: +556298612492@s.whatsapp.net, type: ButtonsMessage"}
{"timestamp":"2026-08-04T17:02:44.9461717-03:00","level":"INFO","instance_id":"c8cdef81-4371-4930-9db2-fa5421175f42","message":"[c8cdef81-4371-4930-9db2-fa5421175f42] Checking client connection status - Client exists: true"}
{"timestamp":"2026-08-04T17:02:44.9461717-03:00","level":"INFO","instance_id":"c8cdef81-4371-4930-9db2-fa5421175f42","message":"[c8cdef81-4371-4930-9db2-fa5421175f42] Client successfully validated - Connected: true"}
{"timestamp":"2026-08-04T17:02:45.3871424-03:00","level":"INFO","instance_id":"c8cdef81-4371-4930-9db2-fa5421175f42","message":"[c8cdef81-4371-4930-9db2-fa5421175f42] Number +556298612492@s.whatsapp.net verified as valid WhatsApp user, using remoteJID: 556298612492@s.whatsapp.net"}
{"timestamp":"2026-08-04T17:02:45.3871424-03:00","level":"INFO","instance_id":"c8cdef81-4371-4930-9db2-fa5421175f42","message":"[c8cdef81-4371-4930-9db2-fa5421175f42] Recipient validated: 556298612492@s.whatsapp.net (Server: s.whatsapp.net)"}
{"timestamp":"2026-08-04T17:02:45.3876469-03:00","level":"INFO","instance_id":"c8cdef81-4371-4930-9db2-fa5421175f42","message":"[c8cdef81-4371-4930-9db2-fa5421175f42] Sending message to 556298612492@s.whatsapp.net with ID 3EB0C0E6D4F17F0D4BD760"}
{"timestamp":"2026-08-04T17:02:52.5333246-03:00","level":"ERROR","instance_id":"c8cdef81-4371-4930-9db2-fa5421175f42","message":"[c8cdef81-4371-4930-9db2-fa5421175f42] Error sending message: server returned error 405"}
{"timestamp":"2026-08-04T17:02:52.5336365-03:00","level":"ERROR","instance_id":"c8cdef81-4371-4930-9db2-fa5421175f42","message":"[c8cdef81-4371-4930-9db2-fa5421175f42] Error sending button message: server returned error 405"}
{"timestamp":"2026-08-04T17:04:54.4829126-03:00","level":"INFO","instance_id":"c8cdef81-4371-4930-9db2-fa5421175f42","message":"[c8cdef81-4371-4930-9db2-fa5421175f42] Checking client connection status - Client exists: true"}
{"timestamp":"2026-08-04T17:04:54.4829126-03:00","level":"INFO","instance_id":"c8cdef81-4371-4930-9db2-fa5421175f42","message":"[c8cdef81-4371-4930-9db2-fa5421175f42] Client successfully validated - Connected: true"}
{"timestamp":"2026-08-04T17:04:54.4829126-03:00","level":"INFO","instance_id":"c8cdef81-4371-4930-9db2-fa5421175f42","message":"[c8cdef81-4371-4930-9db2-fa5421175f42] SendMessage called for number: +556298612492@s.whatsapp.net, type: ButtonsMessage"}
{"timestamp":"2026-08-04T17:04:54.4834181-03:00","level":"INFO","instance_id":"c8cdef81-4371-4930-9db2-fa5421175f42","message":"[c8cdef81-4371-4930-9db2-fa5421175f42] Checking client connection status - Client exists: true"}
{"timestamp":"2026-08-04T17:04:54.4834181-03:00","level":"INFO","instance_id":"c8cdef81-4371-4930-9db2-fa5421175f42","message":"[c8cdef81-4371-4930-9db2-fa5421175f42] Client successfully validated - Connected: true"}
{"timestamp":"2026-08-04T17:04:54.9174832-03:00","level":"INFO","instance_id":"c8cdef81-4371-4930-9db2-fa5421175f42","message":"[c8cdef81-4371-4930-9db2-fa5421175f42] Number +556298612492@s.whatsapp.net verified as valid WhatsApp user, using remoteJID: 556298612492@s.whatsapp.net"}
{"timestamp":"2026-08-04T17:04:54.9174832-03:00","level":"INFO","instance_id":"c8cdef81-4371-4930-9db2-fa5421175f42","message":"[c8cdef81-4371-4930-9db2-fa5421175f42] Recipient validated: 556298612492@s.whatsapp.net (Server: s.whatsapp.net)"}
{"timestamp":"2026-08-04T17:04:54.9174832-03:00","level":"INFO","instance_id":"c8cdef81-4371-4930-9db2-fa5421175f42","message":"[c8cdef81-4371-4930-9db2-fa5421175f42] Sending message to 556298612492@s.whatsapp.net with ID 3EB0CDEFE24DBBC4CC4DC0"}
{"timestamp":"2026-08-04T17:05:02.4288161-03:00","level":"ERROR","instance_id":"c8cdef81-4371-4930-9db2-fa5421175f42","message":"[c8cdef81-4371-4930-9db2-fa5421175f42] Error sending message: server returned error 405"}
{"timestamp":"2026-08-04T17:05:02.4294462-03:00","level":"ERROR","instance_id":"c8cdef81-4371-4930-9db2-fa5421175f42","message":"[c8cdef81-4371-4930-9db2-fa5421175f42] Error sending button message: server returned error 405"}
{"timestamp":"2026-08-04T17:07:05.7449229-03:00","level":"INFO","instance_id":"c8cdef81-4371-4930-9db2-fa5421175f42","message":"[c8cdef81-4371-4930-9db2-fa5421175f42] Receipt received with ID: D0129CE073A55F2F35 from 15509143740569:5@lid in 5596946378916@lid with type read"}
{"timestamp":"2026-08-04T17:07:05.7449229-03:00","level":"INFO","instance_id":"c8cdef81-4371-4930-9db2-fa5421175f42","message":"[c8cdef81-4371-4930-9db2-fa5421175f42] Message was read by 15509143740569:5@lid in 5596946378916@lid"}
{"timestamp":"2026-08-04T17:07:05.7449229-03:00","level":"INFO","instance_id":"c8cdef81-4371-4930-9db2-fa5421175f42","message":"[c8cdef81-4371-4930-9db2-fa5421175f42] ===== DISPATCHING WEBHOOK ===== Event: Receipt, Queue: c8cdef81-4371-4930-9db2-fa5421175f42.receipt, DataSize: 494 bytes"}
{"timestamp":"2026-08-04T17:07:05.7449229-03:00","level":"INFO","instance_id":"c8cdef81-4371-4930-9db2-fa5421175f42","message":"[c8cdef81-4371-4930-9db2-fa5421175f42] subscriptions [MESSAGE] eventType Receipt"}
{"timestamp":"2026-08-04T17:09:02.4112712-03:00","level":"INFO","instance_id":"c8cdef81-4371-4930-9db2-fa5421175f42","message":"[c8cdef81-4371-4930-9db2-fa5421175f42] ===== DISPATCHING WEBHOOK ===== Event: PushName, Queue: c8cdef81-4371-4930-9db2-fa5421175f42.pushname, DataSize: 985 bytes"}
{"timestamp":"2026-08-04T17:09:02.4112712-03:00","level":"INFO","instance_id":"c8cdef81-4371-4930-9db2-fa5421175f42","message":"[c8cdef81-4371-4930-9db2-fa5421175f42] subscriptions [MESSAGE] eventType PushName"}
{"timestamp":"2026-08-04T17:09:03.4504525-03:00","level":"INFO","instance_id":"c8cdef81-4371-4930-9db2-fa5421175f42","message":"[c8cdef81-4371-4930-9db2-fa5421175f42] ===== MESSAGE RECEIVED ===== ID: AC2D0D2FCD88E3C8309272099FEE897C, From: 154318376333543@lid, Type: media, Size: 38168 bytes"}
{"timestamp":"2026-08-04T17:09:03.4504525-03:00","level":"INFO","instance_id":"c8cdef81-4371-4930-9db2-fa5421175f42","message":"[c8cdef81-4371-4930-9db2-fa5421175f42] Detected LID/WhatsApp JID swap case - Sender: 154318376333543@lid, SenderAlt: 556481630937@s.whatsapp.net"}
{"timestamp":"2026-08-04T17:09:03.4504525-03:00","level":"INFO","instance_id":"c8cdef81-4371-4930-9db2-fa5421175f42","message":"[c8cdef81-4371-4930-9db2-fa5421175f42] JID swap completed - New Sender: 556481630937@s.whatsapp.net, New SenderAlt: 154318376333543@lid, New Chat: 556481630937@s.whatsapp.net"}
{"timestamp":"2026-08-04T17:09:03.4504525-03:00","level":"INFO","instance_id":"c8cdef81-4371-4930-9db2-fa5421175f42","message":"[c8cdef81-4371-4930-9db2-fa5421175f42] Processing media message - ID: AC2D0D2FCD88E3C8309272099FEE897C"}
{"timestamp":"2026-08-04T17:09:03.4504525-03:00","level":"INFO","instance_id":"c8cdef81-4371-4930-9db2-fa5421175f42","message":"[c8cdef81-4371-4930-9db2-fa5421175f42] Downloading audio - ID: AC2D0D2FCD88E3C8309272099FEE897C"}
{"timestamp":"2026-08-04T17:09:03.7275323-03:00","level":"INFO","instance_id":"c8cdef81-4371-4930-9db2-fa5421175f42","message":"[c8cdef81-4371-4930-9db2-fa5421175f42] Media download successful - ID: AC2D0D2FCD88E3C8309272099FEE897C, Expected: 38168 bytes, Actual: 38168 bytes, Duration: 277.0798ms"}
{"timestamp":"2026-08-04T17:09:03.7275323-03:00","level":"INFO","instance_id":"c8cdef81-4371-4930-9db2-fa5421175f42","message":"[c8cdef81-4371-4930-9db2-fa5421175f42] Encoding to base64 - ID: AC2D0D2FCD88E3C8309272099FEE897C, Size: 38168 bytes"}
{"timestamp":"2026-08-04T17:09:03.7275323-03:00","level":"INFO","instance_id":"c8cdef81-4371-4930-9db2-fa5421175f42","message":"[c8cdef81-4371-4930-9db2-fa5421175f42] Base64 encoding completed - ID: AC2D0D2FCD88E3C8309272099FEE897C, Original: 38168 bytes, Encoded: 50892 chars, Duration: 0s"}
{"timestamp":"2026-08-04T17:09:03.7275323-03:00","level":"INFO","instance_id":"c8cdef81-4371-4930-9db2-fa5421175f42","message":"[c8cdef81-4371-4930-9db2-fa5421175f42] ===== MESSAGE PROCESSING COMPLETED ===== ID: AC2D0D2FCD88E3C8309272099FEE897C, From: 556481630937@s.whatsapp.net, Type: media, Webhook: true"}
{"timestamp":"2026-08-04T17:09:03.7280379-03:00","level":"INFO","instance_id":"c8cdef81-4371-4930-9db2-fa5421175f42","message":"[c8cdef81-4371-4930-9db2-fa5421175f42] ===== DISPATCHING WEBHOOK ===== Event: Message, Queue: c8cdef81-4371-4930-9db2-fa5421175f42.message, DataSize: 53289 bytes"}
{"timestamp":"2026-08-04T17:09:03.7285649-03:00","level":"INFO","instance_id":"c8cdef81-4371-4930-9db2-fa5421175f42","message":"[c8cdef81-4371-4930-9db2-fa5421175f42] subscriptions [MESSAGE] eventType Message"}
{"timestamp":"2026-08-04T17:09:03.7285649-03:00","level":"INFO","instance_id":"c8cdef81-4371-4930-9db2-fa5421175f42","message":"[c8cdef81-4371-4930-9db2-fa5421175f42] Event received of type Message"}
{"timestamp":"2026-08-04T17:09:04.061804-03:00","level":"INFO","instance_id":"c8cdef81-4371-4930-9db2-fa5421175f42","message":"[c8cdef81-4371-4930-9db2-fa5421175f42] Receipt received with ID: AC2D0D2FCD88E3C8309272099FEE897C from 15509143740569:5@lid in 154318376333543@lid with type read"}
{"timestamp":"2026-08-04T17:09:04.061804-03:00","level":"INFO","instance_id":"c8cdef81-4371-4930-9db2-fa5421175f42","message":"[c8cdef81-4371-4930-9db2-fa5421175f42] Message was read by 15509143740569:5@lid in 154318376333543@lid"}
{"timestamp":"2026-08-04T17:09:04.061804-03:00","level":"INFO","instance_id":"c8cdef81-4371-4930-9db2-fa5421175f42","message":"[c8cdef81-4371-4930-9db2-fa5421175f42] ===== DISPATCHING WEBHOOK ===== Event: Receipt, Queue: c8cdef81-4371-4930-9db2-fa5421175f42.receipt, DataSize: 512 bytes"}
{"timestamp":"2026-08-04T17:09:04.061804-03:00","level":"INFO","instance_id":"c8cdef81-4371-4930-9db2-fa5421175f42","message":"[c8cdef81-4371-4930-9db2-fa5421175f42] subscriptions [MESSAGE] eventType Receipt"}
{"timestamp":"2026-08-04T17:09:04.5662034-03:00","level":"INFO","instance_id":"c8cdef81-4371-4930-9db2-fa5421175f42","message":"[c8cdef81-4371-4930-9db2-fa5421175f42] Receipt received with ID: AC2D0D2FCD88E3C8309272099FEE897C from 15509143740569:5@lid in 154318376333543@lid with type played"}
